Niveau,Leçon,Titre_Leçon,Position,Forme_JP,Traduction_EN,Traduction_FR,URL_EN,URL_FR,URL_JA
N5,Leçon 1,Éléments essentiels pour créer une phrase naturelle,1/12,だ,"To be, Is",Être,https://bunpro.jp/grammar_points/%E3%81%A0,https://bunpro.jp/fr/grammar_points/%E3%81%A0,https://bunpro.jp/ja/grammar_points/%E3%81%A0
N5,Leçon 1,Éléments essentiels pour créer une phrase naturelle,2/12,です,"To be, Is",Être (poli),https://bunpro.jp/grammar_points/%E3%81%A7%E3%81%99,https://bunpro.jp/fr/grammar_points/%E3%81%A7%E3%81%99,https://bunpro.jp/ja/grammar_points/%E3%81%A7%E3%81%99
N5,Leçon 1,Éléments essentiels pour créer une phrase naturelle,3/12,は,As for... (Topic marker),Quant à... (Marqueur de sujet),https://bunpro.jp/grammar_points/%E3%81%AF,https://bunpro.jp/fr/grammar_points/%E3%81%AF,https://bunpro.jp/ja/grammar_points/%E3%81%AF
N5,Leçon 1,Éléments essentiels pour créer une phrase naturelle,4/12,も,"Also, Too, Even, Neither","Aussi, Même, Non plus",https://bunpro.jp/grammar_points/%E3%82%82,https://bunpro.jp/fr/grammar_points/%E3%82%82,https://bunpro.jp/ja/grammar_points/%E3%82%82
N5,Leçon 1,Éléments essentiels pour créer une phrase naturelle,5/12,これ,This,Ceci (proche du locuteur),https://bunpro.jp/grammar_points/%E3%81%93%E3%82%8C,https://bunpro.jp/fr/grammar_points/%E3%81%93%E3%82%8C,https://bunpro.jp/ja/grammar_points/%E3%81%93%E3%82%8C
N5,Leçon 1,Éléments essentiels pour créer une phrase naturelle,6/12,それ,That,Cela (proche de l'interlocuteur),https://bunpro.jp/grammar_points/%E3%81%9D%E3%82%8C,https://bunpro.jp/fr/grammar_points/%E3%81%9D%E3%82%8C,https://bunpro.jp/ja/grammar_points/%E3%81%9D%E3%82%8C
N5,Leçon 1,Éléments essentiels pour créer une phrase naturelle,7/12,あれ,That over there,Cela là-bas,https://bunpro.jp/grammar_points/%E3%81%82%E3%82%8C,https://bunpro.jp/fr/grammar_points/%E3%81%82%E3%82%8C,https://bunpro.jp/ja/grammar_points/%E3%81%82%E3%82%8C
N5,Leçon 1,Éléments essentiels pour créer une phrase naturelle,8/12,の,Possession particle,Particule de possession,https://bunpro.jp/grammar_points/%E3%81%AE,https://bunpro.jp/fr/grammar_points/%E3%81%AE,https://bunpro.jp/ja/grammar_points/%E3%81%AE
N5,Leçon 1,Éléments essentiels pour créer une phrase naturelle,9/12,いい,Good,"Bon, Bien",https://bunpro.jp/grammar_points/%E3%81%84%E3%81%84,https://bunpro.jp/fr/grammar_points/%E3%81%84%E3%81%84,https://bunpro.jp/ja/grammar_points/%E3%81%84%E3%81%84
N5,Leçon 1,Éléments essentiels pour créer une phrase naturelle,10/12,い-Adjectives,い-Adjectives,Adjectifs en い,https://bunpro.jp/grammar_points/%E3%81%84-adjectives,https://bunpro.jp/fr/grammar_points/%E3%81%84-adjectives,https://bunpro.jp/ja/grammar_points/%E3%81%84-adjectives
N5,Leçon 1,Éléments essentiels pour créer une phrase naturelle,11/12,な-Adjectives,な-Adjectives,Adjectifs en な,https://bunpro.jp/grammar_points/%E3%81%AA-adjectives,https://bunpro.jp/fr/grammar_points/%E3%81%AA-adjectives,https://bunpro.jp/ja/grammar_points/%E3%81%AA-adjectives
N5,Leçon 1,Éléments essentiels pour créer une phrase naturelle,12/12,か,Question particle,Particule interrogative,https://bunpro.jp/grammar_points/%E3%81%8B,https://bunpro.jp/fr/grammar_points/%E3%81%8B,https://bunpro.jp/ja/grammar_points/%E3%81%8B
N5,Leçon 2,Verbes et particules de base,1/13,が,Subject marker,Particule de sujet,https://bunpro.jp/grammar_points/%E3%81%8C,https://bunpro.jp/fr/grammar_points/%E3%81%8C,https://bunpro.jp/ja/grammar_points/%E3%81%8C
N5,Leçon 2,Verbes et particules de base,2/13,よ,Emphasis particle,Particule d'emphase,https://bunpro.jp/grammar_points/%E3%82%88,https://bunpro.jp/fr/grammar_points/%E3%82%88,https://bunpro.jp/ja/grammar_points/%E3%82%88
N5,Leçon 2,Verbes et particules de base,3/13,ね,Right? (sentence-ending),N'est-ce pas ?,https://bunpro.jp/grammar_points/%E3%81%AD,https://bunpro.jp/fr/grammar_points/%E3%81%AD,https://bunpro.jp/ja/grammar_points/%E3%81%AD
N5,Leçon 2,Verbes et particules de base,4/13,る-Verbs,Ichidan verbs + ます,Verbes ichidan + ます,https://bunpro.jp/grammar_points/%E3%82%8B-Verbs,https://bunpro.jp/fr/grammar_points/%E3%82%8B-Verbs,https://bunpro.jp/ja/grammar_points/%E3%82%8B-Verbs
N5,Leçon 2,Verbes et particules de base,5/13,う-Verbs,Godan verbs + ます,Verbes godan + ます,https://bunpro.jp/grammar_points/%E3%81%86-Verbs,https://bunpro.jp/fr/grammar_points/%E3%81%86-Verbs,https://bunpro.jp/ja/grammar_points/%E3%81%86-Verbs
N5,Leçon 2,Verbes et particules de base,6/13,を,Object marker,Particule d'objet,https://bunpro.jp/grammar_points/%E3%82%92,https://bunpro.jp/fr/grammar_points/%E3%82%92,https://bunpro.jp/ja/grammar_points/%E3%82%92
N5,Leçon 2,Verbes et particules de base,7/13,ます,Polite verb endings,Terminaisons verbales polies,https://bunpro.jp/grammar_points/polite-verb-endings,https://bunpro.jp/fr/grammar_points/polite-verb-endings,https://bunpro.jp/ja/grammar_points/polite-verb-endings
N5,Leçon 2,Verbes et particules de base,8/13,る-Verb (Negative),Will not/Does not,Négation verbes en る,https://bunpro.jp/grammar_points/%E3%82%8Bverb-%E3%81%AA%E3%81%84,https://bunpro.jp/fr/grammar_points/%E3%82%8Bverb-%E3%81%AA%E3%81%84,https://bunpro.jp/ja/grammar_points/%E3%82%8Bverb-%E3%81%AA%E3%81%84
N5,Leçon 2,Verbes et particules de base,9/13,う-Verb (Negative),Will not/Does not,Négation verbes en う,https://bunpro.jp/grammar_points/%E3%81%86verb--%E3%81%AA%E3%81%84,https://bunpro.jp/fr/grammar_points/%E3%81%86verb--%E3%81%AA%E3%81%84,https://bunpro.jp/ja/grammar_points/%E3%81%86verb--%E3%81%AA%E3%81%84
N5,Leçon 2,Verbes et particules de base,10/13,と,And,Et,https://bunpro.jp/grammar_points/%E3%81%A8-and,https://bunpro.jp/fr/grammar_points/%E3%81%A8-and,https://bunpro.jp/ja/grammar_points/%E3%81%A8-and
N5,Leçon 2,Verbes et particules de base,11/13,ここ,Here,Ici,https://bunpro.jp/grammar_points/%E3%81%93%E3%81%93,https://bunpro.jp/fr/grammar_points/%E3%81%93%E3%81%93,https://bunpro.jp/ja/grammar_points/%E3%81%93%E3%81%93
N5,Leçon 2,Verbes et particules de base,12/13,そこ,There,Là,https://bunpro.jp/grammar_points/%E3%81%9D%E3%81%93,https://bunpro.jp/fr/grammar_points/%E3%81%9D%E3%81%93,https://bunpro.jp/ja/grammar_points/%E3%81%9D%E3%81%93
N5,Leçon 2,Verbes et particules de base,13/13,あそこ,Over there,Là-bas,https://bunpro.jp/grammar_points/%E3%81%82%E3%81%9D%E3%81%93,https://bunpro.jp/fr/grammar_points/%E3%81%82%E3%81%9D%E3%81%93,https://bunpro.jp/ja/grammar_points/%E3%81%82%E3%81%9D%E3%81%93
N5,Leçon 3,Particules de lieu et de temps,1/14,で,"At, In (place of action)","À, Dans (lieu d'action)",https://bunpro.jp/grammar_points/%E3%81%A7,https://bunpro.jp/fr/grammar_points/%E3%81%A7,https://bunpro.jp/ja/grammar_points/%E3%81%A7
N5,Leçon 3,Particules de lieu et de temps,2/14,に,"In, At, To, On","À, Dans, Sur, Pour",https://bunpro.jp/grammar_points/%E3%81%AB,https://bunpro.jp/fr/grammar_points/%E3%81%AB,https://bunpro.jp/ja/grammar_points/%E3%81%AB
N5,Leçon 3,Particules de lieu et de temps,3/14,か,Or,Ou,https://bunpro.jp/grammar_points/%E3%81%8B-or,https://bunpro.jp/fr/grammar_points/%E3%81%8B-or,https://bunpro.jp/ja/grammar_points/%E3%81%8B-or
N5,Leçon 3,Particules de lieu et de temps,4/14,と,With,Avec,https://bunpro.jp/grammar_points/%E3%81%A8-with,https://bunpro.jp/fr/grammar_points/%E3%81%A8-with,https://bunpro.jp/ja/grammar_points/%E3%81%A8-with
N5,Leçon 3,Particules de lieu et de temps,5/14,でしょう,"Right?, Probably",N'est-ce pas ? Probablement,https://bunpro.jp/grammar_points/%E3%81%A7%E3%81%97%E3%82%87%E3%81%86,https://bunpro.jp/fr/grammar_points/%E3%81%A7%E3%81%97%E3%82%87%E3%81%86,https://bunpro.jp/ja/grammar_points/%E3%81%A7%E3%81%97%E3%82%87%E3%81%86
N5,Leçon 3,Particules de lieu et de temps,6/14,だろう,"Right?, Probably","Probablement, Pas vrai ?",https://bunpro.jp/grammar_points/%E3%81%A0%E3%82%8D%E3%81%86,https://bunpro.jp/fr/grammar_points/%E3%81%A0%E3%82%8D%E3%81%86,https://bunpro.jp/ja/grammar_points/%E3%81%A0%E3%82%8D%E3%81%86
N5,Leçon 3,Particules de lieu et de temps,7/14,がある,There is (inanimate),Il y a (inanimé),https://bunpro.jp/grammar_points/%E3%81%8C%E3%81%82%E3%82%8B,https://bunpro.jp/fr/grammar_points/%E3%81%8C%E3%81%82%E3%82%8B,https://bunpro.jp/ja/grammar_points/%E3%81%8C%E3%81%82%E3%82%8B
N5,Leçon 3,Particules de lieu et de temps,8/14,がいる,There is (animate),Il y a (animé),https://bunpro.jp/grammar_points/%E3%81%8C%E3%81%84%E3%82%8B,https://bunpro.jp/fr/grammar_points/%E3%81%8C%E3%81%84%E3%82%8B,https://bunpro.jp/ja/grammar_points/%E3%81%8C%E3%81%84%E3%82%8B
N5,Leçon 3,Particules de lieu et de temps,9/14,この,This (noun modifier),Ce (proche du locuteur),https://bunpro.jp/grammar_points/%E3%81%93%E3%81%AE,https://bunpro.jp/fr/grammar_points/%E3%81%93%E3%81%AE,https://bunpro.jp/ja/grammar_points/%E3%81%93%E3%81%AE
N5,Leçon 3,Particules de lieu et de temps,10/14,その,That (noun modifier),Ce (proche interlocuteur),https://bunpro.jp/grammar_points/%E3%81%9D%E3%81%AE,https://bunpro.jp/fr/grammar_points/%E3%81%9D%E3%81%AE,https://bunpro.jp/ja/grammar_points/%E3%81%9D%E3%81%AE
N5,Leçon 3,Particules de lieu et de temps,11/14,あの,That over there (noun modifier),Ce (loin des deux),https://bunpro.jp/grammar_points/%E3%81%82%E3%81%AE,https://bunpro.jp/fr/grammar_points/%E3%81%82%E3%81%AE,https://bunpro.jp/ja/grammar_points/%E3%81%82%E3%81%AE
N5,Leçon 3,Particules de lieu et de temps,12/14,～んです・のです,"Explanatory, Emphasis","Explication, Insistance",https://bunpro.jp/grammar_points/-%E3%82%93%E3%81%A7%E3%81%99-%E3%81%AE%E3%81%A7%E3%81%99,https://bunpro.jp/fr/grammar_points/-%E3%82%93%E3%81%A7%E3%81%99-%E3%81%AE%E3%81%A7%E3%81%99,https://bunpro.jp/ja/grammar_points/-%E3%82%93%E3%81%A7%E3%81%99-%E3%81%AE%E3%81%A7%E3%81%99
N5,Leçon 3,Particules de lieu et de temps,13/14,の (Questions),Contextual questions,Questions contextuelles,https://bunpro.jp/grammar_points/%E3%81%AE-questions,https://bunpro.jp/fr/grammar_points/%E3%81%AE-questions,https://bunpro.jp/ja/grammar_points/%E3%81%AE-questions
N5,Leçon 3,Particules de lieu et de temps,14/14,い-Adjective (Past),"Was, Were",Était (adjectif en い),https://bunpro.jp/grammar_points/past-tense-%E3%81%84-adjectives,https://bunpro.jp/fr/grammar_points/past-tense-%E3%81%84-adjectives,https://bunpro.jp/ja/grammar_points/past-tense-%E3%81%84-adjectives
N5,Leçon 4,Noms et verbes supplémentaires,1/13,の,Nominalizer,Nominalisateur,https://bunpro.jp/grammar_points/%E3%81%AE%E3%81%AF,https://bunpro.jp/fr/grammar_points/%E3%81%AE%E3%81%AF,https://bunpro.jp/ja/grammar_points/%E3%81%AE%E3%81%AF
N5,Leçon 4,Noms et verbes supplémentaires,2/13,い-Adjective + Noun,Describing a noun,Qualifier un nom (い),https://bunpro.jp/grammar_points/%E3%81%84-adjective-noun,https://bunpro.jp/fr/grammar_points/%E3%81%84-adjective-noun,https://bunpro.jp/ja/grammar_points/%E3%81%84-adjective-noun
N5,Leçon 4,Noms et verbes supplémentaires,3/13,な-Adjective + Noun,Describing a noun,Qualifier un nom (な),https://bunpro.jp/grammar_points/%E3%81%AA-adjective-noun,https://bunpro.jp/fr/grammar_points/%E3%81%AA-adjective-noun,https://bunpro.jp/ja/grammar_points/%E3%81%AA-adjective-noun
N5,Leçon 4,Noms et verbes supplémentaires,4/13,へいく,To go to,Aller à,https://bunpro.jp/grammar_points/%E3%81%B8%E3%81%84%E3%81%8F,https://bunpro.jp/fr/grammar_points/%E3%81%B8%E3%81%84%E3%81%8F,https://bunpro.jp/ja/grammar_points/%E3%81%B8%E3%81%84%E3%81%8F
N5,Leçon 4,Noms et verbes supplémentaires,5/13,する,To do,Faire,https://bunpro.jp/grammar_points/%E3%81%99%E3%82%8B,https://bunpro.jp/fr/grammar_points/%E3%81%99%E3%82%8B,https://bunpro.jp/ja/grammar_points/%E3%81%99%E3%82%8B
N5,Leçon 4,Noms et verbes supplémentaires,6/13,くる,To come,Venir,https://bunpro.jp/grammar_points/%E3%81%8F%E3%82%8B,https://bunpro.jp/fr/grammar_points/%E3%81%8F%E3%82%8B,https://bunpro.jp/ja/grammar_points/%E3%81%8F%E3%82%8B
N5,Leçon 4,Noms et verbes supplémentaires,7/13,る-Verb (Past),Past tense (る verbs),Passé (verbes en る),https://bunpro.jp/grammar_points/%E3%82%8B-verb-past,https://bunpro.jp/fr/grammar_points/%E3%82%8B-verb-past,https://bunpro.jp/ja/grammar_points/%E3%82%8B-verb-past
N5,Leçon 4,Noms et verbes supplémentaires,8/13,う-Verb (Past),Past tense (う verbs),Passé (verbes en う),https://bunpro.jp/grammar_points/%E3%81%86-verb-past,https://bunpro.jp/fr/grammar_points/%E3%81%86-verb-past,https://bunpro.jp/ja/grammar_points/%E3%81%86-verb-past
N5,Leçon 4,Noms et verbes supplémentaires,9/13,好き,"Like, Fond of","Aimer, Apprécier",https://bunpro.jp/grammar_points/%E3%81%99%E3%81%8D,https://bunpro.jp/fr/grammar_points/%E3%81%99%E3%81%8D,https://bunpro.jp/ja/grammar_points/%E3%81%99%E3%81%8D
N5,Leçon 4,Noms et verbes supplémentaires,10/13,きらい,Dislike,"Ne pas aimer, Détester",https://bunpro.jp/grammar_points/%E3%81%8D%E3%82%89%E3%81%84,https://bunpro.jp/fr/grammar_points/%E3%81%8D%E3%82%89%E3%81%84,https://bunpro.jp/ja/grammar_points/%E3%81%8D%E3%82%89%E3%81%84
N5,Leçon 4,Noms et verbes supplémentaires,11/13,のがすき,Like doing,Aimer faire,https://bunpro.jp/grammar_points/%E3%81%AE%E3%81%8C%E3%81%99%E3%81%8D,https://bunpro.jp/fr/grammar_points/%E3%81%AE%E3%81%8C%E3%81%99%E3%81%8D,https://bunpro.jp/ja/grammar_points/%E3%81%AE%E3%81%8C%E3%81%99%E3%81%8D
N5,Leçon 4,Noms et verbes supplémentaires,12/13,がある + Noun,Noun that has Noun,Nom qui a Nom,https://bunpro.jp/grammar_points/%E3%81%8C%E3%81%82%E3%82%8B-noun,https://bunpro.jp/fr/grammar_points/%E3%81%8C%E3%81%82%E3%82%8B-noun,https://bunpro.jp/ja/grammar_points/%E3%81%8C%E3%81%82%E3%82%8B-noun
N5,Leçon 4,Noms et verbes supplémentaires,13/13,い-Adjectives くない,Not (adjective),Pas + adjectif (négation),https://bunpro.jp/grammar_points/negative-%E3%81%84-adjectives,https://bunpro.jp/fr/grammar_points/negative-%E3%81%84-adjectives,https://bunpro.jp/ja/grammar_points/negative-%E3%81%84-adjectives
N5,Leçon 5,Raisons et connexions,1/12,で,"With, By (using)","Avec, En (utilisant)",https://bunpro.jp/grammar_points/%E3%81%A7-by,https://bunpro.jp/fr/grammar_points/%E3%81%A7-by,https://bunpro.jp/ja/grammar_points/%E3%81%A7-by
N5,Leçon 5,Raisons et connexions,2/12,ので,"Because, Since","Parce que, Puisque",https://bunpro.jp/grammar_points/%E3%81%AE%E3%81%A7,https://bunpro.jp/fr/grammar_points/%E3%81%AE%E3%81%A7,https://bunpro.jp/ja/grammar_points/%E3%81%AE%E3%81%A7
N5,Leçon 5,Raisons et connexions,3/12,から,"Because, Since","Parce que, Puisque",https://bunpro.jp/grammar_points/%E3%81%8B%E3%82%89-because,https://bunpro.jp/fr/grammar_points/%E3%81%8B%E3%82%89-because,https://bunpro.jp/ja/grammar_points/%E3%81%8B%E3%82%89-because
N5,Leçon 5,Raisons et connexions,4/12,から,From,"À partir de, Depuis",https://bunpro.jp/grammar_points/%E3%81%8B%E3%82%89,https://bunpro.jp/fr/grammar_points/%E3%81%8B%E3%82%89,https://bunpro.jp/ja/grammar_points/%E3%81%8B%E3%82%89
N5,Leçon 5,Raisons et connexions,5/12,けど・だけど,"But, However","Mais, Cependant",https://bunpro.jp/grammar_points/%E3%81%91%E3%81%A9-%E3%81%A0%E3%81%91%E3%81%A9,https://bunpro.jp/fr/grammar_points/%E3%81%91%E3%81%A9-%E3%81%A0%E3%81%91%E3%81%A9,https://bunpro.jp/ja/grammar_points/%E3%81%91%E3%81%A9-%E3%81%A0%E3%81%91%E3%81%A9
N5,Leçon 5,Raisons et connexions,6/12,が,"But, However","Mais, Cependant",https://bunpro.jp/grammar_points/%E3%81%8C-but,https://bunpro.jp/fr/grammar_points/%E3%81%8C-but,https://bunpro.jp/ja/grammar_points/%E3%81%8C-but
N5,Leçon 5,Raisons et connexions,7/12,る-Verb (Negative-Past),Did not (る verbs),Passé négatif (verbes en る),https://bunpro.jp/grammar_points/%E3%82%8B-verb-neg-past,https://bunpro.jp/fr/grammar_points/%E3%82%8B-verb-neg-past,https://bunpro.jp/ja/grammar_points/%E3%82%8B-verb-neg-past
N5,Leçon 5,Raisons et connexions,8/12,う-Verb (Negative-Past),Did not (う verbs),Passé négatif (verbes en う),https://bunpro.jp/grammar_points/%E3%81%86-verb-neg-past,https://bunpro.jp/fr/grammar_points/%E3%81%86-verb-neg-past,https://bunpro.jp/ja/grammar_points/%E3%81%86-verb-neg-past
N5,Leçon 5,Raisons et connexions,9/12,Verb + て,"And, Then (linking)","Et, Puis (liaison)",https://bunpro.jp/grammar_points/verb-%E3%81%A6,https://bunpro.jp/fr/grammar_points/verb-%E3%81%A6,https://bunpro.jp/ja/grammar_points/verb-%E3%81%A6
N5,Leçon 5,Raisons et connexions,10/12,ている①,"Is, Am, Are (~ing)",En train de ~,https://bunpro.jp/grammar_points/%E3%81%A6%E3%81%84%E3%82%8B1,https://bunpro.jp/fr/grammar_points/%E3%81%A6%E3%81%84%E3%82%8B1,https://bunpro.jp/ja/grammar_points/%E3%81%A6%E3%81%84%E3%82%8B1
N5,Leçon 5,Raisons et connexions,11/12,へ,"To, Toward","Vers, À",https://bunpro.jp/grammar_points/%E3%81%B8,https://bunpro.jp/fr/grammar_points/%E3%81%B8,https://bunpro.jp/ja/grammar_points/%E3%81%B8
N5,Leçon 5,Raisons et connexions,12/12,Verb + にいく,To go in order to,Aller faire,https://bunpro.jp/grammar_points/verb-%E3%81%AB%E3%81%84%E3%81%8F,https://bunpro.jp/fr/grammar_points/verb-%E3%81%AB%E3%81%84%E3%81%8F,https://bunpro.jp/ja/grammar_points/verb-%E3%81%AB%E3%81%84%E3%81%8F
N5,Leçon 6,Questions et descriptions,1/17,誰,Who,Qui,https://bunpro.jp/grammar_points/%E3%81%A0%E3%82%8C,https://bunpro.jp/fr/grammar_points/%E3%81%A0%E3%82%8C,https://bunpro.jp/ja/grammar_points/%E3%81%A0%E3%82%8C
N5,Leçon 6,Questions et descriptions,2/17,なぜ,Why (formal),Pourquoi (formel),https://bunpro.jp/grammar_points/%E3%81%AA%E3%81%9C,https://bunpro.jp/fr/grammar_points/%E3%81%AA%E3%81%9C,https://bunpro.jp/ja/grammar_points/%E3%81%AA%E3%81%9C
N5,Leçon 6,Questions et descriptions,3/17,どうして,Why (neutral),Pourquoi (neutre),https://bunpro.jp/grammar_points/%E3%81%A9%E3%81%86%E3%81%97%E3%81%A6,https://bunpro.jp/fr/grammar_points/%E3%81%A9%E3%81%86%E3%81%97%E3%81%A6,https://bunpro.jp/ja/grammar_points/%E3%81%A9%E3%81%86%E3%81%97%E3%81%A6
N5,Leçon 6,Questions et descriptions,4/17,なんで,Why (casual),Pourquoi (informel),https://bunpro.jp/grammar_points/%E3%81%AA%E3%82%93%E3%81%A7,https://bunpro.jp/fr/grammar_points/%E3%81%AA%E3%82%93%E3%81%A7,https://bunpro.jp/ja/grammar_points/%E3%81%AA%E3%82%93%E3%81%A7
N5,Leçon 6,Questions et descriptions,5/17,い-Adjective (Predicate),Predicate adjective い,Prédicat adjectif en い,https://bunpro.jp/grammar_points/%E3%81%84-adjective-predicate,https://bunpro.jp/fr/grammar_points/%E3%81%84-adjective-predicate,https://bunpro.jp/ja/grammar_points/%E3%81%84-adjective-predicate
N5,Leçon 6,Questions et descriptions,6/17,な-Adjective (Predicate),Predicate adjective な,Prédicat adjectif en な,https://bunpro.jp/grammar_points/%E3%81%AA-adjective-predicate,https://bunpro.jp/fr/grammar_points/%E3%81%AA-adjective-predicate,https://bunpro.jp/ja/grammar_points/%E3%81%AA-adjective-predicate
N5,Leçon 6,Questions et descriptions,7/17,だった・でした,"Was, Were (past)",Était (passé nom/adj-な),https://bunpro.jp/grammar_points/%E3%81%A0%E3%81%A3%E3%81%9F-%E3%81%A7%E3%81%97%E3%81%9F,https://bunpro.jp/fr/grammar_points/%E3%81%A0%E3%81%A3%E3%81%9F-%E3%81%A7%E3%81%97%E3%81%9F,https://bunpro.jp/ja/grammar_points/%E3%81%A0%E3%81%A3%E3%81%9F-%E3%81%A7%E3%81%97%E3%81%9F
N5,Leçon 6,Questions et descriptions,8/17,じゃない,Is not,N'est pas,https://bunpro.jp/grammar_points/%E3%81%98%E3%82%83%E3%81%AA%E3%81%84,https://bunpro.jp/fr/grammar_points/%E3%81%98%E3%82%83%E3%81%AA%E3%81%84,https://bunpro.jp/ja/grammar_points/%E3%81%98%E3%82%83%E3%81%AA%E3%81%84
N5,Leçon 6,Questions et descriptions,9/17,じゃなかった,Was not,N'était pas,https://bunpro.jp/grammar_points/%E3%81%98%E3%82%83%E3%81%AA%E3%81%8B%E3%81%A3%E3%81%9F,https://bunpro.jp/fr/grammar_points/%E3%81%98%E3%82%83%E3%81%AA%E3%81%8B%E3%81%A3%E3%81%9F,https://bunpro.jp/ja/grammar_points/%E3%81%98%E3%82%83%E3%81%AA%E3%81%8B%E3%81%A3%E3%81%9F
N5,Leçon 6,Questions et descriptions,10/17,い-Adjective くなかった,Was not (adjective),N'était pas (adj-い),https://bunpro.jp/grammar_points/%E3%81%84-Adjective-%E3%81%8F%E3%81%AA%E3%81%8B%E3%81%A3%E3%81%9F,https://bunpro.jp/fr/grammar_points/%E3%81%84-Adjective-%E3%81%8F%E3%81%AA%E3%81%8B%E3%81%A3%E3%81%9F,https://bunpro.jp/ja/grammar_points/%E3%81%84-Adjective-%E3%81%8F%E3%81%AA%E3%81%8B%E3%81%A3%E3%81%9F
N5,Leçon 6,Questions et descriptions,11/17,と,Quotation particle,Particule de citation,https://bunpro.jp/grammar_points/%E3%81%A8,https://bunpro.jp/fr/grammar_points/%E3%81%A8,https://bunpro.jp/ja/grammar_points/%E3%81%A8
N5,Leçon 6,Questions et descriptions,12/17,って,Casual quotation,Citation informelle,https://bunpro.jp/grammar_points/%E3%81%A3%E3%81%A6,https://bunpro.jp/fr/grammar_points/%E3%81%A3%E3%81%A6,https://bunpro.jp/ja/grammar_points/%E3%81%A3%E3%81%A6
N5,Leçon 6,Questions et descriptions,13/17,Verbs (Non-past),Non-past tense,Présent/futur,https://bunpro.jp/grammar_points/verb-non-past,https://bunpro.jp/fr/grammar_points/verb-non-past,https://bunpro.jp/ja/grammar_points/verb-non-past
N5,Leçon 6,Questions et descriptions,14/17,Verb + Noun,Relative clause,Proposition relative,https://bunpro.jp/grammar_points/verb-%E3%81%9F-noun,https://bunpro.jp/fr/grammar_points/verb-%E3%81%9F-noun,https://bunpro.jp/ja/grammar_points/verb-%E3%81%9F-noun
N5,Leçon 6,Questions et descriptions,15/17,が・の (Subject),Particle swapping,Échange de particules,https://bunpro.jp/grammar_points/%E3%81%AE-subject,https://bunpro.jp/fr/grammar_points/%E3%81%AE-subject,https://bunpro.jp/ja/grammar_points/%E3%81%AE-subject
N5,Leçon 6,Questions et descriptions,16/17,の,Possessive omission,Appartenance (omission),https://bunpro.jp/grammar_points/%E3%81%AE-noun-ommission,https://bunpro.jp/fr/grammar_points/%E3%81%AE-noun-ommission,https://bunpro.jp/ja/grammar_points/%E3%81%AE-noun-ommission
N5,Leçon 6,Questions et descriptions,17/17,な,Do not (prohibitive),Ne fais pas (interdiction),https://bunpro.jp/grammar_points/%E3%81%AA,https://bunpro.jp/fr/grammar_points/%E3%81%AA,https://bunpro.jp/ja/grammar_points/%E3%81%AA
N5,Leçon 7,Quantificateurs et actions,1/13,だけ,"Only, Just","Juste, Seulement",https://bunpro.jp/grammar_points/%E3%81%A0%E3%81%91,https://bunpro.jp/fr/grammar_points/%E3%81%A0%E3%81%91,https://bunpro.jp/ja/grammar_points/%E3%81%A0%E3%81%91
N5,Leçon 7,Quantificateurs et actions,2/13,どれ,Which (3+),Lequel (parmi 3+),https://bunpro.jp/grammar_points/%E3%81%A9%E3%82%8C,https://bunpro.jp/fr/grammar_points/%E3%81%A9%E3%82%8C,https://bunpro.jp/ja/grammar_points/%E3%81%A9%E3%82%8C
N5,Leçon 7,Quantificateurs et actions,3/13,どこ,Where,Où,https://bunpro.jp/grammar_points/%E3%81%A9%E3%81%93,https://bunpro.jp/fr/grammar_points/%E3%81%A9%E3%81%93,https://bunpro.jp/ja/grammar_points/%E3%81%A9%E3%81%93
N5,Leçon 7,Quantificateurs et actions,4/13,どの,Which (noun modifier),Lequel (modificateur),https://bunpro.jp/grammar_points/%E3%81%A9%E3%81%AE,https://bunpro.jp/fr/grammar_points/%E3%81%A9%E3%81%AE,https://bunpro.jp/ja/grammar_points/%E3%81%A9%E3%81%AE
N5,Leçon 7,Quantificateurs et actions,5/13,ている②,State of being,État d'être,https://bunpro.jp/grammar_points/%E3%81%A6%E3%81%84%E3%82%8B2,https://bunpro.jp/fr/grammar_points/%E3%81%A6%E3%81%84%E3%82%8B2,https://bunpro.jp/ja/grammar_points/%E3%81%A6%E3%81%84%E3%82%8B2
N5,Leçon 7,Quantificateurs et actions,6/13,てから,After doing,Après avoir fait,https://bunpro.jp/grammar_points/%E3%81%A6%E3%81%8B%E3%82%89,https://bunpro.jp/fr/grammar_points/%E3%81%A6%E3%81%8B%E3%82%89,https://bunpro.jp/ja/grammar_points/%E3%81%A6%E3%81%8B%E3%82%89
N5,Leçon 7,Quantificateurs et actions,7/13,Verb + て + B,And then (sequence),Et puis (séquence),https://bunpro.jp/grammar_points/verb-%E3%81%A6-b,https://bunpro.jp/fr/grammar_points/verb-%E3%81%A6-b,https://bunpro.jp/ja/grammar_points/verb-%E3%81%A6-b
N5,Leçon 7,Quantificateurs et actions,8/13,もう,"Already, Anymore","Déjà, Plus",https://bunpro.jp/grammar_points/%E3%82%82%E3%81%86,https://bunpro.jp/fr/grammar_points/%E3%82%82%E3%81%86,https://bunpro.jp/ja/grammar_points/%E3%82%82%E3%81%86
N5,Leçon 7,Quantificateurs et actions,9/13,まだ,Still,Encore,https://bunpro.jp/grammar_points/%E3%81%BE%E3%81%A0,https://bunpro.jp/fr/grammar_points/%E3%81%BE%E3%81%A0,https://bunpro.jp/ja/grammar_points/%E3%81%BE%E3%81%A0
N5,Leçon 7,Quantificateurs et actions,10/13,まだ～ていません,Still haven't done,Pas encore fait,https://bunpro.jp/grammar_points/%E3%81%BE%E3%81%A0-%E3%81%A6%E3%81%84%E3%81%BE%E3%81%9B%E3%82%93,https://bunpro.jp/fr/grammar_points/%E3%81%BE%E3%81%A0-%E3%81%A6%E3%81%84%E3%81%BE%E3%81%9B%E3%82%93,https://bunpro.jp/ja/grammar_points/%E3%81%BE%E3%81%A0-%E3%81%A6%E3%81%84%E3%81%BE%E3%81%9B%E3%82%93
N5,Leçon 7,Quantificateurs et actions,11/13,てもいい,It is okay if,"Puis-je ~, C'est ok si",https://bunpro.jp/grammar_points/%E3%81%A6%E3%82%82%E3%81%84%E3%81%84,https://bunpro.jp/fr/grammar_points/%E3%81%A6%E3%82%82%E3%81%84%E3%81%84,https://bunpro.jp/ja/grammar_points/%E3%81%A6%E3%82%82%E3%81%84%E3%81%84
N5,Leçon 7,Quantificateurs et actions,12/13,たい,Want to do,Vouloir faire,https://bunpro.jp/grammar_points/%E3%81%9F%E3%81%84,https://bunpro.jp/fr/grammar_points/%E3%81%9F%E3%81%84,https://bunpro.jp/ja/grammar_points/%E3%81%9F%E3%81%84
N5,Leçon 7,Quantificateurs et actions,13/13,たり～たりする,Things like ~ and ~,Des choses comme ~ et ~,https://bunpro.jp/grammar_points/%E3%81%9F%E3%82%8A-%E3%81%9F%E3%82%8A%E3%81%99%E3%82%8B,https://bunpro.jp/fr/grammar_points/%E3%81%9F%E3%82%8A-%E3%81%9F%E3%82%8A%E3%81%99%E3%82%8B,https://bunpro.jp/ja/grammar_points/%E3%81%9F%E3%82%8A-%E3%81%9F%E3%82%8A%E3%81%99%E3%82%8B
N5,Leçon 8,Adverbes et comparaisons,1/13,けっこう,"Quite, Fairly","Assez, Plutôt",https://bunpro.jp/grammar_points/%E3%81%91%E3%81%A3%E3%81%93%E3%81%86,https://bunpro.jp/fr/grammar_points/%E3%81%91%E3%81%A3%E3%81%93%E3%81%86,https://bunpro.jp/ja/grammar_points/%E3%81%91%E3%81%A3%E3%81%93%E3%81%86
N5,Leçon 8,Adverbes et comparaisons,2/13,たくさん,"Many, A lot",Beaucoup,https://bunpro.jp/grammar_points/%E3%81%9F%E3%81%8F%E3%81%95%E3%82%93,https://bunpro.jp/fr/grammar_points/%E3%81%9F%E3%81%8F%E3%81%95%E3%82%93,https://bunpro.jp/ja/grammar_points/%E3%81%9F%E3%81%8F%E3%81%95%E3%82%93
N5,Leçon 8,Adverbes et comparaisons,3/13,まえに,"Before, In front of","Avant, Devant",https://bunpro.jp/grammar_points/%E3%81%BE%E3%81%88%E3%81%AB,https://bunpro.jp/fr/grammar_points/%E3%81%BE%E3%81%88%E3%81%AB,https://bunpro.jp/ja/grammar_points/%E3%81%BE%E3%81%88%E3%81%AB
N5,Leçon 8,Adverbes et comparaisons,4/13,くらい①,"About, Approximately","Environ, Approximativement",https://bunpro.jp/grammar_points/%E3%81%8F%E3%82%89%E3%81%841,https://bunpro.jp/fr/grammar_points/%E3%81%8F%E3%82%89%E3%81%841,https://bunpro.jp/ja/grammar_points/%E3%81%8F%E3%82%89%E3%81%841
N5,Leçon 8,Adverbes et comparaisons,5/13,Noun + まで,Until,Jusqu'à (nom),https://bunpro.jp/grammar_points/noun-%E3%81%BE%E3%81%A7,https://bunpro.jp/fr/grammar_points/noun-%E3%81%BE%E3%81%A7,https://bunpro.jp/ja/grammar_points/noun-%E3%81%BE%E3%81%A7
N5,Leçon 8,Adverbes et comparaisons,6/13,Verb + まで,Until (something) happens,Jusqu'à ce que (verbe),https://bunpro.jp/grammar_points/v-%E3%81%BE%E3%81%A7,https://bunpro.jp/fr/grammar_points/v-%E3%81%BE%E3%81%A7,https://bunpro.jp/ja/grammar_points/v-%E3%81%BE%E3%81%A7
N5,Leçon 8,Adverbes et comparaisons,7/13,すぎる,Too much,Trop,https://bunpro.jp/grammar_points/%E3%81%99%E3%81%8E%E3%82%8B,https://bunpro.jp/fr/grammar_points/%E3%81%99%E3%81%8E%E3%82%8B,https://bunpro.jp/ja/grammar_points/%E3%81%99%E3%81%8E%E3%82%8B
N5,Leçon 8,Adverbes et comparaisons,8/13,にする,To decide on,"Décider, Choisir",https://bunpro.jp/grammar_points/%E3%81%AB%E3%81%99%E3%82%8B,https://bunpro.jp/fr/grammar_points/%E3%81%AB%E3%81%99%E3%82%8B,https://bunpro.jp/ja/grammar_points/%E3%81%AB%E3%81%99%E3%82%8B
N5,Leçon 8,Adverbes et comparaisons,9/13,になる・くなる,To become (adjective),Devenir (adjectif),https://bunpro.jp/grammar_points/%E3%81%AB%E3%81%AA%E3%82%8B-%E3%81%8F%E3%81%AA%E3%82%8B,https://bunpro.jp/fr/grammar_points/%E3%81%AB%E3%81%AA%E3%82%8B-%E3%81%8F%E3%81%AA%E3%82%8B,https://bunpro.jp/ja/grammar_points/%E3%81%AB%E3%81%AA%E3%82%8B-%E3%81%8F%E3%81%AA%E3%82%8B
N5,Leçon 8,Adverbes et comparaisons,10/13,のなかで～がいちばん,The best/most among,Le plus ~ parmi,https://bunpro.jp/grammar_points/%E3%81%AE%E3%81%AA%E3%81%8B%E3%81%A7-%E3%81%8C%E3%81%84%E3%81%A1%E3%81%B0%E3%82%93,https://bunpro.jp/fr/grammar_points/%E3%81%AE%E3%81%AA%E3%81%8B%E3%81%A7-%E3%81%8C%E3%81%84%E3%81%A1%E3%81%B0%E3%82%93,https://bunpro.jp/ja/grammar_points/%E3%81%AE%E3%81%AA%E3%81%8B%E3%81%A7-%E3%81%8C%E3%81%84%E3%81%A1%E3%81%B0%E3%82%93
N5,Leçon 8,Adverbes et comparaisons,11/13,より～のほうが,More ~ than ~,Plus/moins ~ que ~,https://bunpro.jp/grammar_points/%E3%82%88%E3%82%8A-%E3%81%AE%E3%81%BB%E3%81%86%E3%81%8C,https://bunpro.jp/fr/grammar_points/%E3%82%88%E3%82%8A-%E3%81%AE%E3%81%BB%E3%81%86%E3%81%8C,https://bunpro.jp/ja/grammar_points/%E3%82%88%E3%82%8A-%E3%81%AE%E3%81%BB%E3%81%86%E3%81%8C
N5,Leçon 8,Adverbes et comparaisons,12/13,なにか・なにも,"Something, Nothing","Quelque chose, Rien",https://bunpro.jp/grammar_points/%E3%81%AA%E3%81%AB%E3%81%8B-%E3%81%AA%E3%81%AB%E3%82%82,https://bunpro.jp/fr/grammar_points/%E3%81%AA%E3%81%AB%E3%81%8B-%E3%81%AA%E3%81%AB%E3%82%82,https://bunpro.jp/ja/grammar_points/%E3%81%AA%E3%81%AB%E3%81%8B-%E3%81%AA%E3%81%AB%E3%82%82
N5,Leçon 8,Adverbes et comparaisons,13/13,誰か・どこか・誰も・どこも,"Someone, Somewhere, Nobody, Nowhere","Quelqu'un, Quelque part, Personne, Nulle part",https://bunpro.jp/grammar_points/%E8%AA%B0%E3%81%8B-%E3%81%A9%E3%81%93%E3%81%8B-%E8%AA%B0%E3%82%82-%E3%81%A9%E3%81%93%E3%82%82,https://bunpro.jp/fr/grammar_points/%E8%AA%B0%E3%81%8B-%E3%81%A9%E3%81%93%E3%81%8B-%E8%AA%B0%E3%82%82-%E3%81%A9%E3%81%93%E3%82%82,https://bunpro.jp/ja/grammar_points/%E8%AA%B0%E3%81%8B-%E3%81%A9%E3%81%93%E3%81%8B-%E8%AA%B0%E3%82%82-%E3%81%A9%E3%81%93%E3%82%82
N5,Leçon 9,Requêtes et permissions,1/13,ましょう,Let's (volitional polite),"Allons, Faisons (poli)",https://bunpro.jp/grammar_points/%E3%81%BE%E3%81%97%E3%82%87%E3%81%86,https://bunpro.jp/fr/grammar_points/%E3%81%BE%E3%81%97%E3%82%87%E3%81%86,https://bunpro.jp/ja/grammar_points/%E3%81%BE%E3%81%97%E3%82%87%E3%81%86
N5,Leçon 9,Requêtes et permissions,2/13,ましょうか,Shall we?,Allons-nous ?,https://bunpro.jp/grammar_points/%E3%81%BE%E3%81%97%E3%82%87%E3%81%86%E3%81%8B,https://bunpro.jp/fr/grammar_points/%E3%81%BE%E3%81%97%E3%82%87%E3%81%86%E3%81%8B,https://bunpro.jp/ja/grammar_points/%E3%81%BE%E3%81%97%E3%82%87%E3%81%86%E3%81%8B
N5,Leçon 9,Requêtes et permissions,3/13,ませんか,Won't you?,Ne voulez-vous pas ?,https://bunpro.jp/grammar_points/%E3%81%BE%E3%81%9B%E3%82%93%E3%81%8B,https://bunpro.jp/fr/grammar_points/%E3%81%BE%E3%81%9B%E3%82%93%E3%81%8B,https://bunpro.jp/ja/grammar_points/%E3%81%BE%E3%81%9B%E3%82%93%E3%81%8B
N5,Leçon 9,Requêtes et permissions,4/13,Verb + てもいい,It's okay to,C'est ok de faire,https://bunpro.jp/grammar_points/verb-%E3%81%A6%E3%82%82%E3%81%84%E3%81%84,https://bunpro.jp/fr/grammar_points/verb-%E3%81%A6%E3%82%82%E3%81%84%E3%81%84,https://bunpro.jp/ja/grammar_points/verb-%E3%81%A6%E3%82%82%E3%81%84%E3%81%84
N5,Leçon 9,Requêtes et permissions,5/13,てください,Please do (polite),Faites s'il vous plaît,https://bunpro.jp/grammar_points/%E3%81%A6%E3%81%8F%E3%81%A0%E3%81%95%E3%81%84,https://bunpro.jp/fr/grammar_points/%E3%81%A6%E3%81%8F%E3%81%A0%E3%81%95%E3%81%84,https://bunpro.jp/ja/grammar_points/%E3%81%A6%E3%81%8F%E3%81%A0%E3%81%95%E3%81%84
N5,Leçon 9,Requêtes et permissions,6/13,ないでください,Please don't,Ne faites pas s'il vous plaît,https://bunpro.jp/grammar_points/%E3%81%AA%E3%81%84%E3%81%A7%E3%81%8F%E3%81%A0%E3%81%95%E3%81%84,https://bunpro.jp/fr/grammar_points/%E3%81%AA%E3%81%84%E3%81%A7%E3%81%8F%E3%81%A0%E3%81%95%E3%81%84,https://bunpro.jp/ja/grammar_points/%E3%81%AA%E3%81%84%E3%81%A7%E3%81%8F%E3%81%A0%E3%81%95%E3%81%84
N5,Leçon 9,Requêtes et permissions,7/13,てはいけない,"Must not, May not",Ne doit pas,https://bunpro.jp/grammar_points/%E3%81%A6%E3%81%AF%E3%81%84%E3%81%91%E3%81%AA%E3%81%84,https://bunpro.jp/fr/grammar_points/%E3%81%A6%E3%81%AF%E3%81%84%E3%81%91%E3%81%AA%E3%81%84,https://bunpro.jp/ja/grammar_points/%E3%81%A6%E3%81%AF%E3%81%84%E3%81%91%E3%81%AA%E3%81%84
N5,Leçon 9,Requêtes et permissions,8/13,なくてはいけない,Must do,Doit faire,https://bunpro.jp/grammar_points/%E3%81%AA%E3%81%8F%E3%81%A6%E3%81%AF%E3%81%84%E3%81%91%E3%81%AA%E3%81%84,https://bunpro.jp/fr/grammar_points/%E3%81%AA%E3%81%8F%E3%81%A6%E3%81%AF%E3%81%84%E3%81%91%E3%81%AA%E3%81%84,https://bunpro.jp/ja/grammar_points/%E3%81%AA%E3%81%8F%E3%81%A6%E3%81%AF%E3%81%84%E3%81%91%E3%81%AA%E3%81%84
N5,Leçon 9,Requêtes et permissions,9/13,なくてはならない,Must do (formal),Doit faire (formel),https://bunpro.jp/grammar_points/%E3%81%AA%E3%81%8F%E3%81%A6%E3%81%AF%E3%81%AA%E3%82%89%E3%81%AA%E3%81%84,https://bunpro.jp/fr/grammar_points/%E3%81%AA%E3%81%8F%E3%81%A6%E3%81%AF%E3%81%AA%E3%82%89%E3%81%AA%E3%81%84,https://bunpro.jp/ja/grammar_points/%E3%81%AA%E3%81%8F%E3%81%A6%E3%81%AF%E3%81%AA%E3%82%89%E3%81%AA%E3%81%84
N5,Leçon 9,Requêtes et permissions,10/13,たほうがいい,It'd be better to,Ferait mieux de,https://bunpro.jp/grammar_points/%E3%81%9F%E3%81%BB%E3%81%86%E3%81%8C%E3%81%84%E3%81%84,https://bunpro.jp/fr/grammar_points/%E3%81%9F%E3%81%BB%E3%81%86%E3%81%8C%E3%81%84%E3%81%84,https://bunpro.jp/ja/grammar_points/%E3%81%9F%E3%81%BB%E3%81%86%E3%81%8C%E3%81%84%E3%81%84
N5,Leçon 9,Requêtes et permissions,11/13,ないほうがいい,It'd be better not to,Ferait mieux de ne pas,https://bunpro.jp/grammar_points/%E3%81%AA%E3%81%84%E3%81%BB%E3%81%86%E3%81%8C%E3%81%84%E3%81%84,https://bunpro.jp/fr/grammar_points/%E3%81%AA%E3%81%84%E3%81%BB%E3%81%86%E3%81%8C%E3%81%84%E3%81%84,https://bunpro.jp/ja/grammar_points/%E3%81%AA%E3%81%84%E3%81%BB%E3%81%86%E3%81%8C%E3%81%84%E3%81%84
N5,Leçon 9,Requêtes et permissions,12/13,なくちゃ・なきゃ,Must do (casual),Doit faire (informel),https://bunpro.jp/grammar_points/%E3%81%AA%E3%81%8F%E3%81%A1%E3%82%83-%E3%81%AA%E3%81%8D%E3%82%83,https://bunpro.jp/fr/grammar_points/%E3%81%AA%E3%81%8F%E3%81%A1%E3%82%83-%E3%81%AA%E3%81%8D%E3%82%83,https://bunpro.jp/ja/grammar_points/%E3%81%AA%E3%81%8F%E3%81%A1%E3%82%83-%E3%81%AA%E3%81%8D%E3%82%83
N5,Leçon 9,Requêtes et permissions,13/13,や,Things like (listing),Choses comme ~ et ~,https://bunpro.jp/grammar_points/%E3%82%84,https://bunpro.jp/fr/grammar_points/%E3%82%84,https://bunpro.jp/ja/grammar_points/%E3%82%84
N5,Leçon 10,Donner et recevoir,1/12,たことがある,Have done before,Avoir déjà fait,https://bunpro.jp/grammar_points/%E3%81%9F%E3%81%93%E3%81%A8%E3%81%8C%E3%81%82%E3%82%8B,https://bunpro.jp/fr/grammar_points/%E3%81%9F%E3%81%93%E3%81%A8%E3%81%8C%E3%81%82%E3%82%8B,https://bunpro.jp/ja/grammar_points/%E3%81%9F%E3%81%93%E3%81%A8%E3%81%8C%E3%81%82%E3%82%8B
N5,Leçon 10,Donner et recevoir,2/12,ている③,"Has done, Habit",Habitude,https://bunpro.jp/grammar_points/%E3%81%A6%E3%81%84%E3%82%8B3,https://bunpro.jp/fr/grammar_points/%E3%81%A6%E3%81%84%E3%82%8B3,https://bunpro.jp/ja/grammar_points/%E3%81%A6%E3%81%84%E3%82%8B3
N5,Leçon 10,Donner et recevoir,3/12,Adjective + て・Noun + で,And (conjunctive),Et (conjonctif),https://bunpro.jp/grammar_points/adjective-%E3%81%A6-noun-%E3%81%A7,https://bunpro.jp/fr/grammar_points/adjective-%E3%81%A6-noun-%E3%81%A7,https://bunpro.jp/ja/grammar_points/adjective-%E3%81%A6-noun-%E3%81%A7
N5,Leçon 10,Donner et recevoir,4/12,Adjective + て + B,"And, Both and","Et, À la fois",https://bunpro.jp/grammar_points/adjective-%E3%81%A6-b,https://bunpro.jp/fr/grammar_points/adjective-%E3%81%A6-b,https://bunpro.jp/ja/grammar_points/adjective-%E3%81%A6-b
N5,Leçon 10,Donner et recevoir,5/12,のがへた,To be bad at,Être mauvais en,https://bunpro.jp/grammar_points/%E3%81%AE%E3%81%8C%E3%81%B8%E3%81%9F,https://bunpro.jp/fr/grammar_points/%E3%81%AE%E3%81%8C%E3%81%B8%E3%81%9F,https://bunpro.jp/ja/grammar_points/%E3%81%AE%E3%81%8C%E3%81%B8%E3%81%9F
N5,Leçon 10,Donner et recevoir,6/12,のがじょうず,To be good at,Être bon en,https://bunpro.jp/grammar_points/%E3%81%AE%E3%81%8C%E3%81%98%E3%82%87%E3%81%86%E3%81%9A,https://bunpro.jp/fr/grammar_points/%E3%81%AE%E3%81%8C%E3%81%98%E3%82%87%E3%81%86%E3%81%9A,https://bunpro.jp/ja/grammar_points/%E3%81%AE%E3%81%8C%E3%81%98%E3%82%87%E3%81%86%E3%81%9A
N5,Leçon 10,Donner et recevoir,7/12,Adjective + の(は),The one that,Celui qui est,https://bunpro.jp/grammar_points/adjective-%E3%81%AE-%E3%81%AF,https://bunpro.jp/fr/grammar_points/adjective-%E3%81%AE-%E3%81%AF,https://bunpro.jp/ja/grammar_points/adjective-%E3%81%AE-%E3%81%AF
N5,Leçon 10,Donner et recevoir,8/12,あげる,To give (away),Donner,https://bunpro.jp/grammar_points/%E3%81%82%E3%81%92%E3%82%8B,https://bunpro.jp/fr/grammar_points/%E3%81%82%E3%81%92%E3%82%8B,https://bunpro.jp/ja/grammar_points/%E3%81%82%E3%81%92%E3%82%8B
N5,Leçon 10,Donner et recevoir,9/12,くれる,To give (to me),Donner (à moi/nous),https://bunpro.jp/grammar_points/%E3%81%8F%E3%82%8C%E3%82%8B,https://bunpro.jp/fr/grammar_points/%E3%81%8F%E3%82%8C%E3%82%8B,https://bunpro.jp/ja/grammar_points/%E3%81%8F%E3%82%8C%E3%82%8B
N5,Leçon 10,Donner et recevoir,10/12,もらう,To receive,Recevoir,https://bunpro.jp/grammar_points/%E3%82%82%E3%82%89%E3%81%86,https://bunpro.jp/fr/grammar_points/%E3%82%82%E3%82%89%E3%81%86,https://bunpro.jp/ja/grammar_points/%E3%82%82%E3%82%89%E3%81%86
N5,Leçon 10,Donner et recevoir,11/12,けれども,"But, Although","Mais, Bien que",https://bunpro.jp/grammar_points/%E3%81%91%E3%82%8C%E3%81%A9%E3%82%82,https://bunpro.jp/fr/grammar_points/%E3%81%91%E3%82%8C%E3%81%A9%E3%82%82,https://bunpro.jp/ja/grammar_points/%E3%81%91%E3%82%8C%E3%81%A9%E3%82%82
N5,Leçon 10,Donner et recevoir,12/12,つもりだ,"Plan to, Intend to","Prévoir de, Avoir l'intention de",https://bunpro.jp/grammar_points/%E3%81%A4%E3%82%82%E3%82%8A%E3%81%A0,https://bunpro.jp/fr/grammar_points/%E3%81%A4%E3%82%82%E3%82%8A%E3%81%A0,https://bunpro.jp/ja/grammar_points/%E3%81%A4%E3%82%82%E3%82%8A%E3%81%A0
N4,Leçon 1,Suffixes et direction,1/19,でも,"Or something, Any, No matter","Ou autre chose, N'importe ~",https://bunpro.jp/grammar_points/%E3%81%A7%E3%82%82,https://bunpro.jp/fr/grammar_points/%E3%81%A7%E3%82%82,https://bunpro.jp/ja/grammar_points/%E3%81%A7%E3%82%82
N4,Leçon 1,Suffixes et direction,2/19,やすい,Easy to,Facile à,https://bunpro.jp/grammar_points/%E3%82%84%E3%81%99%E3%81%84,https://bunpro.jp/fr/grammar_points/%E3%82%84%E3%81%99%E3%81%84,https://bunpro.jp/ja/grammar_points/%E3%82%84%E3%81%99%E3%81%84
N4,Leçon 1,Suffixes et direction,3/19,にくい,Difficult to,Difficile à,https://bunpro.jp/grammar_points/%E3%81%AB%E3%81%8F%E3%81%84,https://bunpro.jp/fr/grammar_points/%E3%81%AB%E3%81%8F%E3%81%84,https://bunpro.jp/ja/grammar_points/%E3%81%AB%E3%81%8F%E3%81%84
N4,Leçon 1,Suffixes et direction,4/19,づらい,Hard/painful to,"Difficile, pénible de",https://bunpro.jp/grammar_points/%E3%81%A5%E3%82%89%E3%81%84,https://bunpro.jp/fr/grammar_points/%E3%81%A5%E3%82%89%E3%81%84,https://bunpro.jp/ja/grammar_points/%E3%81%A5%E3%82%89%E3%81%84
N4,Leçon 1,Suffixes et direction,5/19,だんだん,Gradually,Graduellement,https://bunpro.jp/grammar_points/%E3%81%A0%E3%82%93%E3%81%A0%E3%82%93,https://bunpro.jp/fr/grammar_points/%E3%81%A0%E3%82%93%E3%81%A0%E3%82%93,https://bunpro.jp/ja/grammar_points/%E3%81%A0%E3%82%93%E3%81%A0%E3%82%93
N4,Leçon 1,Suffixes et direction,6/19,どんどん,"Progressively, More and more","De plus en plus, Rapidement",https://bunpro.jp/grammar_points/%E3%81%A9%E3%82%93%E3%81%A9%E3%82%93,https://bunpro.jp/fr/grammar_points/%E3%81%A9%E3%82%93%E3%81%A9%E3%82%93,https://bunpro.jp/ja/grammar_points/%E3%81%A9%E3%82%93%E3%81%A9%E3%82%93
N4,Leçon 1,Suffixes et direction,7/19,～ら,"We, Them, Those","Nous, Eux, Ceux-ci",https://bunpro.jp/grammar_points/%E3%82%89,https://bunpro.jp/fr/grammar_points/%E3%82%89,https://bunpro.jp/ja/grammar_points/%E3%82%89
N4,Leçon 1,Suffixes et direction,8/19,ていく,"To go on, To start","Continuer, Commencer à aller",https://bunpro.jp/grammar_points/%E3%81%A6%E3%81%84%E3%81%8F,https://bunpro.jp/fr/grammar_points/%E3%81%A6%E3%81%84%E3%81%8F,https://bunpro.jp/ja/grammar_points/%E3%81%A6%E3%81%84%E3%81%8F
N4,Leçon 1,Suffixes et direction,9/19,てくる,"To become, To continue","Devenir, Continuer à venir",https://bunpro.jp/grammar_points/%E3%81%A6%E3%81%8F%E3%82%8B,https://bunpro.jp/fr/grammar_points/%E3%81%A6%E3%81%8F%E3%82%8B,https://bunpro.jp/ja/grammar_points/%E3%81%A6%E3%81%8F%E3%82%8B
N4,Leçon 1,Suffixes et direction,10/19,かた,"Way of ~ing, How to","Façon de ~, Manière de ~",https://bunpro.jp/grammar_points/%E3%81%8B%E3%81%9F,https://bunpro.jp/fr/grammar_points/%E3%81%8B%E3%81%9F,https://bunpro.jp/ja/grammar_points/%E3%81%8B%E3%81%9F
N4,Leçon 1,Suffixes et direction,11/19,だけで,"Just by, Just with","Juste en, Juste avec",https://bunpro.jp/grammar_points/%E3%81%A0%E3%81%91%E3%81%A7,https://bunpro.jp/fr/grammar_points/%E3%81%A0%E3%81%91%E3%81%A7,https://bunpro.jp/ja/grammar_points/%E3%81%A0%E3%81%91%E3%81%A7
N4,Leçon 1,Suffixes et direction,12/19,だが・ですが,"But, However","Mais, Cependant",https://bunpro.jp/grammar_points/%E3%81%A0%E3%81%8C%E3%83%BB%E3%81%A7%E3%81%99%E3%81%8C,https://bunpro.jp/fr/grammar_points/%E3%81%A0%E3%81%8C%E3%83%BB%E3%81%A7%E3%81%99%E3%81%8C,https://bunpro.jp/ja/grammar_points/%E3%81%A0%E3%81%8C%E3%83%BB%E3%81%A7%E3%81%99%E3%81%8C
N4,Leçon 1,Suffixes et direction,13/19,なくて (Sequence),Not ~ and ~,Ne pas ~ et ~,https://bunpro.jp/grammar_points/%E3%81%AA%E3%81%8F%E3%81%A6-conjunction,https://bunpro.jp/fr/grammar_points/%E3%81%AA%E3%81%8F%E3%81%A6-conjunction,https://bunpro.jp/ja/grammar_points/%E3%81%AA%E3%81%8F%E3%81%A6-conjunction
N4,Leçon 1,Suffixes et direction,14/19,なくて (Reasons),Not ~ and (reason),Pas ~ et (raison),https://bunpro.jp/grammar_points/%E3%81%AA%E3%81%8F%E3%81%A6,https://bunpro.jp/fr/grammar_points/%E3%81%AA%E3%81%8F%E3%81%A6,https://bunpro.jp/ja/grammar_points/%E3%81%AA%E3%81%8F%E3%81%A6
N4,Leçon 1,Suffixes et direction,15/19,ないで,Without doing,Sans faire,https://bunpro.jp/grammar_points/%E3%81%AA%E3%81%84%E3%81%A7,https://bunpro.jp/fr/grammar_points/%E3%81%AA%E3%81%84%E3%81%A7,https://bunpro.jp/ja/grammar_points/%E3%81%AA%E3%81%84%E3%81%A7
N4,Leçon 1,Suffixes et direction,16/19,れる・られる (Passive),Was done to ~ by ~,"Être fait, Subir",https://bunpro.jp/grammar_points/Verb[passive],https://bunpro.jp/fr/grammar_points/Verb[passive],https://bunpro.jp/ja/grammar_points/Verb[passive]
N4,Leçon 1,Suffixes et direction,17/19,他動詞・自動詞,Transitive / Intransitive,Transitif / Intransitif,https://bunpro.jp/grammar_points/transitive-intransitive-verbs,https://bunpro.jp/fr/grammar_points/transitive-intransitive-verbs,https://bunpro.jp/ja/grammar_points/transitive-intransitive-verbs
N4,Leçon 1,Suffixes et direction,18/19,なおす,"To redo, To fix","Refaire, Corriger",https://bunpro.jp/grammar_points/%E3%81%AA%E3%81%8A%E3%81%99,https://bunpro.jp/fr/grammar_points/%E3%81%AA%E3%81%8A%E3%81%99,https://bunpro.jp/ja/grammar_points/%E3%81%AA%E3%81%8A%E3%81%99
N4,Leçon 1,Suffixes et direction,19/19,ということ,"The fact that, ~ing",Le fait que ~,https://bunpro.jp/grammar_points/%E3%81%A8%E3%81%84%E3%81%86%E3%81%93%E3%81%A8,https://bunpro.jp/fr/grammar_points/%E3%81%A8%E3%81%84%E3%81%86%E3%81%93%E3%81%A8,https://bunpro.jp/ja/grammar_points/%E3%81%A8%E3%81%84%E3%81%86%E3%81%93%E3%81%A8
N4,Leçon 2,Marqueurs de temps,1/17,とき,"When, At the time of","Quand, Au moment de",https://bunpro.jp/grammar_points/%E3%81%A8%E3%81%8D,https://bunpro.jp/fr/grammar_points/%E3%81%A8%E3%81%8D,https://bunpro.jp/ja/grammar_points/%E3%81%A8%E3%81%8D
N4,Leçon 2,Marqueurs de temps,2/17,まず,First of all,Tout d'abord,https://bunpro.jp/grammar_points/%E3%81%BE%E3%81%9A,https://bunpro.jp/fr/grammar_points/%E3%81%BE%E3%81%9A,https://bunpro.jp/ja/grammar_points/%E3%81%BE%E3%81%9A
N4,Leçon 2,Marqueurs de temps,3/17,まで,"Even, To the extent of","Même ~, Jusqu'à ~",https://bunpro.jp/grammar_points/%E3%81%BE%E3%81%A7,https://bunpro.jp/fr/grammar_points/%E3%81%BE%E3%81%A7,https://bunpro.jp/ja/grammar_points/%E3%81%BE%E3%81%A7
N4,Leçon 2,Marqueurs de temps,4/17,までに,"By ~, Before ~","D'ici ~, Avant ~",https://bunpro.jp/grammar_points/%E3%81%BE%E3%81%A7%E3%81%AB,https://bunpro.jp/fr/grammar_points/%E3%81%BE%E3%81%A7%E3%81%AB,https://bunpro.jp/ja/grammar_points/%E3%81%BE%E3%81%A7%E3%81%AB
N4,Leçon 2,Marqueurs de temps,5/17,また,"Also, Again, Moreover","Aussi, Encore, De plus",https://bunpro.jp/grammar_points/%E3%81%BE%E3%81%9F,https://bunpro.jp/fr/grammar_points/%E3%81%BE%E3%81%9F,https://bunpro.jp/ja/grammar_points/%E3%81%BE%E3%81%9F
N4,Leçon 2,Marqueurs de temps,6/17,はじめる,"To start, To begin to",Commencer à,https://bunpro.jp/grammar_points/%E3%81%AF%E3%81%98%E3%82%81%E3%82%8B,https://bunpro.jp/fr/grammar_points/%E3%81%AF%E3%81%98%E3%82%81%E3%82%8B,https://bunpro.jp/ja/grammar_points/%E3%81%AF%E3%81%98%E3%82%81%E3%82%8B
N4,Leçon 2,Marqueurs de temps,7/17,おわる,To finish,Finir de,https://bunpro.jp/grammar_points/%E3%81%8A%E3%82%8F%E3%82%8B,https://bunpro.jp/fr/grammar_points/%E3%81%8A%E3%82%8F%E3%82%8B,https://bunpro.jp/ja/grammar_points/%E3%81%8A%E3%82%8F%E3%82%8B
N4,Leçon 2,Marqueurs de temps,8/17,ごろ,"Around, About (time)","Vers, Environ",https://bunpro.jp/grammar_points/%E3%81%94%E3%82%8D,https://bunpro.jp/fr/grammar_points/%E3%81%94%E3%82%8D,https://bunpro.jp/ja/grammar_points/%E3%81%94%E3%82%8D
N4,Leçon 2,Marqueurs de temps,9/17,あとで,"After, Later","Après, Plus tard",https://bunpro.jp/grammar_points/%E3%81%82%E3%81%A8%E3%81%A7,https://bunpro.jp/fr/grammar_points/%E3%81%82%E3%81%A8%E3%81%A7,https://bunpro.jp/ja/grammar_points/%E3%81%82%E3%81%A8%E3%81%A7
N4,Leçon 2,Marqueurs de temps,10/17,ていた,Was doing,"Faisait, Était en train de",https://bunpro.jp/grammar_points/%E3%81%A6%E3%81%84%E3%81%9F,https://bunpro.jp/fr/grammar_points/%E3%81%A6%E3%81%84%E3%81%9F,https://bunpro.jp/ja/grammar_points/%E3%81%A6%E3%81%84%E3%81%9F
N4,Leçon 2,Marqueurs de temps,11/17,に (Frequency),Times per period,Fois par ~,https://bunpro.jp/grammar_points/%E3%81%AB-frequency,https://bunpro.jp/fr/grammar_points/%E3%81%AB-frequency,https://bunpro.jp/ja/grammar_points/%E3%81%AB-frequency
N4,Leçon 2,Marqueurs de temps,12/17,とうとう,"Finally, After all",Enfin,https://bunpro.jp/grammar_points/%E3%81%A8%E3%81%86%E3%81%A8%E3%81%86,https://bunpro.jp/fr/grammar_points/%E3%81%A8%E3%81%86%E3%81%A8%E3%81%86,https://bunpro.jp/ja/grammar_points/%E3%81%A8%E3%81%86%E3%81%A8%E3%81%86
N4,Leçon 2,Marqueurs de temps,13/17,より,"More than, Over",Plus que,https://bunpro.jp/grammar_points/%E3%82%88%E3%82%8A,https://bunpro.jp/fr/grammar_points/%E3%82%88%E3%82%8A,https://bunpro.jp/ja/grammar_points/%E3%82%88%E3%82%8A
N4,Leçon 2,Marqueurs de temps,14/17,ごとに,"Each, Every","Chaque, Tous les",https://bunpro.jp/grammar_points/%E3%81%94%E3%81%A8%E3%81%AB,https://bunpro.jp/fr/grammar_points/%E3%81%94%E3%81%A8%E3%81%AB,https://bunpro.jp/ja/grammar_points/%E3%81%94%E3%81%A8%E3%81%AB
N4,Leçon 2,Marqueurs de temps,15/17,なるべく,As ~ as possible,Autant que possible,https://bunpro.jp/grammar_points/%E3%81%AA%E3%82%8B%E3%81%B9%E3%81%8F,https://bunpro.jp/fr/grammar_points/%E3%81%AA%E3%82%8B%E3%81%B9%E3%81%8F,https://bunpro.jp/ja/grammar_points/%E3%81%AA%E3%82%8B%E3%81%B9%E3%81%8F
N4,Leçon 2,Marqueurs de temps,16/17,るところだ,About to,Sur le point de,https://bunpro.jp/grammar_points/%E3%82%8B%E3%81%A8%E3%81%93%E3%82%8D%E3%81%A0,https://bunpro.jp/fr/grammar_points/%E3%82%8B%E3%81%A8%E3%81%93%E3%82%8D%E3%81%A0,https://bunpro.jp/ja/grammar_points/%E3%82%8B%E3%81%A8%E3%81%93%E3%82%8D%E3%81%A0
N4,Leçon 2,Marqueurs de temps,17/17,のに,"Despite, Although","Malgré, Bien que",https://bunpro.jp/grammar_points/%E3%81%AE%E3%81%AB-despite,https://bunpro.jp/fr/grammar_points/%E3%81%AE%E3%81%AB-despite,https://bunpro.jp/ja/grammar_points/%E3%81%AE%E3%81%AB-despite
N4,Leçon 3,Opinions et apparences,1/19,とおもう,I think,Je pense,https://bunpro.jp/grammar_points/%E3%81%A8%E3%81%8A%E3%82%82%E3%81%86,https://bunpro.jp/fr/grammar_points/%E3%81%A8%E3%81%8A%E3%82%82%E3%81%86,https://bunpro.jp/ja/grammar_points/%E3%81%A8%E3%81%8A%E3%82%82%E3%81%86
N4,Leçon 3,Opinions et apparences,2/19,など,"Such as, Etc.","Tel que, Etc.",https://bunpro.jp/grammar_points/%E3%81%AA%E3%81%A9,https://bunpro.jp/fr/grammar_points/%E3%81%AA%E3%81%A9,https://bunpro.jp/ja/grammar_points/%E3%81%AA%E3%81%A9
N4,Leçon 3,Opinions et apparences,3/19,みたい,"Like, Similar to","Comme, Semblable à",https://bunpro.jp/grammar_points/%E3%81%BF%E3%81%9F%E3%81%84,https://bunpro.jp/fr/grammar_points/%E3%81%BF%E3%81%9F%E3%81%84,https://bunpro.jp/ja/grammar_points/%E3%81%BF%E3%81%9F%E3%81%84
N4,Leçon 3,Opinions et apparences,4/19,こと,Nominalizer,Nominalisateur verbal,https://bunpro.jp/grammar_points/%E3%81%93%E3%81%A8,https://bunpro.jp/fr/grammar_points/%E3%81%93%E3%81%A8,https://bunpro.jp/ja/grammar_points/%E3%81%93%E3%81%A8
N4,Leçon 3,Opinions et apparences,5/19,そう,"Look like, Seem","Sembler, Paraître",https://bunpro.jp/grammar_points/%E3%81%9D%E3%81%86,https://bunpro.jp/fr/grammar_points/%E3%81%9D%E3%81%86,https://bunpro.jp/ja/grammar_points/%E3%81%9D%E3%81%86
N4,Leçon 3,Opinions et apparences,6/19,さ,Converting adjectives to nouns,Conversion adj. en nom,https://bunpro.jp/grammar_points/%E3%81%95,https://bunpro.jp/fr/grammar_points/%E3%81%95,https://bunpro.jp/ja/grammar_points/%E3%81%95
N4,Leçon 3,Opinions et apparences,7/19,とか～とか,"Such as, For example","Entre autres, Par exemple",https://bunpro.jp/grammar_points/%E3%81%A8%E3%81%8B-%E3%81%A8%E3%81%8B,https://bunpro.jp/fr/grammar_points/%E3%81%A8%E3%81%8B-%E3%81%A8%E3%81%8B,https://bunpro.jp/ja/grammar_points/%E3%81%A8%E3%81%8B-%E3%81%A8%E3%81%8B
N4,Leçon 3,Opinions et apparences,8/19,そういう,"Like that, Kind of","Comme ça, De ce genre",https://bunpro.jp/grammar_points/%E3%81%9D%E3%81%86%E3%81%84%E3%81%86,https://bunpro.jp/fr/grammar_points/%E3%81%9D%E3%81%86%E3%81%84%E3%81%86,https://bunpro.jp/ja/grammar_points/%E3%81%9D%E3%81%86%E3%81%84%E3%81%86
N4,Leçon 3,Opinions et apparences,9/19,Verb[よう],Let's (casual volitional),Allons ~ (informel),https://bunpro.jp/grammar_points/%E3%82%88%E3%81%86-%E3%81%8A%E3%81%86,https://bunpro.jp/fr/grammar_points/%E3%82%88%E3%81%86-%E3%81%8A%E3%81%86,https://bunpro.jp/ja/grammar_points/%E3%82%88%E3%81%86-%E3%81%8A%E3%81%86
N4,Leçon 3,Opinions et apparences,10/19,ようだ,It seems that,Il semble que,https://bunpro.jp/grammar_points/%E3%82%88%E3%81%86%E3%81%A0,https://bunpro.jp/fr/grammar_points/%E3%82%88%E3%81%86%E3%81%A0,https://bunpro.jp/ja/grammar_points/%E3%82%88%E3%81%86%E3%81%A0
N4,Leçon 3,Opinions et apparences,11/19,ぜんぜん,Not at all,Pas du tout,https://bunpro.jp/grammar_points/%E3%81%9C%E3%82%93%E3%81%9C%E3%82%93,https://bunpro.jp/fr/grammar_points/%E3%81%9C%E3%82%93%E3%81%9C%E3%82%93,https://bunpro.jp/ja/grammar_points/%E3%81%9C%E3%82%93%E3%81%9C%E3%82%93
N4,Leçon 3,Opinions et apparences,12/19,かな,I wonder,Je me demande,https://bunpro.jp/grammar_points/%E3%81%8B%E3%81%AA,https://bunpro.jp/fr/grammar_points/%E3%81%8B%E3%81%AA,https://bunpro.jp/ja/grammar_points/%E3%81%8B%E3%81%AA
N4,Leçon 3,Opinions et apparences,13/19,あまり～ない,"Not very, Hardly","Pas très, À peine",https://bunpro.jp/grammar_points/%E3%81%82%E3%81%BE%E3%82%8A-%E3%81%AA%E3%81%84,https://bunpro.jp/fr/grammar_points/%E3%81%82%E3%81%BE%E3%82%8A-%E3%81%AA%E3%81%84,https://bunpro.jp/ja/grammar_points/%E3%81%82%E3%81%BE%E3%82%8A-%E3%81%AA%E3%81%84
N4,Leçon 3,Opinions et apparences,14/19,ば,If…then (conditional),Si… alors (conditionnel),https://bunpro.jp/grammar_points/%E3%81%B0,https://bunpro.jp/fr/grammar_points/%E3%81%B0,https://bunpro.jp/ja/grammar_points/%E3%81%B0
N4,Leçon 3,Opinions et apparences,15/19,なら,If it's the case (conditional),"Si, Quant à (conditionnel)",https://bunpro.jp/grammar_points/%E3%81%AA%E3%82%89,https://bunpro.jp/fr/grammar_points/%E3%81%AA%E3%82%89,https://bunpro.jp/ja/grammar_points/%E3%81%AA%E3%82%89
N4,Leçon 3,Opinions et apparences,16/19,がる,"To feel, To seem to want","Sembler vouloir, Ressentir",https://bunpro.jp/grammar_points/%E3%81%8C%E3%82%8B,https://bunpro.jp/fr/grammar_points/%E3%81%8C%E3%82%8B,https://bunpro.jp/ja/grammar_points/%E3%81%8C%E3%82%8B
N4,Leçon 3,Opinions et apparences,17/19,がする,"Smell, Sound, Taste (sensation)","Odeur, Son, Goût, Sensation",https://bunpro.jp/grammar_points/%E3%81%8C%E3%81%99%E3%82%8B,https://bunpro.jp/fr/grammar_points/%E3%81%8C%E3%81%99%E3%82%8B,https://bunpro.jp/ja/grammar_points/%E3%81%8C%E3%81%99%E3%82%8B
N4,Leçon 3,Opinions et apparences,18/19,する (Have/Wear),"Have a feature, Wear accessory","Avoir, Porter",https://bunpro.jp/grammar_points/%E3%81%99%E3%82%8B-wear,https://bunpro.jp/fr/grammar_points/%E3%81%99%E3%82%8B-wear,https://bunpro.jp/ja/grammar_points/%E3%81%99%E3%82%8B-wear
N4,Leçon 3,Opinions et apparences,19/19,たがる,Want to (3rd person),Vouloir (3ème personne),https://bunpro.jp/grammar_points/%E3%81%9F%E3%81%8C%E3%82%8B,https://bunpro.jp/fr/grammar_points/%E3%81%9F%E3%81%8C%E3%82%8B,https://bunpro.jp/ja/grammar_points/%E3%81%9F%E3%81%8C%E3%82%8B
N4,Leçon 4,"Peut-être, Avoir l'air",1/20,かもしれない,"Might, Maybe","Peut-être, Probablement",https://bunpro.jp/grammar_points/%E3%81%8B%E3%82%82%E3%81%97%E3%82%8C%E3%81%AA%E3%81%84,https://bunpro.jp/fr/grammar_points/%E3%81%8B%E3%82%82%E3%81%97%E3%82%8C%E3%81%AA%E3%81%84,https://bunpro.jp/ja/grammar_points/%E3%81%8B%E3%82%82%E3%81%97%E3%82%8C%E3%81%AA%E3%81%84
N4,Leçon 4,"Peut-être, Avoir l'air",2/20,みたいに・みたいな,"Like, Resembling","Comme, Semblable à",https://bunpro.jp/grammar_points/%E3%81%BF%E3%81%9F%E3%81%84%E3%81%AB-%E3%81%BF%E3%81%9F%E3%81%84%E3%81%AA,https://bunpro.jp/fr/grammar_points/%E3%81%BF%E3%81%9F%E3%81%84%E3%81%AB-%E3%81%BF%E3%81%9F%E3%81%84%E3%81%AA,https://bunpro.jp/ja/grammar_points/%E3%81%BF%E3%81%9F%E3%81%84%E3%81%AB-%E3%81%BF%E3%81%9F%E3%81%84%E3%81%AA
N4,Leçon 4,"Peut-être, Avoir l'air",3/20,そうに・そうな,"Seem, Look like","Sembler, Avoir l'air",https://bunpro.jp/grammar_points/%E3%81%9D%E3%81%86%E3%81%AB-%E3%81%9D%E3%81%86%E3%81%AA,https://bunpro.jp/fr/grammar_points/%E3%81%9D%E3%81%86%E3%81%AB-%E3%81%9D%E3%81%86%E3%81%AA,https://bunpro.jp/ja/grammar_points/%E3%81%9D%E3%81%86%E3%81%AB-%E3%81%9D%E3%81%86%E3%81%AA
N4,Leçon 4,"Peut-être, Avoir l'air",4/20,のように・のような,Like (noun),Comme (nom),https://bunpro.jp/grammar_points/%E3%81%AE%E3%82%88%E3%81%86%E3%81%AB-%E3%81%AE%E3%82%88%E3%81%86%E3%81%AA,https://bunpro.jp/fr/grammar_points/%E3%81%AE%E3%82%88%E3%81%86%E3%81%AB-%E3%81%AE%E3%82%88%E3%81%86%E3%81%AA,https://bunpro.jp/ja/grammar_points/%E3%81%AE%E3%82%88%E3%81%86%E3%81%AB-%E3%81%AE%E3%82%88%E3%81%86%E3%81%AA
N4,Leçon 4,"Peut-être, Avoir l'air",5/20,ようと思う・おうと思う,I think I will,Je pense que je vais,https://bunpro.jp/grammar_points/%E3%82%88%E3%81%86%E3%81%A8%E6%80%9D%E3%81%86-%E3%81%8A%E3%81%86%E3%81%A8%E6%80%9D%E3%81%86,https://bunpro.jp/fr/grammar_points/%E3%82%88%E3%81%86%E3%81%A8%E6%80%9D%E3%81%86-%E3%81%8A%E3%81%86%E3%81%A8%E6%80%9D%E3%81%86,https://bunpro.jp/ja/grammar_points/%E3%82%88%E3%81%86%E3%81%A8%E6%80%9D%E3%81%86-%E3%81%8A%E3%81%86%E3%81%A8%E6%80%9D%E3%81%86
N4,Leçon 4,"Peut-être, Avoir l'air",6/20,く・に,~ly (adverbs),~ment (adverbes),https://bunpro.jp/grammar_points/describing-verbs,https://bunpro.jp/fr/grammar_points/describing-verbs,https://bunpro.jp/ja/grammar_points/describing-verbs
N4,Leçon 4,"Peut-être, Avoir l'air",7/20,にする・くする,To make something (more),Rendre (plus),https://bunpro.jp/grammar_points/%E3%81%AB%E3%81%99%E3%82%8B-%E3%81%8F%E3%81%99%E3%82%8B,https://bunpro.jp/fr/grammar_points/%E3%81%AB%E3%81%99%E3%82%8B-%E3%81%8F%E3%81%99%E3%82%8B,https://bunpro.jp/ja/grammar_points/%E3%81%AB%E3%81%99%E3%82%8B-%E3%81%8F%E3%81%99%E3%82%8B
N4,Leçon 4,"Peut-être, Avoir l'air",8/20,くは,Emphasis and contrast,Accentuation et contraste,https://bunpro.jp/grammar_points/%E3%81%8F%E3%81%AF,https://bunpro.jp/fr/grammar_points/%E3%81%8F%E3%81%AF,https://bunpro.jp/ja/grammar_points/%E3%81%8F%E3%81%AF
N4,Leçon 4,"Peut-être, Avoir l'air",9/20,といい,"I hope, You should","J'espère, Ce serait bien",https://bunpro.jp/grammar_points/%E3%81%A8%E3%81%84%E3%81%84,https://bunpro.jp/fr/grammar_points/%E3%81%A8%E3%81%84%E3%81%84,https://bunpro.jp/ja/grammar_points/%E3%81%A8%E3%81%84%E3%81%84
N4,Leçon 4,"Peut-être, Avoir l'air",10/20,ようになる,"To come to be, To reach the point","En arriver au point, Devenir",https://bunpro.jp/grammar_points/%E3%82%88%E3%81%86%E3%81%AB%E3%81%AA%E3%82%8B,https://bunpro.jp/fr/grammar_points/%E3%82%88%E3%81%86%E3%81%AB%E3%81%AA%E3%82%8B,https://bunpro.jp/ja/grammar_points/%E3%82%88%E3%81%86%E3%81%AB%E3%81%AA%E3%82%8B
N4,Leçon 4,"Peut-être, Avoir l'air",11/20,まい～のように,Almost every ~,Presque chaque ~,https://bunpro.jp/grammar_points/%E3%81%BE%E3%81%84-%E3%81%AE%E3%82%88%E3%81%86%E3%81%AB,https://bunpro.jp/fr/grammar_points/%E3%81%BE%E3%81%84-%E3%81%AE%E3%82%88%E3%81%86%E3%81%AB,https://bunpro.jp/ja/grammar_points/%E3%81%BE%E3%81%84-%E3%81%AE%E3%82%88%E3%81%86%E3%81%AB
N4,Leçon 4,"Peut-être, Avoir l'air",12/20,じゃないか,Isn't it?,N'est-ce pas ?,https://bunpro.jp/grammar_points/%E3%81%98%E3%82%83%E3%81%AA%E3%81%84%E3%81%8B,https://bunpro.jp/fr/grammar_points/%E3%81%98%E3%82%83%E3%81%AA%E3%81%84%E3%81%8B,https://bunpro.jp/ja/grammar_points/%E3%81%98%E3%82%83%E3%81%AA%E3%81%84%E3%81%8B
N4,Leçon 4,"Peut-être, Avoir l'air",13/20,らしい①,"Seems like, Apparently","Il semble que, Apparemment",https://bunpro.jp/grammar_points/%E3%82%89%E3%81%97%E3%81%841,https://bunpro.jp/fr/grammar_points/%E3%82%89%E3%81%97%E3%81%841,https://bunpro.jp/ja/grammar_points/%E3%82%89%E3%81%97%E3%81%841
N4,Leçon 4,"Peut-être, Avoir l'air",14/20,ておく,To do in advance,Faire à l'avance,https://bunpro.jp/grammar_points/%E3%81%A6%E3%81%8A%E3%81%8F,https://bunpro.jp/fr/grammar_points/%E3%81%A6%E3%81%8A%E3%81%8F,https://bunpro.jp/ja/grammar_points/%E3%81%A6%E3%81%8A%E3%81%8F
N4,Leçon 4,"Peut-être, Avoir l'air",15/20,がほしい,To want something,Vouloir quelque chose,https://bunpro.jp/grammar_points/%E3%81%8C%E3%81%BB%E3%81%97%E3%81%84,https://bunpro.jp/fr/grammar_points/%E3%81%8C%E3%81%BB%E3%81%97%E3%81%84,https://bunpro.jp/ja/grammar_points/%E3%81%8C%E3%81%BB%E3%81%97%E3%81%84
N4,Leçon 4,"Peut-être, Avoir l'air",16/20,てほしい,I want you to,Je veux que tu ~,https://bunpro.jp/grammar_points/%E3%81%A6%E3%81%BB%E3%81%97%E3%81%84,https://bunpro.jp/fr/grammar_points/%E3%81%A6%E3%81%BB%E3%81%97%E3%81%84,https://bunpro.jp/ja/grammar_points/%E3%81%A6%E3%81%BB%E3%81%97%E3%81%84
N4,Leçon 4,"Peut-être, Avoir l'air",17/20,ときいた,I heard that,J'ai entendu dire que,https://bunpro.jp/grammar_points/%E3%81%A8%E3%81%8D%E3%81%84%E3%81%9F,https://bunpro.jp/fr/grammar_points/%E3%81%A8%E3%81%8D%E3%81%84%E3%81%9F,https://bunpro.jp/ja/grammar_points/%E3%81%A8%E3%81%8D%E3%81%84%E3%81%9F
N4,Leçon 4,"Peut-être, Avoir l'air",18/20,聞こえる,"To be audible, To sound like","Être audible, Sonner comme",https://bunpro.jp/grammar_points/%E8%81%9E%E3%81%93%E3%81%88%E3%82%8B,https://bunpro.jp/fr/grammar_points/%E8%81%9E%E3%81%93%E3%81%88%E3%82%8B,https://bunpro.jp/ja/grammar_points/%E8%81%9E%E3%81%93%E3%81%88%E3%82%8B
N4,Leçon 4,"Peut-être, Avoir l'air",19/20,見える,"To be visible, To seem","Être visible, Sembler",https://bunpro.jp/grammar_points/%E8%A6%8B%E3%81%88%E3%82%8B,https://bunpro.jp/fr/grammar_points/%E8%A6%8B%E3%81%88%E3%82%8B,https://bunpro.jp/ja/grammar_points/%E8%A6%8B%E3%81%88%E3%82%8B
N4,Leçon 4,"Peut-être, Avoir l'air",20/20,だす,To suddenly begin,Commencer soudainement,https://bunpro.jp/grammar_points/%E3%81%A0%E3%81%99,https://bunpro.jp/fr/grammar_points/%E3%81%A0%E3%81%99,https://bunpro.jp/ja/grammar_points/%E3%81%A0%E3%81%99
N4,Leçon 5,Nombres et quantités,1/23,～代,"Teens, Twenties, 1910s…","la ~aine, les années ~",https://bunpro.jp/grammar_points/%E4%BB%A3,https://bunpro.jp/fr/grammar_points/%E4%BB%A3,https://bunpro.jp/ja/grammar_points/%E4%BB%A3
N4,Leçon 5,Nombres et quantités,2/23,かかる,"Costs/Takes (time, money)","Coûte, Prend (temps, argent)",https://bunpro.jp/grammar_points/%E3%81%8B%E3%81%8B%E3%82%8B-time-cost,https://bunpro.jp/fr/grammar_points/%E3%81%8B%E3%81%8B%E3%82%8B-time-cost,https://bunpro.jp/ja/grammar_points/%E3%81%8B%E3%81%8B%E3%82%8B-time-cost
N4,Leçon 5,Nombres et quantités,3/23,する (Cost),Cost (money),Coûter,https://bunpro.jp/grammar_points/%E3%81%99%E3%82%8B-cost,https://bunpro.jp/fr/grammar_points/%E3%81%99%E3%82%8B-cost,https://bunpro.jp/ja/grammar_points/%E3%81%99%E3%82%8B-cost
N4,Leçon 5,Nombres et quantités,4/23,Number + も,"As many as, Not even","Autant que, Pas même",https://bunpro.jp/grammar_points/number-%E3%82%82,https://bunpro.jp/fr/grammar_points/number-%E3%82%82,https://bunpro.jp/ja/grammar_points/number-%E3%82%82
N4,Leçon 5,Nombres et quantités,5/23,ほとんど,"Almost all, Mostly","Presque tout, La plupart",https://bunpro.jp/grammar_points/%E3%81%BB%E3%81%A8%E3%82%93%E3%81%A9,https://bunpro.jp/fr/grammar_points/%E3%81%BB%E3%81%A8%E3%82%93%E3%81%A9,https://bunpro.jp/ja/grammar_points/%E3%81%BB%E3%81%A8%E3%82%93%E3%81%A9
N4,Leçon 5,Nombres et quantités,6/23,そんな・こんな・あんな・どんな,"Such a, Kind of","Un tel, Genre de",https://bunpro.jp/grammar_points/%E3%81%9D%E3%82%93%E3%81%AA-%E3%81%93%E3%82%93%E3%81%AA-%E3%81%82%E3%82%93%E3%81%AA-%E3%81%A9%E3%82%93%E3%81%AA,https://bunpro.jp/fr/grammar_points/%E3%81%9D%E3%82%93%E3%81%AA-%E3%81%93%E3%82%93%E3%81%AA-%E3%81%82%E3%82%93%E3%81%AA-%E3%81%A9%E3%82%93%E3%81%AA,https://bunpro.jp/ja/grammar_points/%E3%81%9D%E3%82%93%E3%81%AA-%E3%81%93%E3%82%93%E3%81%AA-%E3%81%82%E3%82%93%E3%81%AA-%E3%81%A9%E3%82%93%E3%81%AA
N4,Leçon 5,Nombres et quantités,7/23,各,"Each, Every, Respective","Chaque, Respectif",https://bunpro.jp/grammar_points/%E5%90%84,https://bunpro.jp/fr/grammar_points/%E5%90%84,https://bunpro.jp/ja/grammar_points/%E5%90%84
N4,Leçon 5,Nombres et quantités,8/23,の次に,"Next to (rank), Second to","Après, Juste après",https://bunpro.jp/grammar_points/%E3%81%AE%E6%AC%A1%E3%81%AB,https://bunpro.jp/fr/grammar_points/%E3%81%AE%E6%AC%A1%E3%81%AB,https://bunpro.jp/ja/grammar_points/%E3%81%AE%E6%AC%A1%E3%81%AB
N4,Leçon 5,Nombres et quantités,9/23,以上①,More than (or equal to),"Plus que, Au-dessus de",https://bunpro.jp/grammar_points/%E4%BB%A5%E4%B8%8A1,https://bunpro.jp/fr/grammar_points/%E4%BB%A5%E4%B8%8A1,https://bunpro.jp/ja/grammar_points/%E4%BB%A5%E4%B8%8A1
N4,Leçon 5,Nombres et quantités,10/23,以下,Less than (or equal to),"Moins que, En dessous de",https://bunpro.jp/grammar_points/%E3%81%84%E3%81%8B,https://bunpro.jp/fr/grammar_points/%E3%81%84%E3%81%8B,https://bunpro.jp/ja/grammar_points/%E3%81%84%E3%81%8B
N4,Leçon 5,Nombres et quantités,11/23,以外,"Except, Other than","Sauf, Autre que",https://bunpro.jp/grammar_points/%E3%81%84%E3%81%8C%E3%81%84,https://bunpro.jp/fr/grammar_points/%E3%81%84%E3%81%8C%E3%81%84,https://bunpro.jp/ja/grammar_points/%E3%81%84%E3%81%8C%E3%81%84
N4,Leçon 5,Nombres et quantités,12/23,ずっと①,"Continuously, All throughout","Continuellement, Tout du long",https://bunpro.jp/grammar_points/%E3%81%9A%E3%81%A3%E3%81%A81,https://bunpro.jp/fr/grammar_points/%E3%81%9A%E3%81%A3%E3%81%A81,https://bunpro.jp/ja/grammar_points/%E3%81%9A%E3%81%A3%E3%81%A81
N4,Leçon 5,Nombres et quantités,13/23,だいたい,"Mostly, Roughly","En gros, Généralement",https://bunpro.jp/grammar_points/%E3%81%A0%E3%81%84%E3%81%9F%E3%81%84,https://bunpro.jp/fr/grammar_points/%E3%81%A0%E3%81%84%E3%81%9F%E3%81%84,https://bunpro.jp/ja/grammar_points/%E3%81%A0%E3%81%84%E3%81%9F%E3%81%84
N4,Leçon 5,Nombres et quantités,14/23,のなかで,"In, Among, Within","Dans, Parmi",https://bunpro.jp/grammar_points/%E3%81%AE%E3%81%AA%E3%81%8B%E3%81%A7,https://bunpro.jp/fr/grammar_points/%E3%81%AE%E3%81%AA%E3%81%8B%E3%81%A7,https://bunpro.jp/ja/grammar_points/%E3%81%AE%E3%81%AA%E3%81%8B%E3%81%A7
N4,Leçon 5,Nombres et quantités,15/23,ように・ような,"As, Like","Comme, Avoir l'air de",https://bunpro.jp/grammar_points/%E3%82%88%E3%81%86%E3%81%AB-%E3%82%88%E3%81%86%E3%81%AA,https://bunpro.jp/fr/grammar_points/%E3%82%88%E3%81%86%E3%81%AB-%E3%82%88%E3%81%86%E3%81%AA,https://bunpro.jp/ja/grammar_points/%E3%82%88%E3%81%86%E3%81%AB-%E3%82%88%E3%81%86%E3%81%AA
N4,Leçon 5,Nombres et quantités,16/23,Number/Amount + は,"At least, Or so","Au moins, Environ",https://bunpro.jp/grammar_points/number-amount-%E3%81%AF,https://bunpro.jp/fr/grammar_points/number-amount-%E3%81%AF,https://bunpro.jp/ja/grammar_points/number-amount-%E3%81%AF
N4,Leçon 5,Nombres et quantités,17/23,なん + counter + か,"Some, Several","Quelques, Plusieurs",https://bunpro.jp/grammar_points/%E3%81%AA%E3%82%93-counter-%E3%81%8B,https://bunpro.jp/fr/grammar_points/%E3%81%AA%E3%82%93-counter-%E3%81%8B,https://bunpro.jp/ja/grammar_points/%E3%81%AA%E3%82%93-counter-%E3%81%8B
N4,Leçon 5,Nombres et quantités,18/23,真(っ),"Completely, Exactly","Complètement, Tout à fait",https://bunpro.jp/grammar_points/%E7%9C%9F(%E3%81%A3),https://bunpro.jp/fr/grammar_points/%E7%9C%9F(%E3%81%A3),https://bunpro.jp/ja/grammar_points/%E7%9C%9F(%E3%81%A3)
N4,Leçon 5,Nombres et quantités,19/23,Number + しか〜ない,"No more than, Only","Seulement, Pas plus de",https://bunpro.jp/grammar_points/number-%E3%81%97%E3%81%8B-%E3%81%AA%E3%81%84,https://bunpro.jp/fr/grammar_points/number-%E3%81%97%E3%81%8B-%E3%81%AA%E3%81%84,https://bunpro.jp/ja/grammar_points/number-%E3%81%97%E3%81%8B-%E3%81%AA%E3%81%84
N4,Leçon 5,Nombres et quantités,20/23,～は～の一つだ,~ is one of (many) ~,~ est un parmi ~,https://bunpro.jp/grammar_points/%E3%81%AF-%E3%81%AE%E4%B8%80%E3%81%A4%E3%81%A0,https://bunpro.jp/fr/grammar_points/%E3%81%AF-%E3%81%AE%E4%B8%80%E3%81%A4%E3%81%A0,https://bunpro.jp/ja/grammar_points/%E3%81%AF-%E3%81%AE%E4%B8%80%E3%81%A4%E3%81%A0
N4,Leçon 5,Nombres et quantités,21/23,～ない～はない,There is not ~ that is not,Il n'y a pas de ~ qui ne soit pas,https://bunpro.jp/grammar_points/%E3%81%AA%E3%81%84-%E3%81%AF%E3%81%AA%E3%81%84,https://bunpro.jp/fr/grammar_points/%E3%81%AA%E3%81%84-%E3%81%AF%E3%81%AA%E3%81%84,https://bunpro.jp/ja/grammar_points/%E3%81%AA%E3%81%84-%E3%81%AF%E3%81%AA%E3%81%84
N4,Leçon 5,Nombres et quantités,22/23,すこしも～ない,Not even a little,Pas même un peu,https://bunpro.jp/grammar_points/%E3%81%99%E3%81%93%E3%81%97%E3%82%82-%E3%81%AA%E3%81%84,https://bunpro.jp/fr/grammar_points/%E3%81%99%E3%81%93%E3%81%97%E3%82%82-%E3%81%AA%E3%81%84,https://bunpro.jp/ja/grammar_points/%E3%81%99%E3%81%93%E3%81%97%E3%82%82-%E3%81%AA%E3%81%84
N4,Leçon 5,Nombres et quantités,23/23,すくなくない,"Quite a few, Many","Pas mal de, Beaucoup",https://bunpro.jp/grammar_points/%E3%81%99%E3%81%8F%E3%81%AA%E3%81%8F%E3%81%AA%E3%81%84,https://bunpro.jp/fr/grammar_points/%E3%81%99%E3%81%8F%E3%81%AA%E3%81%8F%E3%81%AA%E3%81%84,https://bunpro.jp/ja/grammar_points/%E3%81%99%E3%81%8F%E3%81%AA%E3%81%8F%E3%81%AA%E3%81%84
N4,Leçon 6,Conditions et cas,1/16,ばあいは,In the event of,En cas de,https://bunpro.jp/grammar_points/%E3%81%B0%E3%81%82%E3%81%84%E3%81%AF,https://bunpro.jp/fr/grammar_points/%E3%81%B0%E3%81%82%E3%81%84%E3%81%AF,https://bunpro.jp/ja/grammar_points/%E3%81%B0%E3%81%82%E3%81%84%E3%81%AF
N4,Leçon 6,Conditions et cas,2/16,Verb[て] (Casual Request),Please do (casual),S'il te plaît (informel),https://bunpro.jp/grammar_points/verb%E3%81%A6-request,https://bunpro.jp/fr/grammar_points/verb%E3%81%A6-request,https://bunpro.jp/ja/grammar_points/verb%E3%81%A6-request
N4,Leçon 6,Conditions et cas,3/16,てよかった,I'm glad that,Je suis content de,https://bunpro.jp/grammar_points/%E3%81%A6%E3%82%88%E3%81%8B%E3%81%A3%E3%81%9F,https://bunpro.jp/fr/grammar_points/%E3%81%A6%E3%82%88%E3%81%8B%E3%81%A3%E3%81%9F,https://bunpro.jp/ja/grammar_points/%E3%81%A6%E3%82%88%E3%81%8B%E3%81%A3%E3%81%9F
N4,Leçon 6,Conditions et cas,4/16,せる・させる (Causative),To make/let someone do,"Faire faire, Laisser faire",https://bunpro.jp/grammar_points/causative,https://bunpro.jp/fr/grammar_points/causative,https://bunpro.jp/ja/grammar_points/causative
N4,Leçon 6,Conditions et cas,5/16,といってもいい,You could say,On pourrait dire que,https://bunpro.jp/grammar_points/%E3%81%A8%E3%81%84%E3%81%A3%E3%81%A6%E3%82%82%E3%81%84%E3%81%84,https://bunpro.jp/fr/grammar_points/%E3%81%A8%E3%81%84%E3%81%A3%E3%81%A6%E3%82%82%E3%81%84%E3%81%84,https://bunpro.jp/ja/grammar_points/%E3%81%A8%E3%81%84%E3%81%A3%E3%81%A6%E3%82%82%E3%81%84%E3%81%84
N4,Leçon 6,Conditions et cas,6/16,ても,"Even if, Even though","Même si, Bien que",https://bunpro.jp/grammar_points/%E3%81%A6%E3%82%82,https://bunpro.jp/fr/grammar_points/%E3%81%A6%E3%82%82,https://bunpro.jp/ja/grammar_points/%E3%81%A6%E3%82%82
N4,Leçon 6,Conditions et cas,7/16,てしまう・ちゃう,"By accident, Completely, Unfortunately","Par accident, Malheureusement",https://bunpro.jp/grammar_points/%E3%81%A6%E3%81%97%E3%81%BE%E3%81%86-%E3%81%A1%E3%82%83%E3%81%86,https://bunpro.jp/fr/grammar_points/%E3%81%A6%E3%81%97%E3%81%BE%E3%81%86-%E3%81%A1%E3%82%83%E3%81%86,https://bunpro.jp/ja/grammar_points/%E3%81%A6%E3%81%97%E3%81%BE%E3%81%86-%E3%81%A1%E3%82%83%E3%81%86
N4,Leçon 6,Conditions et cas,8/16,Verb[て] + B (Reasons),"And so, Because of","Parce que, En raison de",https://bunpro.jp/grammar_points/verb%E3%81%A6-b2,https://bunpro.jp/fr/grammar_points/verb%E3%81%A6-b2,https://bunpro.jp/ja/grammar_points/verb%E3%81%A6-b2
N4,Leçon 6,Conditions et cas,9/16,させられる (Causative-Passive),To be made to do,Être forcé de faire,https://bunpro.jp/grammar_points/causative-passive,https://bunpro.jp/fr/grammar_points/causative-passive,https://bunpro.jp/ja/grammar_points/causative-passive
N4,Leçon 6,Conditions et cas,10/16,Verb[て]・Noun[で] + B (Means),By means of,Par le biais de,https://bunpro.jp/grammar_points/verb-%E3%81%A6-noun-%E3%81%A7-b,https://bunpro.jp/fr/grammar_points/verb-%E3%81%A6-noun-%E3%81%A7-b,https://bunpro.jp/ja/grammar_points/verb-%E3%81%A6-noun-%E3%81%A7-b
N4,Leçon 6,Conditions et cas,11/16,てある,"Has been done, Remaining state","A été fait, Laissé en état",https://bunpro.jp/grammar_points/%E3%81%A6%E3%81%82%E3%82%8B,https://bunpro.jp/fr/grammar_points/%E3%81%A6%E3%81%82%E3%82%8B,https://bunpro.jp/ja/grammar_points/%E3%81%A6%E3%81%82%E3%82%8B
N4,Leçon 6,Conditions et cas,12/16,ように～てほしい,Want ~ to be able to ~,Vouloir que ~ puisse ~,https://bunpro.jp/grammar_points/%E3%82%88%E3%81%86%E3%81%AB-%E3%81%A6%E3%81%BB%E3%81%97%E3%81%84,https://bunpro.jp/fr/grammar_points/%E3%82%88%E3%81%86%E3%81%AB-%E3%81%A6%E3%81%BB%E3%81%97%E3%81%84,https://bunpro.jp/ja/grammar_points/%E3%82%88%E3%81%86%E3%81%AB-%E3%81%A6%E3%81%BB%E3%81%97%E3%81%84
N4,Leçon 6,Conditions et cas,13/16,ているあいだに,"While, During the time that",Pendant que,https://bunpro.jp/grammar_points/%E3%81%A6%E3%81%84%E3%82%8B%E3%81%82%E3%81%84%E3%81%A0%E3%81%AB,https://bunpro.jp/fr/grammar_points/%E3%81%A6%E3%81%84%E3%82%8B%E3%81%82%E3%81%84%E3%81%A0%E3%81%AB,https://bunpro.jp/ja/grammar_points/%E3%81%A6%E3%81%84%E3%82%8B%E3%81%82%E3%81%84%E3%81%A0%E3%81%AB
N4,Leçon 6,Conditions et cas,14/16,なくてもいい,Don't have to,Ne pas être obligé de,https://bunpro.jp/grammar_points/%E3%81%AA%E3%81%8F%E3%81%A6%E3%82%82%E3%81%84%E3%81%84,https://bunpro.jp/fr/grammar_points/%E3%81%AA%E3%81%8F%E3%81%A6%E3%82%82%E3%81%84%E3%81%84,https://bunpro.jp/ja/grammar_points/%E3%81%AA%E3%81%8F%E3%81%A6%E3%82%82%E3%81%84%E3%81%84
N4,Leçon 6,Conditions et cas,15/16,てみる,To try to,Essayer de,https://bunpro.jp/grammar_points/%E3%81%A6%E3%81%BF%E3%82%8B,https://bunpro.jp/fr/grammar_points/%E3%81%A6%E3%81%BF%E3%82%8B,https://bunpro.jp/ja/grammar_points/%E3%81%A6%E3%81%BF%E3%82%8B
N4,Leçon 6,Conditions et cas,16/16,てすみません,I'm sorry for ~ing,Je suis désolé de,https://bunpro.jp/grammar_points/%E3%81%A6%E3%81%99%E3%81%BF%E3%81%BE%E3%81%9B%E3%82%93,https://bunpro.jp/fr/grammar_points/%E3%81%A6%E3%81%99%E3%81%BF%E3%81%BE%E3%81%9B%E3%82%93,https://bunpro.jp/ja/grammar_points/%E3%81%A6%E3%81%99%E3%81%BF%E3%81%BE%E3%81%9B%E3%82%93
N4,Leçon 7,"Donner, recevoir (avancé)",1/18,てあげる,To do for someone,Faire pour quelqu'un,https://bunpro.jp/grammar_points/%E3%81%A6%E3%81%82%E3%81%92%E3%82%8B,https://bunpro.jp/fr/grammar_points/%E3%81%A6%E3%81%82%E3%81%92%E3%82%8B,https://bunpro.jp/ja/grammar_points/%E3%81%A6%E3%81%82%E3%81%92%E3%82%8B
N4,Leçon 7,"Donner, recevoir (avancé)",2/18,てくれる,To do for me/us,Faire pour nous,https://bunpro.jp/grammar_points/%E3%81%A6%E3%81%8F%E3%82%8C%E3%82%8B,https://bunpro.jp/fr/grammar_points/%E3%81%A6%E3%81%8F%E3%82%8C%E3%82%8B,https://bunpro.jp/ja/grammar_points/%E3%81%A6%E3%81%8F%E3%82%8C%E3%82%8B
N4,Leçon 7,"Donner, recevoir (avancé)",3/18,てもらう,To have someone do,Faire faire par,https://bunpro.jp/grammar_points/%E3%81%A6%E3%82%82%E3%82%89%E3%81%86,https://bunpro.jp/fr/grammar_points/%E3%81%A6%E3%82%82%E3%82%89%E3%81%86,https://bunpro.jp/ja/grammar_points/%E3%81%A6%E3%82%82%E3%82%89%E3%81%86
N4,Leçon 7,"Donner, recevoir (avancé)",4/18,なさい,Command to do,Ordre de faire,https://bunpro.jp/grammar_points/%E3%81%AA%E3%81%95%E3%81%84,https://bunpro.jp/fr/grammar_points/%E3%81%AA%E3%81%95%E3%81%84,https://bunpro.jp/ja/grammar_points/%E3%81%AA%E3%81%95%E3%81%84
N4,Leçon 7,"Donner, recevoir (avancé)",5/18,Verb[て] + B (Non-Sequence),"And, But (contrast)","Et, Mais (contraste)",https://bunpro.jp/grammar_points/verb%E3%81%A6-b,https://bunpro.jp/fr/grammar_points/verb%E3%81%A6-b,https://bunpro.jp/ja/grammar_points/verb%E3%81%A6-b
N4,Leçon 7,"Donner, recevoir (avancé)",6/18,Verb[ないで] (Casual Request),Please don't (casual),S'il te plaît ne ~ pas,https://bunpro.jp/grammar_points/verb-%E3%81%AA%E3%81%84%E3%81%A7,https://bunpro.jp/fr/grammar_points/verb-%E3%81%AA%E3%81%84%E3%81%A7,https://bunpro.jp/ja/grammar_points/verb-%E3%81%AA%E3%81%84%E3%81%A7
N4,Leçon 7,"Donner, recevoir (avancé)",7/18,てくれてありがとう,Thank you for ~ing,Merci d'avoir ~,https://bunpro.jp/grammar_points/%E3%81%A6%E3%81%8F%E3%82%8C%E3%81%A6%E3%81%82%E3%82%8A%E3%81%8C%E3%81%A8%E3%81%86,https://bunpro.jp/fr/grammar_points/%E3%81%A6%E3%81%8F%E3%82%8C%E3%81%A6%E3%81%82%E3%82%8A%E3%81%8C%E3%81%A8%E3%81%86,https://bunpro.jp/ja/grammar_points/%E3%81%A6%E3%81%8F%E3%82%8C%E3%81%A6%E3%81%82%E3%82%8A%E3%81%8C%E3%81%A8%E3%81%86
N4,Leçon 7,"Donner, recevoir (avancé)",8/18,てくれない・てもらえない,"Won't you?, Could you?","Ne veux-tu pas ?, Pourriez-vous ?",https://bunpro.jp/grammar_points/%E3%81%A6%E3%81%8F%E3%82%8C%E3%81%AA%E3%81%84-%E3%81%A6%E3%82%82%E3%82%89%E3%81%88%E3%81%AA%E3%81%84,https://bunpro.jp/fr/grammar_points/%E3%81%A6%E3%81%8F%E3%82%8C%E3%81%AA%E3%81%84-%E3%81%A6%E3%82%82%E3%82%89%E3%81%88%E3%81%AA%E3%81%84,https://bunpro.jp/ja/grammar_points/%E3%81%A6%E3%81%8F%E3%82%8C%E3%81%AA%E3%81%84-%E3%81%A6%E3%82%82%E3%82%89%E3%81%88%E3%81%AA%E3%81%84
N4,Leçon 7,"Donner, recevoir (avancé)",9/18,のだろうか,I wonder...,Je me demande si...,https://bunpro.jp/grammar_points/%E3%81%AE%E3%81%A0%E3%82%8D%E3%81%86%E3%81%8B,https://bunpro.jp/fr/grammar_points/%E3%81%AE%E3%81%A0%E3%82%8D%E3%81%86%E3%81%8B,https://bunpro.jp/ja/grammar_points/%E3%81%AE%E3%81%A0%E3%82%8D%E3%81%86%E3%81%8B
N4,Leçon 7,"Donner, recevoir (avancé)",10/18,お～になる,To do (honorific),Faire (honorifique),https://bunpro.jp/grammar_points/%E3%81%8A-%E3%81%AB%E3%81%AA%E3%82%8B,https://bunpro.jp/fr/grammar_points/%E3%81%8A-%E3%81%AB%E3%81%AA%E3%82%8B,https://bunpro.jp/ja/grammar_points/%E3%81%8A-%E3%81%AB%E3%81%AA%E3%82%8B
N4,Leçon 7,"Donner, recevoir (avancé)",11/18,なさる,To do (honorific),Faire (honorifique),https://bunpro.jp/grammar_points/%E3%81%AA%E3%81%95%E3%82%8B,https://bunpro.jp/fr/grammar_points/%E3%81%AA%E3%81%95%E3%82%8B,https://bunpro.jp/ja/grammar_points/%E3%81%AA%E3%81%95%E3%82%8B
N4,Leçon 7,"Donner, recevoir (avancé)",12/18,お～ください,Please do (honorific),Veuillez faire (honorifique),https://bunpro.jp/grammar_points/%E3%81%8A-%E3%81%8F%E3%81%A0%E3%81%95%E3%81%84,https://bunpro.jp/fr/grammar_points/%E3%81%8A-%E3%81%8F%E3%81%A0%E3%81%95%E3%81%84,https://bunpro.jp/ja/grammar_points/%E3%81%8A-%E3%81%8F%E3%81%A0%E3%81%95%E3%81%84
N4,Leçon 7,"Donner, recevoir (avancé)",13/18,いらっしゃる,To be/come/go (honorific),Être/Venir/Aller (honorifique),https://bunpro.jp/grammar_points/%E3%81%84%E3%82%89%E3%81%A3%E3%81%97%E3%82%83%E3%82%8B,https://bunpro.jp/fr/grammar_points/%E3%81%84%E3%82%89%E3%81%A3%E3%81%97%E3%82%83%E3%82%8B,https://bunpro.jp/ja/grammar_points/%E3%81%84%E3%82%89%E3%81%A3%E3%81%97%E3%82%83%E3%82%8B
N4,Leçon 7,"Donner, recevoir (avancé)",14/18,ございます,"To be, To exist (polite)","Être, Exister (poli)",https://bunpro.jp/grammar_points/%E3%81%94%E3%81%96%E3%81%84%E3%81%BE%E3%81%99,https://bunpro.jp/fr/grammar_points/%E3%81%94%E3%81%96%E3%81%84%E3%81%BE%E3%81%99,https://bunpro.jp/ja/grammar_points/%E3%81%94%E3%81%96%E3%81%84%E3%81%BE%E3%81%99
N4,Leçon 7,"Donner, recevoir (avancé)",15/18,でございます,To be (polite copula),Être (copule polie),https://bunpro.jp/grammar_points/%E3%81%A7%E3%81%94%E3%81%96%E3%81%84%E3%81%BE%E3%81%99,https://bunpro.jp/fr/grammar_points/%E3%81%A7%E3%81%94%E3%81%96%E3%81%84%E3%81%BE%E3%81%99,https://bunpro.jp/ja/grammar_points/%E3%81%A7%E3%81%94%E3%81%96%E3%81%84%E3%81%BE%E3%81%99
N4,Leçon 7,"Donner, recevoir (avancé)",16/18,お〜する,I humbly do (humble),Faire humblement,https://bunpro.jp/grammar_points/%E3%81%8A-%E3%81%99%E3%82%8B,https://bunpro.jp/fr/grammar_points/%E3%81%8A-%E3%81%99%E3%82%8B,https://bunpro.jp/ja/grammar_points/%E3%81%8A-%E3%81%99%E3%82%8B
N4,Leçon 7,"Donner, recevoir (avancé)",17/18,いたす,To do (humble),Faire humblement,https://bunpro.jp/grammar_points/%E3%81%84%E3%81%9F%E3%81%99,https://bunpro.jp/fr/grammar_points/%E3%81%84%E3%81%9F%E3%81%99,https://bunpro.jp/ja/grammar_points/%E3%81%84%E3%81%9F%E3%81%99
N4,Leçon 7,"Donner, recevoir (avancé)",18/18,ていただけませんか,Could you please (humble),Ne voudriez-vous pas (humble),https://bunpro.jp/grammar_points/%E3%81%A6%E3%81%84%E3%81%9F%E3%81%A0%E3%81%91%E3%81%BE%E3%81%9B%E3%82%93%E3%81%8B,https://bunpro.jp/fr/grammar_points/%E3%81%A6%E3%81%84%E3%81%9F%E3%81%A0%E3%81%91%E3%81%BE%E3%81%9B%E3%82%93%E3%81%8B,https://bunpro.jp/ja/grammar_points/%E3%81%A6%E3%81%84%E3%81%9F%E3%81%A0%E3%81%91%E3%81%BE%E3%81%9B%E3%82%93%E3%81%8B
N4,Leçon 8,Conditions et nécessité,1/18,たら,"When, If (conditional)","Quand, Si (conditionnel)",https://bunpro.jp/grammar_points/%E3%81%9F%E3%82%89,https://bunpro.jp/fr/grammar_points/%E3%81%9F%E3%82%89,https://bunpro.jp/ja/grammar_points/%E3%81%9F%E3%82%89
N4,Leçon 8,Conditions et nécessité,2/18,ほかに(も)・ほか(に)は,"Other, Besides","Autre, En plus, À part",https://bunpro.jp/grammar_points/%E3%81%BB%E3%81%8B%E3%81%AB%E3%82%82-%E3%81%BB%E3%81%8B%E3%81%AB%E3%81%AF,https://bunpro.jp/fr/grammar_points/%E3%81%BB%E3%81%8B%E3%81%AB%E3%82%82-%E3%81%BB%E3%81%8B%E3%81%AB%E3%81%AF,https://bunpro.jp/ja/grammar_points/%E3%81%BB%E3%81%8B%E3%81%AB%E3%82%82-%E3%81%BB%E3%81%8B%E3%81%AB%E3%81%AF
N4,Leçon 8,Conditions et nécessité,3/18,がひつよう,"Need, Necessary","Besoin, Nécessaire",https://bunpro.jp/grammar_points/%E3%81%8C%E3%81%B2%E3%81%A4%E3%82%88%E3%81%86,https://bunpro.jp/fr/grammar_points/%E3%81%8C%E3%81%B2%E3%81%A4%E3%82%88%E3%81%86,https://bunpro.jp/ja/grammar_points/%E3%81%8C%E3%81%B2%E3%81%A4%E3%82%88%E3%81%86
N4,Leçon 8,Conditions et nécessité,4/18,そんなに,"So (much), That much","Tellement, Autant",https://bunpro.jp/grammar_points/%E3%81%9D%E3%82%93%E3%81%AA%E3%81%AB,https://bunpro.jp/fr/grammar_points/%E3%81%9D%E3%82%93%E3%81%AA%E3%81%AB,https://bunpro.jp/ja/grammar_points/%E3%81%9D%E3%82%93%E3%81%AA%E3%81%AB
N4,Leçon 8,Conditions et nécessité,5/18,ひつようがある,It is necessary to,Il est nécessaire de,https://bunpro.jp/grammar_points/%E3%81%B2%E3%81%A4%E3%82%88%E3%81%86%E3%81%8C%E3%81%82%E3%82%8B,https://bunpro.jp/fr/grammar_points/%E3%81%B2%E3%81%A4%E3%82%88%E3%81%86%E3%81%8C%E3%81%82%E3%82%8B,https://bunpro.jp/ja/grammar_points/%E3%81%B2%E3%81%A4%E3%82%88%E3%81%86%E3%81%8C%E3%81%82%E3%82%8B
N4,Leçon 8,Conditions et nécessité,6/18,たとえば,For example,Par exemple,https://bunpro.jp/grammar_points/%E3%81%9F%E3%81%A8%E3%81%88%E3%81%B0,https://bunpro.jp/fr/grammar_points/%E3%81%9F%E3%81%A8%E3%81%88%E3%81%B0,https://bunpro.jp/ja/grammar_points/%E3%81%9F%E3%81%A8%E3%81%88%E3%81%B0
N4,Leçon 8,Conditions et nécessité,7/18,れる・られる (Potential),"To be able to, Can","Être capable de, Pouvoir",https://bunpro.jp/grammar_points/Verb[potential],https://bunpro.jp/fr/grammar_points/Verb[potential],https://bunpro.jp/ja/grammar_points/Verb[potential]
N4,Leçon 8,Conditions et nécessité,8/18,んだけど・んですが,"But..., And...","Mais..., Et...",https://bunpro.jp/grammar_points/%E3%82%93%E3%81%A0%E3%81%91%E3%81%A9-%E3%82%93%E3%81%A7%E3%81%99%E3%81%8C,https://bunpro.jp/fr/grammar_points/%E3%82%93%E3%81%A0%E3%81%91%E3%81%A9-%E3%82%93%E3%81%A7%E3%81%99%E3%81%8C,https://bunpro.jp/ja/grammar_points/%E3%82%93%E3%81%A0%E3%81%91%E3%81%A9-%E3%82%93%E3%81%A7%E3%81%99%E3%81%8C
N4,Leçon 8,Conditions et nécessité,9/18,はずだ,"Expected to, Should be","Être censé, Devrait",https://bunpro.jp/grammar_points/%E3%81%AF%E3%81%9A%E3%81%A0,https://bunpro.jp/fr/grammar_points/%E3%81%AF%E3%81%9A%E3%81%A0,https://bunpro.jp/ja/grammar_points/%E3%81%AF%E3%81%9A%E3%81%A0
N4,Leçon 8,Conditions et nécessité,10/18,かどうか,Whether or not,Si oui ou non,https://bunpro.jp/grammar_points/%E3%81%8B%E3%81%A9%E3%81%86%E3%81%8B,https://bunpro.jp/fr/grammar_points/%E3%81%8B%E3%81%A9%E3%81%86%E3%81%8B,https://bunpro.jp/ja/grammar_points/%E3%81%8B%E3%81%A9%E3%81%86%E3%81%8B
N4,Leçon 8,Conditions et nécessité,11/18,と (Conditional),"If, When (conditional)","Si, Quand (conditionnel)",https://bunpro.jp/grammar_points/%E3%81%A8-conditional,https://bunpro.jp/fr/grammar_points/%E3%81%A8-conditional,https://bunpro.jp/ja/grammar_points/%E3%81%A8-conditional
N4,Leçon 8,Conditions et nécessité,12/18,ないと,"Must, Have to","Doit, Il faut",https://bunpro.jp/grammar_points/%E3%81%AA%E3%81%84%E3%81%A8,https://bunpro.jp/fr/grammar_points/%E3%81%AA%E3%81%84%E3%81%A8,https://bunpro.jp/ja/grammar_points/%E3%81%AA%E3%81%84%E3%81%A8
N4,Leçon 8,Conditions et nécessité,13/18,はずがない,"Cannot be, Highly unlikely","Peu probable, Impossible",https://bunpro.jp/grammar_points/%E3%81%AF%E3%81%9A%E3%81%8C%E3%81%AA%E3%81%84,https://bunpro.jp/fr/grammar_points/%E3%81%AF%E3%81%9A%E3%81%8C%E3%81%AA%E3%81%84,https://bunpro.jp/ja/grammar_points/%E3%81%AF%E3%81%9A%E3%81%8C%E3%81%AA%E3%81%84
N4,Leçon 8,Conditions et nécessité,14/18,しか～ない,"Nothing but, There's only","Il n'y a que, Rien d'autre",https://bunpro.jp/grammar_points/%E3%81%97%E3%81%8B-%E3%81%AA%E3%81%84,https://bunpro.jp/fr/grammar_points/%E3%81%97%E3%81%8B-%E3%81%AA%E3%81%84,https://bunpro.jp/ja/grammar_points/%E3%81%97%E3%81%8B-%E3%81%AA%E3%81%84
N4,Leçon 8,Conditions et nécessité,15/18,だけでなく,Not only… but also,Non seulement… mais aussi,https://bunpro.jp/grammar_points/%E3%81%A0%E3%81%91%E3%81%A7%E3%81%AA%E3%81%8F,https://bunpro.jp/fr/grammar_points/%E3%81%A0%E3%81%91%E3%81%A7%E3%81%AA%E3%81%8F,https://bunpro.jp/ja/grammar_points/%E3%81%A0%E3%81%91%E3%81%A7%E3%81%AA%E3%81%8F
N4,Leçon 8,Conditions et nécessité,16/18,ことができる,"Can, Be able to","Pouvoir, Être capable de",https://bunpro.jp/grammar_points/%E3%81%93%E3%81%A8%E3%81%8C%E3%81%A7%E3%81%8D%E3%82%8B,https://bunpro.jp/fr/grammar_points/%E3%81%93%E3%81%A8%E3%81%8C%E3%81%A7%E3%81%8D%E3%82%8B,https://bunpro.jp/ja/grammar_points/%E3%81%93%E3%81%A8%E3%81%8C%E3%81%A7%E3%81%8D%E3%82%8B
N4,Leçon 8,Conditions et nécessité,17/18,かい,Question marker (casual),Marqueur de question informel,https://bunpro.jp/grammar_points/%E3%81%8B%E3%81%84,https://bunpro.jp/fr/grammar_points/%E3%81%8B%E3%81%84,https://bunpro.jp/ja/grammar_points/%E3%81%8B%E3%81%84
N4,Leçon 8,Conditions et nécessité,18/18,もし,If (emphasis),Si (emphase),https://bunpro.jp/grammar_points/%E3%82%82%E3%81%97,https://bunpro.jp/fr/grammar_points/%E3%82%82%E3%81%97,https://bunpro.jp/ja/grammar_points/%E3%82%82%E3%81%97
N4,Leçon 9,Connexions et habitudes,1/16,し～し,"And, Giving reasons","Et, Donner des raisons",https://bunpro.jp/grammar_points/%E3%81%97-%E3%81%97,https://bunpro.jp/fr/grammar_points/%E3%81%97-%E3%81%97,https://bunpro.jp/ja/grammar_points/%E3%81%97-%E3%81%97
N4,Leçon 9,Connexions et habitudes,2/16,でできる・からできる,"Made of, Made from","Fait de, Fait à partir de",https://bunpro.jp/grammar_points/%E3%81%A7%E3%81%A7%E3%81%8D%E3%82%8B-%E3%81%8B%E3%82%89%E3%81%A7%E3%81%8D%E3%82%8B,https://bunpro.jp/fr/grammar_points/%E3%81%A7%E3%81%A7%E3%81%8D%E3%82%8B-%E3%81%8B%E3%82%89%E3%81%A7%E3%81%8D%E3%82%8B,https://bunpro.jp/ja/grammar_points/%E3%81%A7%E3%81%A7%E3%81%8D%E3%82%8B-%E3%81%8B%E3%82%89%E3%81%A7%E3%81%8D%E3%82%8B
N4,Leçon 9,Connexions et habitudes,3/16,ながら,While ~ing,"En ~ant, Tout en",https://bunpro.jp/grammar_points/%E3%81%AA%E3%81%8C%E3%82%89,https://bunpro.jp/fr/grammar_points/%E3%81%AA%E3%81%8C%E3%82%89,https://bunpro.jp/ja/grammar_points/%E3%81%AA%E3%81%8C%E3%82%89
N4,Leçon 9,Connexions et habitudes,4/16,たところだ,Just finished doing,Vient de finir de faire,https://bunpro.jp/grammar_points/%E3%81%9F%E3%81%A8%E3%81%93%E3%82%8D%E3%81%A0,https://bunpro.jp/fr/grammar_points/%E3%81%9F%E3%81%A8%E3%81%93%E3%82%8D%E3%81%A0,https://bunpro.jp/ja/grammar_points/%E3%81%9F%E3%81%A8%E3%81%93%E3%82%8D%E3%81%A0
N4,Leçon 9,Connexions et habitudes,5/16,ているところだ,In the process of doing now,Être en train de faire,https://bunpro.jp/grammar_points/%E3%81%A6%E3%81%84%E3%82%8B%E3%81%A8%E3%81%93%E3%82%8D%E3%81%A0,https://bunpro.jp/fr/grammar_points/%E3%81%A6%E3%81%84%E3%82%8B%E3%81%A8%E3%81%93%E3%82%8D%E3%81%A0,https://bunpro.jp/ja/grammar_points/%E3%81%A6%E3%81%84%E3%82%8B%E3%81%A8%E3%81%93%E3%82%8D%E3%81%A0
N4,Leçon 9,Connexions et habitudes,6/16,と～と、どちらが,Between ~ which one,Entre ~ et ~ lequel,https://bunpro.jp/grammar_points/%E3%81%A8-%E3%81%A8-%E3%81%A9%E3%81%A1%E3%82%89%E3%81%8C,https://bunpro.jp/fr/grammar_points/%E3%81%A8-%E3%81%A8-%E3%81%A9%E3%81%A1%E3%82%89%E3%81%8C,https://bunpro.jp/ja/grammar_points/%E3%81%A8-%E3%81%A8-%E3%81%A9%E3%81%A1%E3%82%89%E3%81%8C
N4,Leçon 9,Connexions et habitudes,7/16,ようにする,"To try to, To make sure to","Essayer de, Veiller à",https://bunpro.jp/grammar_points/%E3%82%88%E3%81%86%E3%81%AB%E3%81%99%E3%82%8B,https://bunpro.jp/fr/grammar_points/%E3%82%88%E3%81%86%E3%81%AB%E3%81%99%E3%82%8B,https://bunpro.jp/ja/grammar_points/%E3%82%88%E3%81%86%E3%81%AB%E3%81%99%E3%82%8B
N4,Leçon 9,Connexions et habitudes,8/16,なければいけない,"Must do, Have to","Doit, Il faut",https://bunpro.jp/grammar_points/%E3%81%AA%E3%81%91%E3%82%8C%E3%81%B0%E3%81%84%E3%81%91%E3%81%AA%E3%81%84,https://bunpro.jp/fr/grammar_points/%E3%81%AA%E3%81%91%E3%82%8C%E3%81%B0%E3%81%84%E3%81%91%E3%81%AA%E3%81%84,https://bunpro.jp/ja/grammar_points/%E3%81%AA%E3%81%91%E3%82%8C%E3%81%B0%E3%81%84%E3%81%91%E3%81%AA%E3%81%84
N4,Leçon 9,Connexions et habitudes,9/16,なければならない,Must do (formal),"Doit (formel), Il faut",https://bunpro.jp/grammar_points/%E3%81%AA%E3%81%91%E3%82%8C%E3%81%B0%E3%81%AA%E3%82%89%E3%81%AA%E3%81%84,https://bunpro.jp/fr/grammar_points/%E3%81%AA%E3%81%91%E3%82%8C%E3%81%B0%E3%81%AA%E3%82%89%E3%81%AA%E3%81%84,https://bunpro.jp/ja/grammar_points/%E3%81%AA%E3%81%91%E3%82%8C%E3%81%B0%E3%81%AA%E3%82%89%E3%81%AA%E3%81%84
N4,Leçon 9,Connexions et habitudes,10/16,つづける,To continue,Continuer à,https://bunpro.jp/grammar_points/%E3%81%A4%E3%81%A5%E3%81%91%E3%82%8B,https://bunpro.jp/fr/grammar_points/%E3%81%A4%E3%81%A5%E3%81%91%E3%82%8B,https://bunpro.jp/ja/grammar_points/%E3%81%A4%E3%81%A5%E3%81%91%E3%82%8B
N4,Leçon 9,Connexions et habitudes,11/16,ようにいう,To tell/ask/order to do,"Dire de, Demander de",https://bunpro.jp/grammar_points/%E3%82%88%E3%81%86%E3%81%AB%E3%81%84%E3%81%86,https://bunpro.jp/fr/grammar_points/%E3%82%88%E3%81%86%E3%81%AB%E3%81%84%E3%81%86,https://bunpro.jp/ja/grammar_points/%E3%82%88%E3%81%86%E3%81%AB%E3%81%84%E3%81%86
N4,Leçon 9,Connexions et habitudes,12/16,よていだ,"Plan to, Intend to","Prévoir de, Avoir l'intention de",https://bunpro.jp/grammar_points/%E3%82%88%E3%81%A6%E3%81%84%E3%81%A0,https://bunpro.jp/fr/grammar_points/%E3%82%88%E3%81%A6%E3%81%84%E3%81%A0,https://bunpro.jp/ja/grammar_points/%E3%82%88%E3%81%A6%E3%81%84%E3%81%A0
N4,Leçon 9,Connexions et habitudes,13/16,ようにいのる,Pray that/for,Prier pour,https://bunpro.jp/grammar_points/%E3%82%88%E3%81%86%E3%81%AB%E3%81%84%E3%81%AE%E3%82%8B,https://bunpro.jp/fr/grammar_points/%E3%82%88%E3%81%86%E3%81%AB%E3%81%84%E3%81%AE%E3%82%8B,https://bunpro.jp/ja/grammar_points/%E3%82%88%E3%81%86%E3%81%AB%E3%81%84%E3%81%AE%E3%82%8B
N4,Leçon 9,Connexions et habitudes,14/16,たばかり,Just did,Vient juste de faire,https://bunpro.jp/grammar_points/%E3%81%9F%E3%81%B0%E3%81%8B%E3%82%8A,https://bunpro.jp/fr/grammar_points/%E3%81%9F%E3%81%B0%E3%81%8B%E3%82%8A,https://bunpro.jp/ja/grammar_points/%E3%81%9F%E3%81%B0%E3%81%8B%E3%82%8A
N4,Leçon 9,Connexions et habitudes,15/16,化する,"-ification, -ization","-ification, -isation",https://bunpro.jp/grammar_points/%E5%8C%96%E3%81%99%E3%82%8B,https://bunpro.jp/fr/grammar_points/%E5%8C%96%E3%81%99%E3%82%8B,https://bunpro.jp/ja/grammar_points/%E5%8C%96%E3%81%99%E3%82%8B
N4,Leçon 9,Connexions et habitudes,16/16,命令形,Imperative form,Forme impérative,https://bunpro.jp/grammar_points/%E5%91%BD%E4%BB%A4%E5%BD%A2,https://bunpro.jp/fr/grammar_points/%E5%91%BD%E4%BB%A4%E5%BD%A2,https://bunpro.jp/ja/grammar_points/%E5%91%BD%E4%BB%A4%E5%BD%A2
N4,Leçon 10,Manières et résultats,1/19,ように,"So that, In order to","Afin que, Pour que",https://bunpro.jp/grammar_points/%E3%82%88%E3%81%86%E3%81%AB,https://bunpro.jp/fr/grammar_points/%E3%82%88%E3%81%86%E3%81%AB,https://bunpro.jp/ja/grammar_points/%E3%82%88%E3%81%86%E3%81%AB
N4,Leçon 10,Manières et résultats,2/19,かしら,I wonder (feminine),Je me demande (féminin),https://bunpro.jp/grammar_points/%E3%81%8B%E3%81%97%E3%82%89,https://bunpro.jp/fr/grammar_points/%E3%81%8B%E3%81%97%E3%82%89,https://bunpro.jp/ja/grammar_points/%E3%81%8B%E3%81%97%E3%82%89
N4,Leçon 10,Manières et résultats,3/19,らしい②,"Typical of, -like","Typique de, Ressemblant à",https://bunpro.jp/grammar_points/%E3%82%89%E3%81%97%E3%81%842,https://bunpro.jp/fr/grammar_points/%E3%82%89%E3%81%97%E3%81%842,https://bunpro.jp/ja/grammar_points/%E3%82%89%E3%81%97%E3%81%842
N4,Leçon 10,Manières et résultats,4/19,って感じ,"Kind of vibe, Feel like","Un air de, Genre",https://bunpro.jp/grammar_points/%E3%81%A3%E3%81%A6%E6%84%9F%E3%81%98,https://bunpro.jp/fr/grammar_points/%E3%81%A3%E3%81%A6%E6%84%9F%E3%81%98,https://bunpro.jp/ja/grammar_points/%E3%81%A3%E3%81%A6%E6%84%9F%E3%81%98
N4,Leçon 10,Manières et résultats,5/19,にみえる,"To look, To seem","Avoir l'air, Sembler",https://bunpro.jp/grammar_points/%E3%81%AB%E3%81%BF%E3%81%88%E3%82%8B,https://bunpro.jp/fr/grammar_points/%E3%81%AB%E3%81%BF%E3%81%88%E3%82%8B,https://bunpro.jp/ja/grammar_points/%E3%81%AB%E3%81%BF%E3%81%88%E3%82%8B
N4,Leçon 10,Manières et résultats,6/19,とみえる,It seems that (deduction),Il semble que (déduction),https://bunpro.jp/grammar_points/%E3%81%A8%E3%81%BF%E3%81%88%E3%82%8B,https://bunpro.jp/fr/grammar_points/%E3%81%A8%E3%81%BF%E3%81%88%E3%82%8B,https://bunpro.jp/ja/grammar_points/%E3%81%A8%E3%81%BF%E3%81%88%E3%82%8B
N4,Leçon 10,Manières et résultats,7/19,風,#NOM?,"Style, Manière",https://bunpro.jp/grammar_points/%E9%A2%A8,https://bunpro.jp/fr/grammar_points/%E9%A2%A8,https://bunpro.jp/ja/grammar_points/%E9%A2%A8
N4,Leçon 10,Manières et résultats,8/19,がみられる,"Can be seen, Evident","Peut être vu, Évident",https://bunpro.jp/grammar_points/%E3%81%8C%E3%81%BF%E3%82%89%E3%82%8C%E3%82%8B,https://bunpro.jp/fr/grammar_points/%E3%81%8C%E3%81%BF%E3%82%89%E3%82%8C%E3%82%8B,https://bunpro.jp/ja/grammar_points/%E3%81%8C%E3%81%BF%E3%82%89%E3%82%8C%E3%82%8B
N4,Leçon 10,Manières et résultats,9/19,にきがつく,"To notice, To realize","Remarquer, Se rendre compte",https://bunpro.jp/grammar_points/%E3%81%AB%E3%81%8D%E3%81%8C%E3%81%A4%E3%81%8F,https://bunpro.jp/fr/grammar_points/%E3%81%AB%E3%81%8D%E3%81%8C%E3%81%A4%E3%81%8F,https://bunpro.jp/ja/grammar_points/%E3%81%AB%E3%81%8D%E3%81%8C%E3%81%A4%E3%81%8F
N4,Leçon 10,Manières et résultats,10/19,～でも～でも,Whether ~ or ~,Que ce soit ~ ou ~,https://bunpro.jp/grammar_points/%E3%81%A7%E3%82%82-%E3%81%A7%E3%82%82,https://bunpro.jp/fr/grammar_points/%E3%81%A7%E3%82%82-%E3%81%A7%E3%82%82,https://bunpro.jp/ja/grammar_points/%E3%81%A7%E3%82%82-%E3%81%A7%E3%82%82
N4,Leçon 10,Manières et résultats,11/19,それに,"And, Moreover","Et, En plus",https://bunpro.jp/grammar_points/%E3%81%9D%E3%82%8C%E3%81%AB,https://bunpro.jp/fr/grammar_points/%E3%81%9D%E3%82%8C%E3%81%AB,https://bunpro.jp/ja/grammar_points/%E3%81%9D%E3%82%8C%E3%81%AB
N4,Leçon 10,Manières et résultats,12/19,それで,"And so, Therefore","En conséquence, Donc",https://bunpro.jp/grammar_points/%E3%81%9D%E3%82%8C%E3%81%A7,https://bunpro.jp/fr/grammar_points/%E3%81%9D%E3%82%8C%E3%81%A7,https://bunpro.jp/ja/grammar_points/%E3%81%9D%E3%82%8C%E3%81%A7
N4,Leçon 10,Manières et résultats,13/19,Question phrase + か,Questions within sentences,Questions intégrées,https://bunpro.jp/grammar_points/question-phrase-%E3%81%8B,https://bunpro.jp/fr/grammar_points/question-phrase-%E3%81%8B,https://bunpro.jp/ja/grammar_points/question-phrase-%E3%81%8B
N4,Leçon 10,Manières et résultats,14/19,それでも,"But, And yet","Mais, Et pourtant",https://bunpro.jp/grammar_points/%E3%81%9D%E3%82%8C%E3%81%A7%E3%82%82,https://bunpro.jp/fr/grammar_points/%E3%81%9D%E3%82%8C%E3%81%A7%E3%82%82,https://bunpro.jp/ja/grammar_points/%E3%81%9D%E3%82%8C%E3%81%A7%E3%82%82
N4,Leçon 10,Manières et résultats,15/19,たらどう,"Why not, How about",Pourquoi ne pas ~,https://bunpro.jp/grammar_points/%E3%81%9F%E3%82%89%E3%81%A9%E3%81%86,https://bunpro.jp/fr/grammar_points/%E3%81%9F%E3%82%89%E3%81%A9%E3%81%86,https://bunpro.jp/ja/grammar_points/%E3%81%9F%E3%82%89%E3%81%A9%E3%81%86
N4,Leçon 10,Manières et résultats,16/19,とかんがえられている,To be considered,Être considéré comme,https://bunpro.jp/grammar_points/%E3%81%A8%E3%81%8B%E3%82%93%E3%81%8C%E3%81%88%E3%82%89%E3%82%8C%E3%81%A6%E3%81%84%E3%82%8B,https://bunpro.jp/fr/grammar_points/%E3%81%A8%E3%81%8B%E3%82%93%E3%81%8C%E3%81%88%E3%82%89%E3%82%8C%E3%81%A6%E3%81%84%E3%82%8B,https://bunpro.jp/ja/grammar_points/%E3%81%A8%E3%81%8B%E3%82%93%E3%81%8C%E3%81%88%E3%82%89%E3%82%8C%E3%81%A6%E3%81%84%E3%82%8B
N4,Leçon 10,Manières et résultats,17/19,とされている,To be regarded as,Être regardé comme,https://bunpro.jp/grammar_points/%E3%81%A8%E3%81%95%E3%82%8C%E3%81%A6%E3%81%84%E3%82%8B,https://bunpro.jp/fr/grammar_points/%E3%81%A8%E3%81%95%E3%82%8C%E3%81%A6%E3%81%84%E3%82%8B,https://bunpro.jp/ja/grammar_points/%E3%81%A8%E3%81%95%E3%82%8C%E3%81%A6%E3%81%84%E3%82%8B
N4,Leçon 10,Manières et résultats,18/19,といわれている,It is said that,On dit que,https://bunpro.jp/grammar_points/%E3%81%A8%E3%81%84%E3%82%8F%E3%82%8C%E3%81%A6%E3%81%84%E3%82%8B,https://bunpro.jp/fr/grammar_points/%E3%81%A8%E3%81%84%E3%82%8F%E3%82%8C%E3%81%A6%E3%81%84%E3%82%8B,https://bunpro.jp/ja/grammar_points/%E3%81%A8%E3%81%84%E3%82%8F%E3%82%8C%E3%81%A6%E3%81%84%E3%82%8B
N4,Leçon 10,Manières et résultats,19/19,ばよかった,Should have done,Aurait dû,https://bunpro.jp/grammar_points/%E3%81%B0%E3%82%88%E3%81%8B%E3%81%A3%E3%81%9F,https://bunpro.jp/fr/grammar_points/%E3%81%B0%E3%82%88%E3%81%8B%E3%81%A3%E3%81%9F,https://bunpro.jp/ja/grammar_points/%E3%81%B0%E3%82%88%E3%81%8B%E3%81%A3%E3%81%9F
N3,Leçon 1,"Devoir, Pendant, Selon",1/23,ばいい,"Should, It'd be good if","Il suffit de, Il faudrait",https://bunpro.jp/grammar_points/%E3%81%B0%E3%81%84%E3%81%84,https://bunpro.jp/fr/grammar_points/%E3%81%B0%E3%81%84%E3%81%84,https://bunpro.jp/ja/grammar_points/%E3%81%B0%E3%81%84%E3%81%84
N3,Leçon 1,"Devoir, Pendant, Selon",2/23,たらいい・といい,"I hope, It would be nice if","Ce serait bien si, J'espère",https://bunpro.jp/grammar_points/%E3%81%9F%E3%82%89%E3%81%84%E3%81%84-%E3%81%A8%E3%81%84%E3%81%84,https://bunpro.jp/fr/grammar_points/%E3%81%9F%E3%82%89%E3%81%84%E3%81%84-%E3%81%A8%E3%81%84%E3%81%84,https://bunpro.jp/ja/grammar_points/%E3%81%9F%E3%82%89%E3%81%84%E3%81%84-%E3%81%A8%E3%81%84%E3%81%84
N3,Leçon 1,"Devoir, Pendant, Selon",3/23,中（ちゅう）,"During, Throughout","Pendant, Au cours de",https://bunpro.jp/grammar_points/%E4%B8%AD,https://bunpro.jp/fr/grammar_points/%E4%B8%AD,https://bunpro.jp/ja/grammar_points/%E4%B8%AD
N3,Leçon 1,"Devoir, Pendant, Selon",4/23,の間に,"While, During","Pendant que, Durant",https://bunpro.jp/grammar_points/%E3%81%AE%E9%96%93%E3%81%AB,https://bunpro.jp/fr/grammar_points/%E3%81%AE%E9%96%93%E3%81%AB,https://bunpro.jp/ja/grammar_points/%E3%81%AE%E9%96%93%E3%81%AB
N3,Leçon 1,"Devoir, Pendant, Selon",5/23,うちに,"While, During (before change)","Pendant que, Tant que",https://bunpro.jp/grammar_points/%E3%81%86%E3%81%A1%E3%81%AB,https://bunpro.jp/fr/grammar_points/%E3%81%86%E3%81%A1%E3%81%AB,https://bunpro.jp/ja/grammar_points/%E3%81%86%E3%81%A1%E3%81%AB
N3,Leçon 1,"Devoir, Pendant, Selon",6/23,ないうちに,"Before it becomes, Without","Avant que, Sans",https://bunpro.jp/grammar_points/%E3%81%AA%E3%81%84%E3%81%86%E3%81%A1%E3%81%AB,https://bunpro.jp/fr/grammar_points/%E3%81%AA%E3%81%84%E3%81%86%E3%81%A1%E3%81%AB,https://bunpro.jp/ja/grammar_points/%E3%81%AA%E3%81%84%E3%81%86%E3%81%A1%E3%81%AB
N3,Leçon 1,"Devoir, Pendant, Selon",7/23,べき,"Must, Should, Ought to","Doit, Devrait",https://bunpro.jp/grammar_points/%E3%81%B9%E3%81%8D,https://bunpro.jp/fr/grammar_points/%E3%81%B9%E3%81%8D,https://bunpro.jp/ja/grammar_points/%E3%81%B9%E3%81%8D
N3,Leçon 1,"Devoir, Pendant, Selon",8/23,べきではない,"Should not, Must not",Ne devrait pas,https://bunpro.jp/grammar_points/%E3%81%B9%E3%81%8D%E3%81%A7%E3%81%AF%E3%81%AA%E3%81%84,https://bunpro.jp/fr/grammar_points/%E3%81%B9%E3%81%8D%E3%81%A7%E3%81%AF%E3%81%AA%E3%81%84,https://bunpro.jp/ja/grammar_points/%E3%81%B9%E3%81%8D%E3%81%A7%E3%81%AF%E3%81%AA%E3%81%84
N3,Leçon 1,"Devoir, Pendant, Selon",9/23,って,As for (casual は),En ce qui concerne (informel),https://bunpro.jp/grammar_points/%E3%81%A3%E3%81%A6-slang,https://bunpro.jp/fr/grammar_points/%E3%81%A3%E3%81%A6-slang,https://bunpro.jp/ja/grammar_points/%E3%81%A3%E3%81%A6-slang
N3,Leçon 1,"Devoir, Pendant, Selon",10/23,なかなか,"Very, Quite, Considerably","Vraiment, Assez",https://bunpro.jp/grammar_points/%E3%81%AA%E3%81%8B%E3%81%AA%E3%81%8B,https://bunpro.jp/fr/grammar_points/%E3%81%AA%E3%81%8B%E3%81%AA%E3%81%8B,https://bunpro.jp/ja/grammar_points/%E3%81%AA%E3%81%8B%E3%81%AA%E3%81%8B
N3,Leçon 1,"Devoir, Pendant, Selon",11/23,あまり,So much...that,Tellement... que,https://bunpro.jp/grammar_points/%E3%81%82%E3%81%BE%E3%82%8A,https://bunpro.jp/fr/grammar_points/%E3%81%82%E3%81%BE%E3%82%8A,https://bunpro.jp/ja/grammar_points/%E3%81%82%E3%81%BE%E3%82%8A
N3,Leçon 1,"Devoir, Pendant, Selon",12/23,なかなか～ない,"Not easily, Hardly","Pas vraiment, À peine",https://bunpro.jp/grammar_points/%E3%81%AA%E3%81%8B%E3%81%AA%E3%81%8B-%E3%81%AA%E3%81%84,https://bunpro.jp/fr/grammar_points/%E3%81%AA%E3%81%8B%E3%81%AA%E3%81%8B-%E3%81%AA%E3%81%84,https://bunpro.jp/ja/grammar_points/%E3%81%AA%E3%81%8B%E3%81%AA%E3%81%8B-%E3%81%AA%E3%81%84
N3,Leçon 1,"Devoir, Pendant, Selon",13/23,によると,According to,"Selon, D'après",https://bunpro.jp/grammar_points/%E3%81%AB%E3%82%88%E3%82%8B%E3%81%A8-%E3%81%AB%E3%82%88%E3%82%8C%E3%81%B0,https://bunpro.jp/fr/grammar_points/%E3%81%AB%E3%82%88%E3%82%8B%E3%81%A8-%E3%81%AB%E3%82%88%E3%82%8C%E3%81%B0,https://bunpro.jp/ja/grammar_points/%E3%81%AB%E3%82%88%E3%82%8B%E3%81%A8-%E3%81%AB%E3%82%88%E3%82%8C%E3%81%B0
N3,Leçon 1,"Devoir, Pendant, Selon",14/23,による,"By means of, Depending on","Selon, En raison de",https://bunpro.jp/grammar_points/%E3%81%AB%E3%82%88%E3%81%A3%E3%81%A6-%E3%81%AB%E3%82%88%E3%82%8B,https://bunpro.jp/fr/grammar_points/%E3%81%AB%E3%82%88%E3%81%A3%E3%81%A6-%E3%81%AB%E3%82%88%E3%82%8B,https://bunpro.jp/ja/grammar_points/%E3%81%AB%E3%82%88%E3%81%A3%E3%81%A6-%E3%81%AB%E3%82%88%E3%82%8B
N3,Leçon 1,"Devoir, Pendant, Selon",15/23,全く～ない,Not at all,Pas du tout,https://bunpro.jp/grammar_points/%E5%85%A8%E3%81%8F-%E3%81%AA%E3%81%84,https://bunpro.jp/fr/grammar_points/%E5%85%A8%E3%81%8F-%E3%81%AA%E3%81%84,https://bunpro.jp/ja/grammar_points/%E5%85%A8%E3%81%8F-%E3%81%AA%E3%81%84
N3,Leçon 1,"Devoir, Pendant, Selon",16/23,ことだ,"Should, Ought","Devrait, Il faut",https://bunpro.jp/grammar_points/%E3%81%93%E3%81%A8%E3%81%A0,https://bunpro.jp/fr/grammar_points/%E3%81%93%E3%81%A8%E3%81%A0,https://bunpro.jp/ja/grammar_points/%E3%81%93%E3%81%A8%E3%81%A0
N3,Leçon 1,"Devoir, Pendant, Selon",17/23,そうだ,"I heard that, It is said that","J'ai entendu que, On dit que",https://bunpro.jp/grammar_points/%E3%81%9D%E3%81%86%E3%81%A0,https://bunpro.jp/fr/grammar_points/%E3%81%9D%E3%81%86%E3%81%A0,https://bunpro.jp/ja/grammar_points/%E3%81%9D%E3%81%86%E3%81%A0
N3,Leçon 1,"Devoir, Pendant, Selon",18/23,すると,"Having done..., Then","Alors, Après avoir fait",https://bunpro.jp/grammar_points/%E3%81%99%E3%82%8B%E3%81%A8,https://bunpro.jp/fr/grammar_points/%E3%81%99%E3%82%8B%E3%81%A8,https://bunpro.jp/ja/grammar_points/%E3%81%99%E3%82%8B%E3%81%A8
N3,Leçon 1,"Devoir, Pendant, Selon",19/23,そうすると,"Having done that, Then","Alors, Si c'est le cas",https://bunpro.jp/grammar_points/%E3%81%9D%E3%81%86%E3%81%99%E3%82%8B%E3%81%A8,https://bunpro.jp/fr/grammar_points/%E3%81%9D%E3%81%86%E3%81%99%E3%82%8B%E3%81%A8,https://bunpro.jp/ja/grammar_points/%E3%81%9D%E3%81%86%E3%81%99%E3%82%8B%E3%81%A8
N3,Leçon 1,"Devoir, Pendant, Selon",20/23,のは～の方だ,"It is...that..., It is...who...","C'est... qui..., C'est... que...",https://bunpro.jp/grammar_points/%E3%81%AE%E3%81%AFx%E3%81%AE%E6%96%B9%E3%81%A0,https://bunpro.jp/fr/grammar_points/%E3%81%AE%E3%81%AFx%E3%81%AE%E6%96%B9%E3%81%A0,https://bunpro.jp/ja/grammar_points/%E3%81%AE%E3%81%AFx%E3%81%AE%E6%96%B9%E3%81%A0
N3,Leçon 1,"Devoir, Pendant, Selon",21/23,Noun + 型,"Model, Type, Pattern","Modèle, Type",https://bunpro.jp/grammar_points/noun-%E5%9E%8B,https://bunpro.jp/fr/grammar_points/noun-%E5%9E%8B,https://bunpro.jp/ja/grammar_points/noun-%E5%9E%8B
N3,Leçon 1,"Devoir, Pendant, Selon",22/23,てごらん,"Please try to, Please look","Essaie de, Regarde",https://bunpro.jp/grammar_points/%E3%81%A6%E3%81%94%E3%82%89%E3%82%93,https://bunpro.jp/fr/grammar_points/%E3%81%A6%E3%81%94%E3%82%89%E3%82%93,https://bunpro.jp/ja/grammar_points/%E3%81%A6%E3%81%94%E3%82%89%E3%82%93
N3,Leçon 1,"Devoir, Pendant, Selon",23/23,させてもらう,To take the liberty of doing,Permettre de faire,https://bunpro.jp/grammar_points/%E3%81%95%E3%81%9B%E3%81%A6%E3%82%82%E3%82%89%E3%81%86,https://bunpro.jp/fr/grammar_points/%E3%81%95%E3%81%9B%E3%81%A6%E3%82%82%E3%82%89%E3%81%86,https://bunpro.jp/ja/grammar_points/%E3%81%95%E3%81%9B%E3%81%A6%E3%82%82%E3%82%89%E3%81%86
N3,Leçon 2,Formalité et conjonctions,1/22,Particle + の,Combined particles,Particules combinées,https://bunpro.jp/grammar_points/particle-%E3%81%AE,https://bunpro.jp/fr/grammar_points/particle-%E3%81%AE,https://bunpro.jp/ja/grammar_points/particle-%E3%81%AE
N3,Leçon 2,Formalité et conjonctions,2/22,である,Formal copula (literary だ),Être (formel/littéraire),https://bunpro.jp/grammar_points/%E3%81%A7%E3%81%82%E3%82%8B,https://bunpro.jp/fr/grammar_points/%E3%81%A7%E3%81%82%E3%82%8B,https://bunpro.jp/ja/grammar_points/%E3%81%A7%E3%81%82%E3%82%8B
N3,Leçon 2,Formalité et conjonctions,3/22,ところが,"Even so, However","Même ainsi, Cependant",https://bunpro.jp/grammar_points/%E3%81%A8%E3%81%93%E3%82%8D%E3%81%8C,https://bunpro.jp/fr/grammar_points/%E3%81%A8%E3%81%93%E3%82%8D%E3%81%8C,https://bunpro.jp/ja/grammar_points/%E3%81%A8%E3%81%93%E3%82%8D%E3%81%8C
N3,Leçon 2,Formalité et conjonctions,4/22,ところで,By the way,"Au fait, À propos",https://bunpro.jp/grammar_points/%E3%81%A8%E3%81%93%E3%82%8D%E3%81%A7,https://bunpro.jp/fr/grammar_points/%E3%81%A8%E3%81%93%E3%82%8D%E3%81%A7,https://bunpro.jp/ja/grammar_points/%E3%81%A8%E3%81%93%E3%82%8D%E3%81%A7
N3,Leçon 2,Formalité et conjonctions,5/22,ほど,"The more, About, To the extent","Plus..., Environ, À tel point",https://bunpro.jp/grammar_points/%E3%81%BB%E3%81%A9,https://bunpro.jp/fr/grammar_points/%E3%81%BB%E3%81%A9,https://bunpro.jp/ja/grammar_points/%E3%81%BB%E3%81%A9
N3,Leçon 2,Formalité et conjonctions,6/22,ば～ほど,The more…the more,Plus... plus...,https://bunpro.jp/grammar_points/%E3%81%B0-%E3%81%BB%E3%81%A9,https://bunpro.jp/fr/grammar_points/%E3%81%B0-%E3%81%BB%E3%81%A9,https://bunpro.jp/ja/grammar_points/%E3%81%B0-%E3%81%BB%E3%81%A9
N3,Leçon 2,Formalité et conjonctions,7/22,ほど～ない,"Not as…as, Not to the extent","Pas autant que, Moins que",https://bunpro.jp/grammar_points/%E3%81%BB%E3%81%A9%EF%BD%9E%E3%81%AA%E3%81%84,https://bunpro.jp/fr/grammar_points/%E3%81%BB%E3%81%A9%EF%BD%9E%E3%81%AA%E3%81%84,https://bunpro.jp/ja/grammar_points/%E3%81%BB%E3%81%A9%EF%BD%9E%E3%81%AA%E3%81%84
N3,Leçon 2,Formalité et conjonctions,8/22,それでは,"If so, Well then, In that case","Alors, Dans ce cas",https://bunpro.jp/grammar_points/%E3%81%A7%E3%81%AF-%E3%81%9D%E3%82%8C%E3%81%A7%E3%81%AF-%E3%81%98%E3%82%83%E3%81%82,https://bunpro.jp/fr/grammar_points/%E3%81%A7%E3%81%AF-%E3%81%9D%E3%82%8C%E3%81%A7%E3%81%AF-%E3%81%98%E3%82%83%E3%81%82,https://bunpro.jp/ja/grammar_points/%E3%81%A7%E3%81%AF-%E3%81%9D%E3%82%8C%E3%81%A7%E3%81%AF-%E3%81%98%E3%82%83%E3%81%82
N3,Leçon 2,Formalité et conjonctions,9/22,のに,In order to,"Pour, Afin de",https://bunpro.jp/grammar_points/%E3%81%AE%E3%81%AB,https://bunpro.jp/fr/grammar_points/%E3%81%AE%E3%81%AB,https://bunpro.jp/ja/grammar_points/%E3%81%AE%E3%81%AB
N3,Leçon 2,Formalité et conjonctions,10/22,ために,"For, In order to","Pour, Afin de",https://bunpro.jp/grammar_points/%E3%81%9F%E3%82%81-%E3%81%AB,https://bunpro.jp/fr/grammar_points/%E3%81%9F%E3%82%81-%E3%81%AB,https://bunpro.jp/ja/grammar_points/%E3%81%9F%E3%82%81-%E3%81%AB
N3,Leçon 2,Formalité et conjonctions,11/22,ために,"Due to, Because of","En raison de, À cause de",https://bunpro.jp/grammar_points/%E3%81%9F%E3%82%81%E3%81%AB,https://bunpro.jp/fr/grammar_points/%E3%81%9F%E3%82%81%E3%81%AB,https://bunpro.jp/ja/grammar_points/%E3%81%9F%E3%82%81%E3%81%AB
N3,Leçon 2,Formalité et conjonctions,12/22,という,"Called, Named, Known as","Appelé, Connu sous le nom de",https://bunpro.jp/grammar_points/%E3%81%A8%E3%81%84%E3%81%86-called,https://bunpro.jp/fr/grammar_points/%E3%81%A8%E3%81%84%E3%81%86-called,https://bunpro.jp/ja/grammar_points/%E3%81%A8%E3%81%84%E3%81%86-called
N3,Leçon 2,Formalité et conjonctions,13/22,ということだ,"It means that, I heard that","Cela signifie que, J'ai entendu",https://bunpro.jp/grammar_points/%E3%81%A8%E3%81%84%E3%81%86%E3%81%93%E3%81%A8%E3%81%A0,https://bunpro.jp/fr/grammar_points/%E3%81%A8%E3%81%84%E3%81%86%E3%81%93%E3%81%A8%E3%81%A0,https://bunpro.jp/ja/grammar_points/%E3%81%A8%E3%81%84%E3%81%86%E3%81%93%E3%81%A8%E3%81%A0
N3,Leçon 2,Formalité et conjonctions,14/22,というのは,"Known as, Means, Because","Connu comme, Signifie, Car",https://bunpro.jp/grammar_points/%E3%81%A8%E3%81%84%E3%81%86%E3%81%AE%E3%81%AF,https://bunpro.jp/fr/grammar_points/%E3%81%A8%E3%81%84%E3%81%86%E3%81%AE%E3%81%AF,https://bunpro.jp/ja/grammar_points/%E3%81%A8%E3%81%84%E3%81%86%E3%81%AE%E3%81%AF
N3,Leçon 2,Formalité et conjonctions,15/22,的,"~ly, ~like, -al, Typical","~ment, Typique, -ique",https://bunpro.jp/grammar_points/%E7%9A%84,https://bunpro.jp/fr/grammar_points/%E7%9A%84,https://bunpro.jp/ja/grammar_points/%E7%9A%84
N3,Leçon 2,Formalité et conjonctions,16/22,もの・もん,"Because, Cause","Parce que, Car",https://bunpro.jp/grammar_points/%E3%82%82%E3%81%AE-%E3%82%82%E3%82%93,https://bunpro.jp/fr/grammar_points/%E3%82%82%E3%81%AE-%E3%82%82%E3%82%93,https://bunpro.jp/ja/grammar_points/%E3%82%82%E3%81%AE-%E3%82%82%E3%82%93
N3,Leçon 2,Formalité et conjonctions,17/22,ものだ,"Supposed to, That's the way it is","C'est censé, C'est ainsi",https://bunpro.jp/grammar_points/%E3%82%82%E3%81%AE%E3%81%A0,https://bunpro.jp/fr/grammar_points/%E3%82%82%E3%81%AE%E3%81%A0,https://bunpro.jp/ja/grammar_points/%E3%82%82%E3%81%AE%E3%81%A0
N3,Leçon 2,Formalité et conjonctions,18/22,最中に,In the middle of,Au milieu de,https://bunpro.jp/grammar_points/%E6%9C%80%E4%B8%AD%E3%81%AB,https://bunpro.jp/fr/grammar_points/%E6%9C%80%E4%B8%AD%E3%81%AB,https://bunpro.jp/ja/grammar_points/%E6%9C%80%E4%B8%AD%E3%81%AB
N3,Leçon 2,Formalité et conjonctions,19/22,上で,"After, Upon","Après, Une fois",https://bunpro.jp/grammar_points/%E4%B8%8A%E3%81%A7,https://bunpro.jp/fr/grammar_points/%E4%B8%8A%E3%81%A7,https://bunpro.jp/ja/grammar_points/%E4%B8%8A%E3%81%A7
N3,Leçon 2,Formalité et conjonctions,20/22,おかげで,"Thanks to, Because of",Grâce à,https://bunpro.jp/grammar_points/%E3%81%8A%E3%81%8B%E3%81%92%E3%81%A7,https://bunpro.jp/fr/grammar_points/%E3%81%8A%E3%81%8B%E3%81%92%E3%81%A7,https://bunpro.jp/ja/grammar_points/%E3%81%8A%E3%81%8B%E3%81%92%E3%81%A7
N3,Leçon 2,Formalité et conjonctions,21/22,にもとづいて,"Based on, In accordance with",Sur la base de,https://bunpro.jp/grammar_points/%E3%81%AB%E3%82%82%E3%81%A8%E3%81%A5%E3%81%84%E3%81%A6,https://bunpro.jp/fr/grammar_points/%E3%81%AB%E3%82%82%E3%81%A8%E3%81%A5%E3%81%84%E3%81%A6,https://bunpro.jp/ja/grammar_points/%E3%81%AB%E3%82%82%E3%81%A8%E3%81%A5%E3%81%84%E3%81%A6
N3,Leçon 2,Formalité et conjonctions,22/22,点,"Aspect, Point, In terms of","Aspect, Point, En ce qui concerne",https://bunpro.jp/grammar_points/%E7%82%B9,https://bunpro.jp/fr/grammar_points/%E7%82%B9,https://bunpro.jp/ja/grammar_points/%E7%82%B9
N3,Leçon 3,Raisons et connexions avancées,1/22,なぜなら + から,"Because, The reason is","Parce que, La raison est",https://bunpro.jp/grammar_points/%E3%81%AA%E3%81%9C%E3%81%AA%E3%82%89-%E3%81%8B%E3%82%89,https://bunpro.jp/fr/grammar_points/%E3%81%AA%E3%81%9C%E3%81%AA%E3%82%89-%E3%81%8B%E3%82%89,https://bunpro.jp/ja/grammar_points/%E3%81%AA%E3%81%9C%E3%81%AA%E3%82%89-%E3%81%8B%E3%82%89
N3,Leçon 3,Raisons et connexions avancées,2/22,こそ,"For sure, Even more so","Justement, Précisément",https://bunpro.jp/grammar_points/%E3%81%93%E3%81%9D,https://bunpro.jp/fr/grammar_points/%E3%81%93%E3%81%9D,https://bunpro.jp/ja/grammar_points/%E3%81%93%E3%81%9D
N3,Leçon 3,Raisons et connexions avancées,3/22,からこそ,Precisely because,Précisément parce que,https://bunpro.jp/grammar_points/%E3%81%8B%E3%82%89%E3%81%93%E3%81%9D,https://bunpro.jp/fr/grammar_points/%E3%81%8B%E3%82%89%E3%81%93%E3%81%9D,https://bunpro.jp/ja/grammar_points/%E3%81%8B%E3%82%89%E3%81%93%E3%81%9D
N3,Leçon 3,Raisons et connexions avancées,4/22,ばかり,"Just, Only, Nothing but","Seulement, Rien que",https://bunpro.jp/grammar_points/%E3%81%B0%E3%81%8B%E3%82%8A,https://bunpro.jp/fr/grammar_points/%E3%81%B0%E3%81%8B%E3%82%8A,https://bunpro.jp/ja/grammar_points/%E3%81%B0%E3%81%8B%E3%82%8A
N3,Leçon 3,Raisons et connexions avancées,5/22,ばかりだ,"Only continue to, Keep on","Ne fait que, Continue à",https://bunpro.jp/grammar_points/%E3%81%B0%E3%81%8B%E3%82%8A%E3%81%A0,https://bunpro.jp/fr/grammar_points/%E3%81%B0%E3%81%8B%E3%82%8A%E3%81%A0,https://bunpro.jp/ja/grammar_points/%E3%81%B0%E3%81%8B%E3%82%8A%E3%81%A0
N3,Leçon 3,Raisons et connexions avancées,6/22,ばかりに,"Simply because, Just because",Simplement parce que,https://bunpro.jp/grammar_points/%E3%81%B0%E3%81%8B%E3%82%8A%E3%81%AB,https://bunpro.jp/fr/grammar_points/%E3%81%B0%E3%81%8B%E3%82%8A%E3%81%AB,https://bunpro.jp/ja/grammar_points/%E3%81%B0%E3%81%8B%E3%82%8A%E3%81%AB
N3,Leçon 3,Raisons et connexions avancées,7/22,ことがある,"Sometimes, There are times when","Parfois, Il arrive que",https://bunpro.jp/grammar_points/%E3%81%93%E3%81%A8%E3%81%8C%E3%81%82%E3%82%8B,https://bunpro.jp/fr/grammar_points/%E3%81%93%E3%81%A8%E3%81%8C%E3%81%82%E3%82%8B,https://bunpro.jp/ja/grammar_points/%E3%81%93%E3%81%A8%E3%81%8C%E3%81%82%E3%82%8B
N3,Leçon 3,Raisons et connexions avancées,8/22,ことにする,To decide on,Décider de,https://bunpro.jp/grammar_points/%E3%81%93%E3%81%A8%E3%81%AB%E3%81%99%E3%82%8B,https://bunpro.jp/fr/grammar_points/%E3%81%93%E3%81%A8%E3%81%AB%E3%81%99%E3%82%8B,https://bunpro.jp/ja/grammar_points/%E3%81%93%E3%81%A8%E3%81%AB%E3%81%99%E3%82%8B
N3,Leçon 3,Raisons et connexions avancées,9/22,ことなの,(A) means that (description),(A) signifie que,https://bunpro.jp/grammar_points/%E3%81%93%E3%81%A8%E3%81%AA%E3%81%AE,https://bunpro.jp/fr/grammar_points/%E3%81%93%E3%81%A8%E3%81%AA%E3%81%AE,https://bunpro.jp/ja/grammar_points/%E3%81%93%E3%81%A8%E3%81%AA%E3%81%AE
N3,Leçon 3,Raisons et connexions avancées,10/22,ことになる,"It has been decided, Will end up",Il a été décidé que,https://bunpro.jp/grammar_points/%E3%81%93%E3%81%A8%E3%81%AB%E3%81%AA%E3%82%8B,https://bunpro.jp/fr/grammar_points/%E3%81%93%E3%81%A8%E3%81%AB%E3%81%AA%E3%82%8B,https://bunpro.jp/ja/grammar_points/%E3%81%93%E3%81%A8%E3%81%AB%E3%81%AA%E3%82%8B
N3,Leçon 3,Raisons et connexions avancées,11/22,は～で有名,Is famous for,Est célèbre pour,https://bunpro.jp/grammar_points/%E3%81%AF-%E3%81%A7%E6%9C%89%E5%90%8D,https://bunpro.jp/fr/grammar_points/%E3%81%AF-%E3%81%A7%E6%9C%89%E5%90%8D,https://bunpro.jp/ja/grammar_points/%E3%81%AF-%E3%81%A7%E6%9C%89%E5%90%8D
N3,Leçon 3,Raisons et connexions avancées,12/22,ことはない,"No need to, Never happens",Il n'est pas nécessaire de,https://bunpro.jp/grammar_points/%E3%81%93%E3%81%A8%E3%81%AF%E3%81%AA%E3%81%84,https://bunpro.jp/fr/grammar_points/%E3%81%93%E3%81%A8%E3%81%AF%E3%81%AA%E3%81%84,https://bunpro.jp/ja/grammar_points/%E3%81%93%E3%81%A8%E3%81%AF%E3%81%AA%E3%81%84
N3,Leçon 3,Raisons et connexions avancées,13/22,といっても,Although one might say,Même si on dit ~,https://bunpro.jp/grammar_points/%E3%81%A8%E8%A8%80%E3%81%A3%E3%81%A6%E3%82%82,https://bunpro.jp/fr/grammar_points/%E3%81%A8%E8%A8%80%E3%81%A3%E3%81%A6%E3%82%82,https://bunpro.jp/ja/grammar_points/%E3%81%A8%E8%A8%80%E3%81%A3%E3%81%A6%E3%82%82
N3,Leçon 3,Raisons et connexions avancées,14/22,といえば,Speaking of,En parlant de,https://bunpro.jp/grammar_points/%E3%81%A8%E3%81%84%E3%81%88%E3%81%B0,https://bunpro.jp/fr/grammar_points/%E3%81%A8%E3%81%84%E3%81%88%E3%81%B0,https://bunpro.jp/ja/grammar_points/%E3%81%A8%E3%81%84%E3%81%88%E3%81%B0
N3,Leçon 3,Raisons et connexions avancées,15/22,合う,"Mutually, With each other","Mutuellement, L'un l'autre",https://bunpro.jp/grammar_points/%E5%90%88%E3%81%86,https://bunpro.jp/fr/grammar_points/%E5%90%88%E3%81%86,https://bunpro.jp/ja/grammar_points/%E5%90%88%E3%81%86
N3,Leçon 3,Raisons et connexions avancées,16/22,に合わせて,"In accordance with, Matching",Conformément à,https://bunpro.jp/grammar_points/%E3%81%AB%E5%90%88%E3%82%8F%E3%81%9B%E3%81%A6-%E3%81%AB%E5%90%88%E3%81%A3%E3%81%9F,https://bunpro.jp/fr/grammar_points/%E3%81%AB%E5%90%88%E3%82%8F%E3%81%9B%E3%81%A6-%E3%81%AB%E5%90%88%E3%81%A3%E3%81%9F,https://bunpro.jp/ja/grammar_points/%E3%81%AB%E5%90%88%E3%82%8F%E3%81%9B%E3%81%A6-%E3%81%AB%E5%90%88%E3%81%A3%E3%81%9F
N3,Leçon 3,Raisons et connexions avancées,17/22,について,"Concerning, About","Concernant, À propos de",https://bunpro.jp/grammar_points/%E3%81%AB%E3%81%A4%E3%81%84%E3%81%A6,https://bunpro.jp/fr/grammar_points/%E3%81%AB%E3%81%A4%E3%81%84%E3%81%A6,https://bunpro.jp/ja/grammar_points/%E3%81%AB%E3%81%A4%E3%81%84%E3%81%A6
N3,Leçon 3,Raisons et connexions avancées,18/22,の姿,"Figure, Shape, Appearance","Figure, Silhouette",https://bunpro.jp/grammar_points/%E3%81%AE%E5%A7%BF,https://bunpro.jp/fr/grammar_points/%E3%81%AE%E5%A7%BF,https://bunpro.jp/ja/grammar_points/%E3%81%AE%E5%A7%BF
N3,Leçon 3,Raisons et connexions avancées,19/22,といえる,"Would say that, Fair to say",On pourrait dire que,https://bunpro.jp/grammar_points/%E3%81%A8%E8%A8%80%E3%81%88%E3%82%8B,https://bunpro.jp/fr/grammar_points/%E3%81%A8%E8%A8%80%E3%81%88%E3%82%8B,https://bunpro.jp/ja/grammar_points/%E3%81%A8%E8%A8%80%E3%81%88%E3%82%8B
N3,Leçon 3,Raisons et connexions avancées,20/22,ちゃんと,"Properly, Neatly","Correctement, Proprement",https://bunpro.jp/grammar_points/%E3%81%A1%E3%82%83%E3%82%93%E3%81%A8-%E3%81%8D%E3%81%A1%E3%82%93%E3%81%A8,https://bunpro.jp/fr/grammar_points/%E3%81%A1%E3%82%83%E3%82%93%E3%81%A8-%E3%81%8D%E3%81%A1%E3%82%93%E3%81%A8,https://bunpro.jp/ja/grammar_points/%E3%81%A1%E3%82%83%E3%82%93%E3%81%A8-%E3%81%8D%E3%81%A1%E3%82%93%E3%81%A8
N3,Leçon 3,Raisons et connexions avancées,21/22,そのために,"For that reason, To that end",Pour cette raison,https://bunpro.jp/grammar_points/%E3%81%9D%E3%81%AE%E3%81%9F%E3%82%81-%E3%81%AB,https://bunpro.jp/fr/grammar_points/%E3%81%9D%E3%81%AE%E3%81%9F%E3%82%81-%E3%81%AB,https://bunpro.jp/ja/grammar_points/%E3%81%9D%E3%81%AE%E3%81%9F%E3%82%81-%E3%81%AB
N3,Leçon 3,Raisons et connexions avancées,22/22,その結果,As a result,En conséquence,https://bunpro.jp/grammar_points/%E3%81%9D%E3%81%AE%E7%B5%90%E6%9E%9C,https://bunpro.jp/fr/grammar_points/%E3%81%9D%E3%81%AE%E7%B5%90%E6%9E%9C,https://bunpro.jp/ja/grammar_points/%E3%81%9D%E3%81%AE%E7%B5%90%E6%9E%9C
N3,Leçon 4,Comparaisons et degrés,1/21,に比べて,Compared to,Comparé à,https://bunpro.jp/grammar_points/%E3%81%AB%E6%AF%94%E3%81%B9%E3%81%A6,https://bunpro.jp/fr/grammar_points/%E3%81%AB%E6%AF%94%E3%81%B9%E3%81%A6,https://bunpro.jp/ja/grammar_points/%E3%81%AB%E6%AF%94%E3%81%B9%E3%81%A6
N3,Leçon 4,Comparaisons et degrés,2/21,どんなに～ても,No matter how,Quelle que soit la façon,https://bunpro.jp/grammar_points/%E3%81%A9%E3%82%93%E3%81%AA%E3%81%AB-%E3%81%A6%E3%82%82,https://bunpro.jp/fr/grammar_points/%E3%81%A9%E3%82%93%E3%81%AA%E3%81%AB-%E3%81%A6%E3%82%82,https://bunpro.jp/ja/grammar_points/%E3%81%A9%E3%82%93%E3%81%AA%E3%81%AB-%E3%81%A6%E3%82%82
N3,Leçon 4,Comparaisons et degrés,3/21,いくら～でも,No matter how much,Peu importe combien,https://bunpro.jp/grammar_points/%E3%81%84%E3%81%8F%E3%82%89-%E3%81%A7%E3%82%82,https://bunpro.jp/fr/grammar_points/%E3%81%84%E3%81%8F%E3%82%89-%E3%81%A7%E3%82%82,https://bunpro.jp/ja/grammar_points/%E3%81%84%E3%81%8F%E3%82%89-%E3%81%A7%E3%82%82
N3,Leçon 4,Comparaisons et degrés,4/21,かは～によって違う,"Depends on, Changes depending","Dépend de, Varie selon",https://bunpro.jp/grammar_points/%E3%81%8B%E3%81%AF-%E3%81%AB%E3%82%88%E3%81%A3%E3%81%A6%E9%81%95%E3%81%86,https://bunpro.jp/fr/grammar_points/%E3%81%8B%E3%81%AF-%E3%81%AB%E3%82%88%E3%81%A3%E3%81%A6%E9%81%95%E3%81%86,https://bunpro.jp/ja/grammar_points/%E3%81%8B%E3%81%AF-%E3%81%AB%E3%82%88%E3%81%A3%E3%81%A6%E9%81%95%E3%81%86
N3,Leçon 4,Comparaisons et degrés,5/21,かなり,"Quite, Considerably","Assez, Considérablement",https://bunpro.jp/grammar_points/%E3%81%8B%E3%81%AA%E3%82%8A,https://bunpro.jp/fr/grammar_points/%E3%81%8B%E3%81%AA%E3%82%8A,https://bunpro.jp/ja/grammar_points/%E3%81%8B%E3%81%AA%E3%82%8A
N3,Leçon 4,Comparaisons et degrés,6/21,あまりに,"So much...that, Way too","Tellement... que, Vraiment trop",https://bunpro.jp/grammar_points/%E3%81%82%E3%81%BE%E3%82%8A%E3%81%AB,https://bunpro.jp/fr/grammar_points/%E3%81%82%E3%81%BE%E3%82%8A%E3%81%AB,https://bunpro.jp/ja/grammar_points/%E3%81%82%E3%81%BE%E3%82%8A%E3%81%AB
N3,Leçon 4,Comparaisons et degrés,7/21,わけだ,"For that reason, Naturally","C'est pourquoi, Pas étonnant",https://bunpro.jp/grammar_points/%E3%82%8F%E3%81%91%E3%81%A0,https://bunpro.jp/fr/grammar_points/%E3%82%8F%E3%81%91%E3%81%A0,https://bunpro.jp/ja/grammar_points/%E3%82%8F%E3%81%91%E3%81%A0
N3,Leçon 4,Comparaisons et degrés,8/21,わけではない,It doesn't mean that,Ça ne veut pas dire que,https://bunpro.jp/grammar_points/%E3%82%8F%E3%81%91%E3%81%A7%E3%81%AF%E3%81%AA%E3%81%84,https://bunpro.jp/fr/grammar_points/%E3%82%8F%E3%81%91%E3%81%A7%E3%81%AF%E3%81%AA%E3%81%84,https://bunpro.jp/ja/grammar_points/%E3%82%8F%E3%81%91%E3%81%A7%E3%81%AF%E3%81%AA%E3%81%84
N3,Leçon 4,Comparaisons et degrés,9/21,と同時に,At the same time as,En même temps que,https://bunpro.jp/grammar_points/%E3%81%A8%E5%90%8C%E6%99%82%E3%81%AB,https://bunpro.jp/fr/grammar_points/%E3%81%A8%E5%90%8C%E6%99%82%E3%81%AB,https://bunpro.jp/ja/grammar_points/%E3%81%A8%E5%90%8C%E6%99%82%E3%81%AB
N3,Leçon 4,Comparaisons et degrés,10/21,ところだった①,"Almost, Nearly, About to","Presque, Failli",https://bunpro.jp/grammar_points/%E3%81%A8%E3%81%93%E3%82%8D%E3%81%A0%E3%81%A3%E3%81%9F1,https://bunpro.jp/fr/grammar_points/%E3%81%A8%E3%81%93%E3%82%8D%E3%81%A0%E3%81%A3%E3%81%9F1,https://bunpro.jp/ja/grammar_points/%E3%81%A8%E3%81%93%E3%82%8D%E3%81%A0%E3%81%A3%E3%81%9F1
N3,Leçon 4,Comparaisons et degrés,11/21,だって,"I heard, Because, But, Even","J'ai entendu, Parce que, Mais",https://bunpro.jp/grammar_points/%E3%81%A0%E3%81%A3%E3%81%A6,https://bunpro.jp/fr/grammar_points/%E3%81%A0%E3%81%A3%E3%81%A6,https://bunpro.jp/ja/grammar_points/%E3%81%A0%E3%81%A3%E3%81%A6
N3,Leçon 4,Comparaisons et degrés,12/21,んだって,"I heard that, He/She said",J'ai entendu que,https://bunpro.jp/grammar_points/%E3%82%93%E3%81%A0%E3%81%A3%E3%81%A6,https://bunpro.jp/fr/grammar_points/%E3%82%93%E3%81%A0%E3%81%A3%E3%81%A6,https://bunpro.jp/ja/grammar_points/%E3%82%93%E3%81%A0%E3%81%A3%E3%81%A6
N3,Leçon 4,Comparaisons et degrés,13/21,関係がある,"(Not) related to, (No) connection","(Pas) lié à, (Sans) rapport",https://bunpro.jp/grammar_points/%E9%96%A2%E4%BF%82%E3%81%8C%E3%81%82%E3%82%8B,https://bunpro.jp/fr/grammar_points/%E9%96%A2%E4%BF%82%E3%81%8C%E3%81%82%E3%82%8B,https://bunpro.jp/ja/grammar_points/%E9%96%A2%E4%BF%82%E3%81%8C%E3%81%82%E3%82%8B
N3,Leçon 4,Comparaisons et degrés,14/21,に関して,"Related to, Regarding","En rapport avec, Concernant",https://bunpro.jp/grammar_points/%E3%81%AB%E9%96%A2%E3%81%99%E3%82%8B-%E3%81%AB%E9%96%A2%E3%81%97%E3%81%A6,https://bunpro.jp/fr/grammar_points/%E3%81%AB%E9%96%A2%E3%81%99%E3%82%8B-%E3%81%AB%E9%96%A2%E3%81%97%E3%81%A6,https://bunpro.jp/ja/grammar_points/%E3%81%AB%E9%96%A2%E3%81%99%E3%82%8B-%E3%81%AB%E9%96%A2%E3%81%97%E3%81%A6
N3,Leçon 4,Comparaisons et degrés,15/21,に対して,"In contrast to, In regard to","En contraste avec, Concernant",https://bunpro.jp/grammar_points/%E3%81%AB%E5%AF%BE%E3%81%97%E3%81%A6,https://bunpro.jp/fr/grammar_points/%E3%81%AB%E5%AF%BE%E3%81%97%E3%81%A6,https://bunpro.jp/ja/grammar_points/%E3%81%AB%E5%AF%BE%E3%81%97%E3%81%A6
N3,Leçon 4,Comparaisons et degrés,16/21,くらい②,To the extent that,À tel point que,https://bunpro.jp/grammar_points/%E3%81%8F%E3%82%89%E3%81%842,https://bunpro.jp/fr/grammar_points/%E3%81%8F%E3%82%89%E3%81%842,https://bunpro.jp/ja/grammar_points/%E3%81%8F%E3%82%89%E3%81%842
N3,Leçon 4,Comparaisons et degrés,17/21,は～くらいです,About the only,"À peine si, Seulement",https://bunpro.jp/grammar_points/%E3%81%AF-%E3%81%8F%E3%82%89%E3%81%84%E3%81%A7%E3%81%99,https://bunpro.jp/fr/grammar_points/%E3%81%AF-%E3%81%8F%E3%82%89%E3%81%84%E3%81%A7%E3%81%99,https://bunpro.jp/ja/grammar_points/%E3%81%AF-%E3%81%8F%E3%82%89%E3%81%84%E3%81%A7%E3%81%99
N3,Leçon 4,Comparaisons et degrés,18/21,さ (Interjection),"All right, Now","Bon, Voilà",https://bunpro.jp/grammar_points/%E3%81%95-interjection,https://bunpro.jp/fr/grammar_points/%E3%81%95-interjection,https://bunpro.jp/ja/grammar_points/%E3%81%95-interjection
N3,Leçon 4,Comparaisons et degrés,19/21,さ (Filler),"Like, You know","Genre, Tu sais",https://bunpro.jp/grammar_points/%E3%81%95-filler,https://bunpro.jp/fr/grammar_points/%E3%81%95-filler,https://bunpro.jp/ja/grammar_points/%E3%81%95-filler
N3,Leçon 4,Comparaisons et degrés,20/21,さ (Casual よ),Casual よ particle,よ informel,https://bunpro.jp/grammar_points/%E3%81%95-casual%E3%82%88,https://bunpro.jp/fr/grammar_points/%E3%81%95-casual%E3%82%88,https://bunpro.jp/ja/grammar_points/%E3%81%95-casual%E3%82%88
N3,Leçon 4,Comparaisons et degrés,21/21,それぞれ,"Each, Respectively","Chacun, Respectivement",https://bunpro.jp/grammar_points/%E3%81%9D%E3%82%8C%E3%81%9E%E3%82%8C,https://bunpro.jp/fr/grammar_points/%E3%81%9D%E3%82%8C%E3%81%9E%E3%82%8C,https://bunpro.jp/ja/grammar_points/%E3%81%9D%E3%82%8C%E3%81%9E%E3%82%8C
N3,Leçon 5,Choix et restrictions,1/22,ままに (As Is),"As is, Left in a state","Tel quel, Laissé en état",https://bunpro.jp/grammar_points/%E3%81%BE%E3%81%BE,https://bunpro.jp/fr/grammar_points/%E3%81%BE%E3%81%BE,https://bunpro.jp/ja/grammar_points/%E3%81%BE%E3%81%BE
N3,Leçon 5,Choix et restrictions,2/22,そこで,"Accordingly, Therefore","Donc, C'est pourquoi",https://bunpro.jp/grammar_points/%E3%81%9D%E3%81%93%E3%81%A7,https://bunpro.jp/fr/grammar_points/%E3%81%9D%E3%81%93%E3%81%A7,https://bunpro.jp/ja/grammar_points/%E3%81%9D%E3%81%93%E3%81%A7
N3,Leçon 5,Choix et restrictions,3/22,しかない,Have no choice but,N'avoir d'autre choix que,https://bunpro.jp/grammar_points/%E3%81%97%E3%81%8B%E3%81%AA%E3%81%84,https://bunpro.jp/fr/grammar_points/%E3%81%97%E3%81%8B%E3%81%AA%E3%81%84,https://bunpro.jp/ja/grammar_points/%E3%81%97%E3%81%8B%E3%81%AA%E3%81%84
N3,Leçon 5,Choix et restrictions,4/22,～ても構わない,It doesn't matter if,Ça ne dérange pas si,https://bunpro.jp/grammar_points/%E3%81%A6%E3%82%82%E3%81%8B%E3%81%BE%E3%82%8F%E3%81%AA%E3%81%84,https://bunpro.jp/fr/grammar_points/%E3%81%A6%E3%82%82%E3%81%8B%E3%81%BE%E3%82%8F%E3%81%AA%E3%81%84,https://bunpro.jp/ja/grammar_points/%E3%81%A6%E3%82%82%E3%81%8B%E3%81%BE%E3%82%8F%E3%81%AA%E3%81%84
N3,Leçon 5,Choix et restrictions,5/22,～ても～なくても,Whether ~ or not,Que ~ ou non,https://bunpro.jp/grammar_points/%E3%81%A6%E3%82%82-%E3%81%AA%E3%81%8F%E3%81%A6%E3%82%82,https://bunpro.jp/fr/grammar_points/%E3%81%A6%E3%82%82-%E3%81%AA%E3%81%8F%E3%81%A6%E3%82%82,https://bunpro.jp/ja/grammar_points/%E3%81%A6%E3%82%82-%E3%81%AA%E3%81%8F%E3%81%A6%E3%82%82
N3,Leçon 5,Choix et restrictions,6/22,んじゃない,"Don't, Mustn't, Shouldn't have","Ne fais pas, Ne devrait pas",https://bunpro.jp/grammar_points/%E3%82%93%E3%81%98%E3%82%83%E3%81%AA%E3%81%84,https://bunpro.jp/fr/grammar_points/%E3%82%93%E3%81%98%E3%82%83%E3%81%AA%E3%81%84,https://bunpro.jp/ja/grammar_points/%E3%82%93%E3%81%98%E3%82%83%E3%81%AA%E3%81%84
N3,Leçon 5,Choix et restrictions,7/22,わけがない,"There is no way, Impossible","Impossible, Pas question",https://bunpro.jp/grammar_points/%E3%82%8F%E3%81%91%E3%81%8C%E3%81%AA%E3%81%84,https://bunpro.jp/fr/grammar_points/%E3%82%8F%E3%81%91%E3%81%8C%E3%81%AA%E3%81%84,https://bunpro.jp/ja/grammar_points/%E3%82%8F%E3%81%91%E3%81%8C%E3%81%AA%E3%81%84
N3,Leçon 5,Choix et restrictions,8/22,とすると,If it were the case that,"Si c'était le cas, En supposant",https://bunpro.jp/grammar_points/%E3%81%A8%E3%81%97%E3%81%9F%E3%82%89-%E3%81%A8%E3%81%99%E3%82%8C%E3%81%B0-%E3%81%A8%E3%81%99%E3%82%8B%E3%81%A8,https://bunpro.jp/fr/grammar_points/%E3%81%A8%E3%81%97%E3%81%9F%E3%82%89-%E3%81%A8%E3%81%99%E3%82%8C%E3%81%B0-%E3%81%A8%E3%81%99%E3%82%8B%E3%81%A8,https://bunpro.jp/ja/grammar_points/%E3%81%A8%E3%81%97%E3%81%9F%E3%82%89-%E3%81%A8%E3%81%99%E3%82%8C%E3%81%B0-%E3%81%A8%E3%81%99%E3%82%8B%E3%81%A8
N3,Leçon 5,Choix et restrictions,9/22,として,"As (in the role of), For",En tant que,https://bunpro.jp/grammar_points/%E3%81%A8%E3%81%97%E3%81%A6,https://bunpro.jp/fr/grammar_points/%E3%81%A8%E3%81%97%E3%81%A6,https://bunpro.jp/ja/grammar_points/%E3%81%A8%E3%81%97%E3%81%A6
N3,Leçon 5,Choix et restrictions,10/22,にしては,"(Even) considering, (Even) for",Même en tenant compte de,https://bunpro.jp/grammar_points/%E3%81%AB%E3%81%97%E3%81%A6%E3%81%AF,https://bunpro.jp/fr/grammar_points/%E3%81%AB%E3%81%97%E3%81%A6%E3%81%AF,https://bunpro.jp/ja/grammar_points/%E3%81%AB%E3%81%97%E3%81%A6%E3%81%AF
N3,Leçon 5,Choix et restrictions,11/22,にしても,"Even though, Even if","Même si, Même quand",https://bunpro.jp/grammar_points/%E3%81%AB%E3%81%97%E3%81%A6%E3%82%82,https://bunpro.jp/fr/grammar_points/%E3%81%AB%E3%81%97%E3%81%A6%E3%82%82,https://bunpro.jp/ja/grammar_points/%E3%81%AB%E3%81%97%E3%81%A6%E3%82%82
N3,Leçon 5,Choix et restrictions,12/22,というのは事実だ,It is a fact that,C'est un fait que,https://bunpro.jp/grammar_points/%E3%81%A8%E3%81%84%E3%81%86%E3%81%AE%E3%81%AF%E4%BA%8B%E5%AE%9F%E3%81%A0,https://bunpro.jp/fr/grammar_points/%E3%81%A8%E3%81%84%E3%81%86%E3%81%AE%E3%81%AF%E4%BA%8B%E5%AE%9F%E3%81%A0,https://bunpro.jp/ja/grammar_points/%E3%81%A8%E3%81%84%E3%81%86%E3%81%AE%E3%81%AF%E4%BA%8B%E5%AE%9F%E3%81%A0
N3,Leçon 5,Choix et restrictions,13/22,から言うと,Speaking in terms of,En termes de,https://bunpro.jp/grammar_points/%E3%81%8B%E3%82%89%E8%A8%80%E3%81%86%E3%81%A8,https://bunpro.jp/fr/grammar_points/%E3%81%8B%E3%82%89%E8%A8%80%E3%81%86%E3%81%A8,https://bunpro.jp/ja/grammar_points/%E3%81%8B%E3%82%89%E8%A8%80%E3%81%86%E3%81%A8
N3,Leçon 5,Choix et restrictions,14/22,にとって,"To, For, Concerning","Pour, En ce qui concerne",https://bunpro.jp/grammar_points/%E3%81%AB%E5%8F%96%E3%81%A3%E3%81%A6,https://bunpro.jp/fr/grammar_points/%E3%81%AB%E5%8F%96%E3%81%A3%E3%81%A6,https://bunpro.jp/ja/grammar_points/%E3%81%AB%E5%8F%96%E3%81%A3%E3%81%A6
N3,Leçon 5,Choix et restrictions,15/22,ことから,From the fact that,Du fait que,https://bunpro.jp/grammar_points/%E3%81%93%E3%81%A8%E3%81%8B%E3%82%89,https://bunpro.jp/fr/grammar_points/%E3%81%93%E3%81%A8%E3%81%8B%E3%82%89,https://bunpro.jp/ja/grammar_points/%E3%81%93%E3%81%A8%E3%81%8B%E3%82%89
N3,Leçon 5,Choix et restrictions,16/22,というより,...more of a... than a...,"Plutôt que, Plus que",https://bunpro.jp/grammar_points/%E3%81%A8%E3%81%84%E3%81%86%E3%82%88%E3%82%8A,https://bunpro.jp/fr/grammar_points/%E3%81%A8%E3%81%84%E3%81%86%E3%82%88%E3%82%8A,https://bunpro.jp/ja/grammar_points/%E3%81%A8%E3%81%84%E3%81%86%E3%82%88%E3%82%8A
N3,Leçon 5,Choix et restrictions,17/22,はもちろん,"Not only but also, Let alone","Non seulement, Sans parler de",https://bunpro.jp/grammar_points/%E3%81%AF%E3%82%82%E3%81%A1%E3%82%8D%E3%82%93,https://bunpro.jp/fr/grammar_points/%E3%81%AF%E3%82%82%E3%81%A1%E3%82%8D%E3%82%93,https://bunpro.jp/ja/grammar_points/%E3%81%AF%E3%82%82%E3%81%A1%E3%82%8D%E3%82%93
N3,Leçon 5,Choix et restrictions,18/22,を始め,"Starting with, Not only but also",À commencer par,https://bunpro.jp/grammar_points/%E3%82%92%E3%81%AF%E3%81%98%E3%82%81,https://bunpro.jp/fr/grammar_points/%E3%82%92%E3%81%AF%E3%81%98%E3%82%81,https://bunpro.jp/ja/grammar_points/%E3%82%92%E3%81%AF%E3%81%98%E3%82%81
N3,Leçon 5,Choix et restrictions,19/22,～て初めて,"For the first time, Not until",Pour la première fois,https://bunpro.jp/grammar_points/%E3%81%A6%E5%88%9D%E3%82%81%E3%81%A6,https://bunpro.jp/fr/grammar_points/%E3%81%A6%E5%88%9D%E3%82%81%E3%81%A6,https://bunpro.jp/ja/grammar_points/%E3%81%A6%E5%88%9D%E3%82%81%E3%81%A6
N3,Leçon 5,Choix et restrictions,20/22,さえ,Even,Même,https://bunpro.jp/grammar_points/%E3%81%95%E3%81%88,https://bunpro.jp/fr/grammar_points/%E3%81%95%E3%81%88,https://bunpro.jp/ja/grammar_points/%E3%81%95%E3%81%88
N3,Leçon 5,Choix et restrictions,21/22,さえ～ば,"If only…, As long as","Pourvu que, Tant que",https://bunpro.jp/grammar_points/%E3%81%95%E3%81%88-%E3%81%B0,https://bunpro.jp/fr/grammar_points/%E3%81%95%E3%81%88-%E3%81%B0,https://bunpro.jp/ja/grammar_points/%E3%81%95%E3%81%88-%E3%81%B0
N3,Leçon 5,Choix et restrictions,22/22,～たものだ,Used to,"Autrefois, Jadis",https://bunpro.jp/grammar_points/%E3%81%9F%E3%82%82%E3%81%AE%E3%81%A0,https://bunpro.jp/fr/grammar_points/%E3%81%9F%E3%82%82%E3%81%AE%E3%81%A0,https://bunpro.jp/ja/grammar_points/%E3%81%9F%E3%82%82%E3%81%AE%E3%81%A0
N3,Leçon 6,Nuances et contraires,1/24,さて,"Well, Well then","Bon, Eh bien",https://bunpro.jp/grammar_points/%E3%81%95%E3%81%A6,https://bunpro.jp/fr/grammar_points/%E3%81%95%E3%81%A6,https://bunpro.jp/ja/grammar_points/%E3%81%95%E3%81%A6
N3,Leçon 6,Nuances et contraires,2/24,むしろ,"Rather, Instead","Plutôt, Au lieu de",https://bunpro.jp/grammar_points/%E3%82%80%E3%81%97%E3%82%8D,https://bunpro.jp/fr/grammar_points/%E3%82%80%E3%81%97%E3%82%8D,https://bunpro.jp/ja/grammar_points/%E3%82%80%E3%81%97%E3%82%8D
N3,Leçon 6,Nuances et contraires,3/24,つまり,"In short, In other words","En bref, Autrement dit",https://bunpro.jp/grammar_points/%E3%81%A4%E3%81%BE%E3%82%8A,https://bunpro.jp/fr/grammar_points/%E3%81%A4%E3%81%BE%E3%82%8A,https://bunpro.jp/ja/grammar_points/%E3%81%A4%E3%81%BE%E3%82%8A
N3,Leçon 6,Nuances et contraires,4/24,即ち,"That is, Namely","C'est-à-dire, À savoir",https://bunpro.jp/grammar_points/%E5%8D%B3%E3%81%A1,https://bunpro.jp/fr/grammar_points/%E5%8D%B3%E3%81%A1,https://bunpro.jp/ja/grammar_points/%E5%8D%B3%E3%81%A1
N3,Leçon 6,Nuances et contraires,5/24,却って,"All the more, On the contrary","Au contraire, À l'inverse",https://bunpro.jp/grammar_points/%E5%8D%B4%E3%81%A3%E3%81%A6,https://bunpro.jp/fr/grammar_points/%E5%8D%B4%E3%81%A3%E3%81%A6,https://bunpro.jp/ja/grammar_points/%E5%8D%B4%E3%81%A3%E3%81%A6
N3,Leçon 6,Nuances et contraires,6/24,まるで～様だ,It is just as though,C'est tout comme si,https://bunpro.jp/grammar_points/%E3%81%BE%E3%82%8B%E3%81%A7-%E3%82%88%E3%81%86%E3%81%A0,https://bunpro.jp/fr/grammar_points/%E3%81%BE%E3%82%8B%E3%81%A7-%E3%82%88%E3%81%86%E3%81%A0,https://bunpro.jp/ja/grammar_points/%E3%81%BE%E3%82%8B%E3%81%A7-%E3%82%88%E3%81%86%E3%81%A0
N3,Leçon 6,Nuances et contraires,7/24,様な気がする,Have a feeling that,Avoir l'impression que,https://bunpro.jp/grammar_points/%E3%82%88%E3%81%86%E3%81%AA%E6%B0%97%E3%81%8C%E3%81%99%E3%82%8B,https://bunpro.jp/fr/grammar_points/%E3%82%88%E3%81%86%E3%81%AA%E6%B0%97%E3%81%8C%E3%81%99%E3%82%8B,https://bunpro.jp/ja/grammar_points/%E3%82%88%E3%81%86%E3%81%AA%E6%B0%97%E3%81%8C%E3%81%99%E3%82%8B
N3,Leçon 6,Nuances et contraires,8/24,とても～ない,Cannot at all,"Vraiment pas, Absolument impossible",https://bunpro.jp/grammar_points/%E3%81%A8%E3%81%A6%E3%82%82-%E3%81%AA%E3%81%84,https://bunpro.jp/fr/grammar_points/%E3%81%A8%E3%81%A6%E3%82%82-%E3%81%AA%E3%81%84,https://bunpro.jp/ja/grammar_points/%E3%81%A8%E3%81%A6%E3%82%82-%E3%81%AA%E3%81%84
N3,Leçon 6,Nuances et contraires,9/24,別に～ない,Not particularly,"Pas vraiment, Pas particulièrement",https://bunpro.jp/grammar_points/%E5%88%A5%E3%81%AB-%E3%81%AA%E3%81%84,https://bunpro.jp/fr/grammar_points/%E5%88%A5%E3%81%AB-%E3%81%AA%E3%81%84,https://bunpro.jp/ja/grammar_points/%E5%88%A5%E3%81%AB-%E3%81%AA%E3%81%84
N3,Leçon 6,Nuances et contraires,10/24,ばかりでなく,Not only…but also,Non seulement... mais aussi,https://bunpro.jp/grammar_points/%E3%81%B0%E3%81%8B%E3%82%8A%E3%81%A7%E3%81%AA%E3%81%8F,https://bunpro.jp/fr/grammar_points/%E3%81%B0%E3%81%8B%E3%82%8A%E3%81%A7%E3%81%AA%E3%81%8F,https://bunpro.jp/ja/grammar_points/%E3%81%B0%E3%81%8B%E3%82%8A%E3%81%A7%E3%81%AA%E3%81%8F
N3,Leçon 6,Nuances et contraires,11/24,ではなくて,Not A but B,Non pas A mais B,https://bunpro.jp/grammar_points/%E3%81%A7%E3%81%AF%E3%81%AA%E3%81%8F%E3%81%A6-%E3%81%98%E3%82%83%E3%81%AA%E3%81%8F%E3%81%A6,https://bunpro.jp/fr/grammar_points/%E3%81%A7%E3%81%AF%E3%81%AA%E3%81%8F%E3%81%A6-%E3%81%98%E3%82%83%E3%81%AA%E3%81%8F%E3%81%A6,https://bunpro.jp/ja/grammar_points/%E3%81%A7%E3%81%AF%E3%81%AA%E3%81%8F%E3%81%A6-%E3%81%98%E3%82%83%E3%81%AA%E3%81%8F%E3%81%A6
N3,Leçon 6,Nuances et contraires,12/24,だけでなくて～も,Not only ~ but ~ also,Non seulement ~ mais aussi,https://bunpro.jp/grammar_points/%E3%81%A0%E3%81%91%E3%81%A7%E3%81%AA%E3%81%8F-%E3%81%A6-%E3%82%82,https://bunpro.jp/fr/grammar_points/%E3%81%A0%E3%81%91%E3%81%A7%E3%81%AA%E3%81%8F-%E3%81%A6-%E3%82%82,https://bunpro.jp/ja/grammar_points/%E3%81%A0%E3%81%91%E3%81%A7%E3%81%AA%E3%81%8F-%E3%81%A6-%E3%82%82
N3,Leçon 6,Nuances et contraires,13/24,だけしか～ない,"Only, Nothing but (emphasis)","Seulement, Rien que (emphase)",https://bunpro.jp/grammar_points/%E3%81%A0%E3%81%91%E3%81%97%E3%81%8B,https://bunpro.jp/fr/grammar_points/%E3%81%A0%E3%81%91%E3%81%97%E3%81%8B,https://bunpro.jp/ja/grammar_points/%E3%81%A0%E3%81%91%E3%81%97%E3%81%8B
N3,Leçon 6,Nuances et contraires,14/24,は言うまでもない①,It goes without saying,Il va sans dire que,https://bunpro.jp/grammar_points/%E3%81%AF%E8%A8%80%E3%81%86%E3%81%BE%E3%81%A7%E3%82%82%E3%81%AA%E3%81%841,https://bunpro.jp/fr/grammar_points/%E3%81%AF%E8%A8%80%E3%81%86%E3%81%BE%E3%81%A7%E3%82%82%E3%81%AA%E3%81%841,https://bunpro.jp/ja/grammar_points/%E3%81%AF%E8%A8%80%E3%81%86%E3%81%BE%E3%81%A7%E3%82%82%E3%81%AA%E3%81%841
N3,Leçon 6,Nuances et contraires,15/24,決して～ない,"Never, By no means","Jamais, En aucun cas",https://bunpro.jp/grammar_points/%E6%B1%BA%E3%81%97%E3%81%A6-%E3%81%AA%E3%81%84,https://bunpro.jp/fr/grammar_points/%E6%B1%BA%E3%81%97%E3%81%A6-%E3%81%AA%E3%81%84,https://bunpro.jp/ja/grammar_points/%E6%B1%BA%E3%81%97%E3%81%A6-%E3%81%AA%E3%81%84
N3,Leçon 6,Nuances et contraires,16/24,わけには行かない,"Cannot afford to, Impossible","Impossible de, Pas question de",https://bunpro.jp/grammar_points/%E3%82%8F%E3%81%91%E3%81%AB%E3%81%AF%E3%81%84%E3%81%8B%E3%81%AA%E3%81%84,https://bunpro.jp/fr/grammar_points/%E3%82%8F%E3%81%91%E3%81%AB%E3%81%AF%E3%81%84%E3%81%8B%E3%81%AA%E3%81%84,https://bunpro.jp/ja/grammar_points/%E3%82%8F%E3%81%91%E3%81%AB%E3%81%AF%E3%81%84%E3%81%8B%E3%81%AA%E3%81%84
N3,Leçon 6,Nuances et contraires,17/24,う・よう + としない,"Not willing to, Refuse to","Ne pas vouloir, Refuser de",https://bunpro.jp/grammar_points/-%E3%82%88%E3%81%86%E3%81%A8%E3%81%97%E3%81%AA%E3%81%84,https://bunpro.jp/fr/grammar_points/-%E3%82%88%E3%81%86%E3%81%A8%E3%81%97%E3%81%AA%E3%81%84,https://bunpro.jp/ja/grammar_points/-%E3%82%88%E3%81%86%E3%81%A8%E3%81%97%E3%81%AA%E3%81%84
N3,Leçon 6,Nuances et contraires,18/24,もしかしたら,"Perhaps, Maybe, Possibly","Peut-être, Il se pourrait que",https://bunpro.jp/grammar_points/%E3%82%82%E3%81%97%E3%81%8B%E3%81%97%E3%81%9F%E3%82%89,https://bunpro.jp/fr/grammar_points/%E3%82%82%E3%81%97%E3%81%8B%E3%81%97%E3%81%9F%E3%82%89,https://bunpro.jp/ja/grammar_points/%E3%82%82%E3%81%97%E3%81%8B%E3%81%97%E3%81%9F%E3%82%89
N3,Leçon 6,Nuances et contraires,19/24,たとえ～ても,Even if…is the case,"Même si, Même dans le cas où",https://bunpro.jp/grammar_points/%E3%81%9F%E3%81%A8%E3%81%88-%E3%81%A6%E3%82%82,https://bunpro.jp/fr/grammar_points/%E3%81%9F%E3%81%A8%E3%81%88-%E3%81%A6%E3%82%82,https://bunpro.jp/ja/grammar_points/%E3%81%9F%E3%81%A8%E3%81%88-%E3%81%A6%E3%82%82
N3,Leçon 6,Nuances et contraires,20/24,ことに,"Especially, To my ...","Surtout, À ma grande ~",https://bunpro.jp/grammar_points/%E3%81%93%E3%81%A8%E3%81%AB,https://bunpro.jp/fr/grammar_points/%E3%81%93%E3%81%A8%E3%81%AB,https://bunpro.jp/ja/grammar_points/%E3%81%93%E3%81%A8%E3%81%AB
N3,Leçon 6,Nuances et contraires,21/24,ことか,"How…, What..., God knows...","Comme c'est ~, Que c'est ~",https://bunpro.jp/grammar_points/%E3%81%93%E3%81%A8%E3%81%8B,https://bunpro.jp/fr/grammar_points/%E3%81%93%E3%81%A8%E3%81%8B,https://bunpro.jp/ja/grammar_points/%E3%81%93%E3%81%A8%E3%81%8B
N3,Leçon 6,Nuances et contraires,22/24,かと言うと①,Why? Because...,Pourquoi ? Parce que...,https://bunpro.jp/grammar_points/%E3%81%8B%E3%81%A8%E3%81%84%E3%81%86%E3%81%A81,https://bunpro.jp/fr/grammar_points/%E3%81%8B%E3%81%A8%E3%81%84%E3%81%86%E3%81%A81,https://bunpro.jp/ja/grammar_points/%E3%81%8B%E3%81%A8%E3%81%84%E3%81%86%E3%81%A81
N3,Leçon 6,Nuances et contraires,23/24,かと言うと②,"If you ask me..., I'd rather","Si on me demande..., Si je devais",https://bunpro.jp/grammar_points/%E3%81%8B%E3%81%A8%E3%81%84%E3%81%86%E3%81%A82,https://bunpro.jp/fr/grammar_points/%E3%81%8B%E3%81%A8%E3%81%84%E3%81%86%E3%81%A82,https://bunpro.jp/ja/grammar_points/%E3%81%8B%E3%81%A8%E3%81%84%E3%81%86%E3%81%A82
N3,Leçon 6,Nuances et contraires,24/24,で言うと,"In, According to",En termes de,https://bunpro.jp/grammar_points/%E3%81%A7%E8%A8%80%E3%81%86%E3%81%A8,https://bunpro.jp/fr/grammar_points/%E3%81%A7%E8%A8%80%E3%81%86%E3%81%A8,https://bunpro.jp/ja/grammar_points/%E3%81%A7%E8%A8%80%E3%81%86%E3%81%A8
N3,Leçon 7,Mesures et verbes composés,1/21,ずつ,"One at a time, Each, Gradually","Un à la fois, Graduellement",https://bunpro.jp/grammar_points/%E3%81%9A%E3%81%A4,https://bunpro.jp/fr/grammar_points/%E3%81%9A%E3%81%A4,https://bunpro.jp/ja/grammar_points/%E3%81%9A%E3%81%A4
N3,Leçon 7,Mesures et verbes composés,2/21,ずっと②,"By far, Way, Far more","De loin, Beaucoup plus",https://bunpro.jp/grammar_points/%E3%81%9A%E3%81%A3%E3%81%A82,https://bunpro.jp/fr/grammar_points/%E3%81%9A%E3%81%A3%E3%81%A82,https://bunpro.jp/ja/grammar_points/%E3%81%9A%E3%81%A3%E3%81%A82
N3,Leçon 7,Mesures et verbes composés,3/21,だらけ,"Covered in, Full of","Plein de, Couvert de",https://bunpro.jp/grammar_points/%E3%81%A0%E3%82%89%E3%81%91,https://bunpro.jp/fr/grammar_points/%E3%81%A0%E3%82%89%E3%81%91,https://bunpro.jp/ja/grammar_points/%E3%81%A0%E3%82%89%E3%81%91
N3,Leçon 7,Mesures et verbes composés,4/21,尤も,"Although, But, However","Certes, Cependant",https://bunpro.jp/grammar_points/%E3%82%82%E3%81%A3%E3%81%A8%E3%82%82,https://bunpro.jp/fr/grammar_points/%E3%82%82%E3%81%A3%E3%81%A8%E3%82%82,https://bunpro.jp/ja/grammar_points/%E3%82%82%E3%81%A3%E3%81%A8%E3%82%82
N3,Leçon 7,Mesures et verbes composés,5/21,再び,"Again, Once more","De nouveau, Une fois de plus",https://bunpro.jp/grammar_points/%E5%86%8D%E3%81%B3,https://bunpro.jp/fr/grammar_points/%E5%86%8D%E3%81%B3,https://bunpro.jp/ja/grammar_points/%E5%86%8D%E3%81%B3
N3,Leçon 7,Mesures et verbes composés,6/21,味,"~ness, Conditions or nature",Indique une condition ou nature,https://bunpro.jp/grammar_points/%E3%81%BF,https://bunpro.jp/fr/grammar_points/%E3%81%BF,https://bunpro.jp/ja/grammar_points/%E3%81%BF
N3,Leçon 7,Mesures et verbes composés,7/21,と同じくらい,About the same as,À peu près la même chose que,https://bunpro.jp/grammar_points/%E3%81%A8%E5%90%8C%E3%81%98%E3%81%8F%E3%82%89%E3%81%84,https://bunpro.jp/fr/grammar_points/%E3%81%A8%E5%90%8C%E3%81%98%E3%81%8F%E3%82%89%E3%81%84,https://bunpro.jp/ja/grammar_points/%E3%81%A8%E5%90%8C%E3%81%98%E3%81%8F%E3%82%89%E3%81%84
N3,Leçon 7,Mesures et verbes composés,8/21,とおなじで・とちがって,"Like, Unlike","Pareil à, Différent de",https://bunpro.jp/grammar_points/%E3%81%A8%E5%90%8C%E3%81%98%E3%81%A7-%E3%81%A8%E9%81%95%E3%81%A3%E3%81%A6,https://bunpro.jp/fr/grammar_points/%E3%81%A8%E5%90%8C%E3%81%98%E3%81%A7-%E3%81%A8%E9%81%95%E3%81%A3%E3%81%A6,https://bunpro.jp/ja/grammar_points/%E3%81%A8%E5%90%8C%E3%81%98%E3%81%A7-%E3%81%A8%E9%81%95%E3%81%A3%E3%81%A6
N3,Leçon 7,Mesures et verbes composés,9/21,と並んで,"Comparable with, Along with","Comparable à, Le long de",https://bunpro.jp/grammar_points/%E3%81%A8%E4%B8%A6%E3%82%93%E3%81%A7,https://bunpro.jp/fr/grammar_points/%E3%81%A8%E4%B8%A6%E3%82%93%E3%81%A7,https://bunpro.jp/ja/grammar_points/%E3%81%A8%E4%B8%A6%E3%82%93%E3%81%A7
N3,Leçon 7,Mesures et verbes composés,10/21,に違いない,"There is no doubt, I'm sure",Il est certain que,https://bunpro.jp/grammar_points/%E3%81%AB%E9%81%95%E3%81%84%E3%81%AA%E3%81%84,https://bunpro.jp/fr/grammar_points/%E3%81%AB%E9%81%95%E3%81%84%E3%81%AA%E3%81%84,https://bunpro.jp/ja/grammar_points/%E3%81%AB%E9%81%95%E3%81%84%E3%81%AA%E3%81%84
N3,Leçon 7,Mesures et verbes composés,11/21,当たり,"Per ~, Each","Par ~, Chacun",https://bunpro.jp/grammar_points/%E5%BD%93%E3%81%9F%E3%82%8A,https://bunpro.jp/fr/grammar_points/%E5%BD%93%E3%81%9F%E3%82%8A,https://bunpro.jp/ja/grammar_points/%E5%BD%93%E3%81%9F%E3%82%8A
N3,Leçon 7,Mesures et verbes composés,12/21,に当たる,"Correspond to, Equals to",Correspondre à,https://bunpro.jp/grammar_points/%E3%81%AB%E5%BD%93%E3%81%9F%E3%82%8B,https://bunpro.jp/fr/grammar_points/%E3%81%AB%E5%BD%93%E3%81%9F%E3%82%8B,https://bunpro.jp/ja/grammar_points/%E3%81%AB%E5%BD%93%E3%81%9F%E3%82%8B
N3,Leçon 7,Mesures et verbes composés,13/21,に限る,"Nothing better than, Limited to","Rien de mieux que, Limité à",https://bunpro.jp/grammar_points/%E3%81%AB%E9%99%90%E3%82%8B,https://bunpro.jp/fr/grammar_points/%E3%81%AB%E9%99%90%E3%82%8B,https://bunpro.jp/ja/grammar_points/%E3%81%AB%E9%99%90%E3%82%8B
N3,Leçon 7,Mesures et verbes composés,14/21,とは限らない,"Not necessarily, Not always",Pas nécessairement,https://bunpro.jp/grammar_points/%E3%81%A8%E3%81%AF%E9%99%90%E3%82%89%E3%81%AA%E3%81%84,https://bunpro.jp/fr/grammar_points/%E3%81%A8%E3%81%AF%E9%99%90%E3%82%89%E3%81%AA%E3%81%84,https://bunpro.jp/ja/grammar_points/%E3%81%A8%E3%81%AF%E9%99%90%E3%82%89%E3%81%AA%E3%81%84
N3,Leçon 7,Mesures et verbes composés,15/21,滅多に～ない,"Hardly, Rarely","Rarement, Peu souvent",https://bunpro.jp/grammar_points/%E3%82%81%E3%81%A3%E3%81%9F%E3%81%AB-%E3%81%AA%E3%81%84,https://bunpro.jp/fr/grammar_points/%E3%82%81%E3%81%A3%E3%81%9F%E3%81%AB-%E3%81%AA%E3%81%84,https://bunpro.jp/ja/grammar_points/%E3%82%81%E3%81%A3%E3%81%9F%E3%81%AB-%E3%81%AA%E3%81%84
N3,Leçon 7,Mesures et verbes composés,16/21,割に,"Although, Rather...for","Bien que, Comparativement",https://bunpro.jp/grammar_points/%E3%82%8F%E3%82%8A%E3%81%AB,https://bunpro.jp/fr/grammar_points/%E3%82%8F%E3%82%8A%E3%81%AB,https://bunpro.jp/ja/grammar_points/%E3%82%8F%E3%82%8A%E3%81%AB
N3,Leçon 7,Mesures et verbes composés,17/21,う・よう + とする,"Try to, About to","Essayer de, Sur le point de",https://bunpro.jp/grammar_points/verb-volitional%E3%81%A8%E3%81%99%E3%82%8B,https://bunpro.jp/fr/grammar_points/verb-volitional%E3%81%A8%E3%81%99%E3%82%8B,https://bunpro.jp/ja/grammar_points/verb-volitional%E3%81%A8%E3%81%99%E3%82%8B
N3,Leçon 7,Mesures et verbes composés,18/21,う・よう + としたが,Tried to ~ but,A essayé de ~ mais,https://bunpro.jp/grammar_points/verb-volitional-%E3%81%A8%E3%81%97%E3%81%9F%E3%81%8C,https://bunpro.jp/fr/grammar_points/verb-volitional-%E3%81%A8%E3%81%97%E3%81%9F%E3%81%8C,https://bunpro.jp/ja/grammar_points/verb-volitional-%E3%81%A8%E3%81%97%E3%81%9F%E3%81%8C
N3,Leçon 7,Mesures et verbes composés,19/21,言うまでもない②,It goes without saying,Il va de soi,https://bunpro.jp/grammar_points/%E8%A8%80%E3%81%86%E3%81%BE%E3%81%A7%E3%82%82%E3%81%AA%E3%81%842,https://bunpro.jp/fr/grammar_points/%E8%A8%80%E3%81%86%E3%81%BE%E3%81%A7%E3%82%82%E3%81%AA%E3%81%842,https://bunpro.jp/ja/grammar_points/%E8%A8%80%E3%81%86%E3%81%BE%E3%81%A7%E3%82%82%E3%81%AA%E3%81%842
N3,Leçon 7,Mesures et verbes composés,20/21,そうもない,Very unlikely to,Il est très peu probable que,https://bunpro.jp/grammar_points/%E3%81%9D%E3%81%86%E3%82%82%E3%81%AA%E3%81%84,https://bunpro.jp/fr/grammar_points/%E3%81%9D%E3%81%86%E3%82%82%E3%81%AA%E3%81%84,https://bunpro.jp/ja/grammar_points/%E3%81%9D%E3%81%86%E3%82%82%E3%81%AA%E3%81%84
N3,Leçon 7,Mesures et verbes composés,21/21,ない事はない,Is not impossible,N'est pas impossible,https://bunpro.jp/grammar_points/%E3%81%AA%E3%81%84%E3%81%93%E3%81%A8%E3%81%AF%E3%81%AA%E3%81%84,https://bunpro.jp/fr/grammar_points/%E3%81%AA%E3%81%84%E3%81%93%E3%81%A8%E3%81%AF%E3%81%AA%E3%81%84,https://bunpro.jp/ja/grammar_points/%E3%81%AA%E3%81%84%E3%81%93%E3%81%A8%E3%81%AF%E3%81%AA%E3%81%84
N3,Leçon 8,Actions simultanées et progressives,1/23,なんて,"Such as, Emphasis","Tel que, Pour souligner",https://bunpro.jp/grammar_points/%E3%81%AA%E3%82%93%E3%81%8B-%E3%81%AA%E3%82%93%E3%81%A6,https://bunpro.jp/fr/grammar_points/%E3%81%AA%E3%82%93%E3%81%8B-%E3%81%AA%E3%82%93%E3%81%A6,https://bunpro.jp/ja/grammar_points/%E3%81%AA%E3%82%93%E3%81%8B-%E3%81%AA%E3%82%93%E3%81%A6
N3,Leçon 8,Actions simultanées et progressives,2/23,又～も,"Moreover, Additionally","De plus, En outre",https://bunpro.jp/grammar_points/%E5%8F%88-%E3%82%82,https://bunpro.jp/fr/grammar_points/%E5%8F%88-%E3%82%82,https://bunpro.jp/ja/grammar_points/%E5%8F%88-%E3%82%82
N3,Leçon 8,Actions simultanées et progressives,3/23,序でに,While you are at it,Pendant qu'on y est,https://bunpro.jp/grammar_points/%E3%81%A4%E3%81%84%E3%81%A7%E3%81%AB,https://bunpro.jp/fr/grammar_points/%E3%81%A4%E3%81%84%E3%81%A7%E3%81%AB,https://bunpro.jp/ja/grammar_points/%E3%81%A4%E3%81%84%E3%81%A7%E3%81%AB
N3,Leçon 8,Actions simultanées et progressives,4/23,と共に,"Together with, At the same time","Ensemble avec, En même temps",https://bunpro.jp/grammar_points/%E3%81%A8%E5%85%B1%E3%81%AB,https://bunpro.jp/fr/grammar_points/%E3%81%A8%E5%85%B1%E3%81%AB,https://bunpro.jp/ja/grammar_points/%E3%81%A8%E5%85%B1%E3%81%AB
N3,Leçon 8,Actions simultanées et progressives,5/23,に連れて,"As…then, In proportion to",Au fur et à mesure que,https://bunpro.jp/grammar_points/%E3%81%AB%E3%81%A4%E3%82%8C%E3%81%A6,https://bunpro.jp/fr/grammar_points/%E3%81%AB%E3%81%A4%E3%82%8C%E3%81%A6,https://bunpro.jp/ja/grammar_points/%E3%81%AB%E3%81%A4%E3%82%8C%E3%81%A6
N3,Leçon 8,Actions simultanées et progressives,6/23,直ちに,"At once, Immediately","Immédiatement, Sur-le-champ",https://bunpro.jp/grammar_points/%E7%9B%B4%E3%81%A1%E3%81%AB,https://bunpro.jp/fr/grammar_points/%E7%9B%B4%E3%81%A1%E3%81%AB,https://bunpro.jp/ja/grammar_points/%E7%9B%B4%E3%81%A1%E3%81%AB
N3,Leçon 8,Actions simultanées et progressives,7/23,た途端に,"The instant, As soon as","Au moment où, Aussitôt que",https://bunpro.jp/grammar_points/%E3%81%9F%E3%81%A8%E3%81%9F%E3%82%93%E3%81%AB,https://bunpro.jp/fr/grammar_points/%E3%81%9F%E3%81%A8%E3%81%9F%E3%82%93%E3%81%AB,https://bunpro.jp/ja/grammar_points/%E3%81%9F%E3%81%A8%E3%81%9F%E3%82%93%E3%81%AB
N3,Leçon 8,Actions simultanées et progressives,8/23,置きに,"At intervals, Every other","À intervalles, Tous les ~",https://bunpro.jp/grammar_points/%E3%81%8A%E3%81%8D%E3%81%AB,https://bunpro.jp/fr/grammar_points/%E3%81%8A%E3%81%8D%E3%81%AB,https://bunpro.jp/ja/grammar_points/%E3%81%8A%E3%81%8D%E3%81%AB
N3,Leçon 8,Actions simultanées et progressives,9/23,度に,"Each time, Whenever",Chaque fois que,https://bunpro.jp/grammar_points/%E3%81%9F%E3%81%B3%E3%81%AB,https://bunpro.jp/fr/grammar_points/%E3%81%9F%E3%81%B3%E3%81%AB,https://bunpro.jp/ja/grammar_points/%E3%81%9F%E3%81%B3%E3%81%AB
N3,Leçon 8,Actions simultanées et progressives,10/23,或いは,"Or, Possibly, Maybe","Ou, Peut-être",https://bunpro.jp/grammar_points/%E3%81%82%E3%82%8B%E3%81%84%E3%81%AF,https://bunpro.jp/fr/grammar_points/%E3%81%82%E3%82%8B%E3%81%84%E3%81%AF,https://bunpro.jp/ja/grammar_points/%E3%81%82%E3%82%8B%E3%81%84%E3%81%AF
N3,Leçon 8,Actions simultanées et progressives,11/23,ながらも,"Even while, Even though","Même si, Bien que",https://bunpro.jp/grammar_points/%E3%81%AA%E3%81%8C%E3%82%89%E3%82%82,https://bunpro.jp/fr/grammar_points/%E3%81%AA%E3%81%8C%E3%82%89%E3%82%82,https://bunpro.jp/ja/grammar_points/%E3%81%AA%E3%81%8C%E3%82%89%E3%82%82
N3,Leçon 8,Actions simultanées et progressives,12/23,に於いて,"In, On, At, Regarding","Dans, Sur, Concernant",https://bunpro.jp/grammar_points/%E3%81%AB%E3%81%8A%E3%81%84%E3%81%A6-%E3%81%AB%E3%81%8A%E3%81%91%E3%82%8B,https://bunpro.jp/fr/grammar_points/%E3%81%AB%E3%81%8A%E3%81%84%E3%81%A6-%E3%81%AB%E3%81%8A%E3%81%91%E3%82%8B,https://bunpro.jp/ja/grammar_points/%E3%81%AB%E3%81%8A%E3%81%84%E3%81%A6-%E3%81%AB%E3%81%8A%E3%81%91%E3%82%8B
N3,Leçon 8,Actions simultanées et progressives,13/23,第一,"First, Foremost, To begin with","Premièrement, Avant tout",https://bunpro.jp/grammar_points/%E7%AC%AC%E4%B8%80,https://bunpro.jp/fr/grammar_points/%E7%AC%AC%E4%B8%80,https://bunpro.jp/ja/grammar_points/%E7%AC%AC%E4%B8%80
N3,Leçon 8,Actions simultanées et progressives,14/23,益々,"Increasingly, More and more",De plus en plus,https://bunpro.jp/grammar_points/%E3%81%BE%E3%81%99%E3%81%BE%E3%81%99,https://bunpro.jp/fr/grammar_points/%E3%81%BE%E3%81%99%E3%81%BE%E3%81%99,https://bunpro.jp/ja/grammar_points/%E3%81%BE%E3%81%99%E3%81%BE%E3%81%99
N3,Leçon 8,Actions simultanées et progressives,15/23,一方だ,"More and more, Continue to","De plus en plus, Continue à",https://bunpro.jp/grammar_points/%E4%B8%80%E6%96%B9%E3%81%A0,https://bunpro.jp/fr/grammar_points/%E4%B8%80%E6%96%B9%E3%81%A0,https://bunpro.jp/ja/grammar_points/%E4%B8%80%E6%96%B9%E3%81%A0
N3,Leçon 8,Actions simultanées et progressives,16/23,一方で,"On the other hand, While","D'un autre côté, En même temps",https://bunpro.jp/grammar_points/%E4%B8%80%E6%96%B9%E3%81%A7,https://bunpro.jp/fr/grammar_points/%E4%B8%80%E6%96%B9%E3%81%A7,https://bunpro.jp/ja/grammar_points/%E4%B8%80%E6%96%B9%E3%81%A7
N3,Leçon 8,Actions simultanées et progressives,17/23,遂に,"Finally, At last","Finalement, Enfin",https://bunpro.jp/grammar_points/%E9%81%82%E3%81%AB,https://bunpro.jp/fr/grammar_points/%E9%81%82%E3%81%AB,https://bunpro.jp/ja/grammar_points/%E9%81%82%E3%81%AB
N3,Leçon 8,Actions simultanées et progressives,18/23,既に,"Already, Too late","Déjà, Trop tard",https://bunpro.jp/grammar_points/%E3%81%99%E3%81%A7%E3%81%AB,https://bunpro.jp/fr/grammar_points/%E3%81%99%E3%81%A7%E3%81%AB,https://bunpro.jp/ja/grammar_points/%E3%81%99%E3%81%A7%E3%81%AB
N3,Leçon 8,Actions simultanées et progressives,19/23,ずに,Without doing,Sans faire,https://bunpro.jp/grammar_points/%E3%81%9A%E3%81%AB,https://bunpro.jp/fr/grammar_points/%E3%81%9A%E3%81%AB,https://bunpro.jp/ja/grammar_points/%E3%81%9A%E3%81%AB
N3,Leçon 8,Actions simultanées et progressives,20/23,ずには居られない,Cannot help doing,Ne peut s'empêcher de,https://bunpro.jp/grammar_points/%E3%81%9A%E3%81%AB%E3%81%AF%E3%81%84%E3%82%89%E3%82%8C%E3%81%AA%E3%81%84,https://bunpro.jp/fr/grammar_points/%E3%81%9A%E3%81%AB%E3%81%AF%E3%81%84%E3%82%89%E3%82%8C%E3%81%AA%E3%81%84,https://bunpro.jp/ja/grammar_points/%E3%81%9A%E3%81%AB%E3%81%AF%E3%81%84%E3%82%89%E3%82%8C%E3%81%AA%E3%81%84
N3,Leçon 8,Actions simultanées et progressives,21/23,無し,"Without, No","Sans, Aucun",https://bunpro.jp/grammar_points/%E3%81%AA%E3%81%97,https://bunpro.jp/fr/grammar_points/%E3%81%AA%E3%81%97,https://bunpro.jp/ja/grammar_points/%E3%81%AA%E3%81%97
N3,Leçon 8,Actions simultanées et progressives,22/23,考えられない,"Unthinkable, Inconceivable","Impensable, Inconcevable",https://bunpro.jp/grammar_points/%E8%80%83%E3%81%88%E3%82%89%E3%82%8C%E3%81%AA%E3%81%84,https://bunpro.jp/fr/grammar_points/%E8%80%83%E3%81%88%E3%82%89%E3%82%8C%E3%81%AA%E3%81%84,https://bunpro.jp/ja/grammar_points/%E8%80%83%E3%81%88%E3%82%89%E3%82%8C%E3%81%AA%E3%81%84
N3,Leçon 8,Actions simultanées et progressives,23/23,あり,"Possibility, With","Possible, Avec",https://bunpro.jp/grammar_points/%E3%81%82%E3%82%8A,https://bunpro.jp/fr/grammar_points/%E3%81%82%E3%82%8A,https://bunpro.jp/ja/grammar_points/%E3%81%82%E3%82%8A
N3,Leçon 9,Verbes composés et adaptabilité,1/22,必ずしも,Not necessarily,Pas nécessairement,https://bunpro.jp/grammar_points/%E5%BF%85%E3%81%9A%E3%81%97%E3%82%82,https://bunpro.jp/fr/grammar_points/%E5%BF%85%E3%81%9A%E3%81%97%E3%82%82,https://bunpro.jp/ja/grammar_points/%E5%BF%85%E3%81%9A%E3%81%97%E3%82%82
N3,Leçon 9,Verbes composés et adaptabilité,2/22,連用形,Formal conjunctive,Forme conjonctive formelle,https://bunpro.jp/grammar_points/%E9%80%A3%E7%94%A8%E5%BD%A2,https://bunpro.jp/fr/grammar_points/%E9%80%A3%E7%94%A8%E5%BD%A2,https://bunpro.jp/ja/grammar_points/%E9%80%A3%E7%94%A8%E5%BD%A2
N3,Leçon 9,Verbes composés et adaptabilité,3/22,向き,"Suitable for, Facing",Approprié pour,https://bunpro.jp/grammar_points/%E5%90%91%E3%81%8D,https://bunpro.jp/fr/grammar_points/%E5%90%91%E3%81%8D,https://bunpro.jp/ja/grammar_points/%E5%90%91%E3%81%8D
N3,Leçon 9,Verbes composés et adaptabilité,4/22,向け,"Intended for, Aimed at",Destiné à,https://bunpro.jp/grammar_points/%E5%90%91%E3%81%91,https://bunpro.jp/fr/grammar_points/%E5%90%91%E3%81%91,https://bunpro.jp/ja/grammar_points/%E5%90%91%E3%81%91
N3,Leçon 9,Verbes composés et adaptabilité,5/22,上がる,"Finished, Come to an end","Finir, Terminer complètement",https://bunpro.jp/grammar_points/%E4%B8%8A%E3%81%8C%E3%82%8B-%E4%B8%8A%E3%81%92%E3%82%8B,https://bunpro.jp/fr/grammar_points/%E4%B8%8A%E3%81%8C%E3%82%8B-%E4%B8%8A%E3%81%92%E3%82%8B,https://bunpro.jp/ja/grammar_points/%E4%B8%8A%E3%81%8C%E3%82%8B-%E4%B8%8A%E3%81%92%E3%82%8B
N3,Leçon 9,Verbes composés et adaptabilité,6/22,切る,"Completely, To the end",Faire jusqu'au bout,https://bunpro.jp/grammar_points/%E5%88%87%E3%82%8B,https://bunpro.jp/fr/grammar_points/%E5%88%87%E3%82%8B,https://bunpro.jp/ja/grammar_points/%E5%88%87%E3%82%8B
N3,Leçon 9,Verbes composés et adaptabilité,7/22,切れない,Unable to finish,Ne pas pouvoir finir,https://bunpro.jp/grammar_points/%E5%88%87%E3%82%8C%E3%81%AA%E3%81%84,https://bunpro.jp/fr/grammar_points/%E5%88%87%E3%82%8C%E3%81%AA%E3%81%84,https://bunpro.jp/ja/grammar_points/%E5%88%87%E3%82%8C%E3%81%AA%E3%81%84
N3,Leçon 9,Verbes composés et adaptabilité,8/22,きり,"Only, Just, Since","Seulement, Juste, Depuis",https://bunpro.jp/grammar_points/%E3%81%8D%E3%82%8A,https://bunpro.jp/fr/grammar_points/%E3%81%8D%E3%82%8A,https://bunpro.jp/ja/grammar_points/%E3%81%8D%E3%82%8A
N3,Leçon 9,Verbes composés et adaptabilité,9/22,掛け,"Half-, About to, Not finished","À moitié, Pas encore terminé",https://bunpro.jp/grammar_points/%E3%81%8B%E3%81%91,https://bunpro.jp/fr/grammar_points/%E3%81%8B%E3%81%91,https://bunpro.jp/ja/grammar_points/%E3%81%8B%E3%81%91
N3,Leçon 9,Verbes composés et adaptabilité,10/22,に掛けて,"Over (a period), Through","Sur une période, De ~ jusqu'à",https://bunpro.jp/grammar_points/%E3%81%AB%E3%81%8B%E3%81%91%E3%81%A6,https://bunpro.jp/fr/grammar_points/%E3%81%AB%E3%81%8B%E3%81%91%E3%81%A6,https://bunpro.jp/ja/grammar_points/%E3%81%AB%E3%81%8B%E3%81%91%E3%81%A6
N3,Leçon 9,Verbes composés et adaptabilité,11/22,立て,"Freshly ~ed, Just ~ed","Fraîchement, Tout juste",https://bunpro.jp/grammar_points/%E3%81%9F%E3%81%A6,https://bunpro.jp/fr/grammar_points/%E3%81%9F%E3%81%A6,https://bunpro.jp/ja/grammar_points/%E3%81%9F%E3%81%A6
N3,Leçon 9,Verbes composés et adaptabilité,12/22,込む①,"To go into, To put into","Entrer dans, Mettre dans",https://bunpro.jp/grammar_points/%E8%BE%BC%E3%82%801,https://bunpro.jp/fr/grammar_points/%E8%BE%BC%E3%82%801,https://bunpro.jp/ja/grammar_points/%E8%BE%BC%E3%82%801
N3,Leçon 9,Verbes composés et adaptabilité,13/22,込む②,"Remain, Thoroughly, Deeply","Rester, À fond, En profondeur",https://bunpro.jp/grammar_points/%E8%BE%BC%E3%82%802,https://bunpro.jp/fr/grammar_points/%E8%BE%BC%E3%82%802,https://bunpro.jp/ja/grammar_points/%E8%BE%BC%E3%82%802
N3,Leçon 9,Verbes composés et adaptabilité,14/22,振りをする,"To pretend, To act as if",Faire semblant de,https://bunpro.jp/grammar_points/%E3%81%B5%E3%82%8A%E3%82%92%E3%81%99%E3%82%8B,https://bunpro.jp/fr/grammar_points/%E3%81%B5%E3%82%8A%E3%82%92%E3%81%99%E3%82%8B,https://bunpro.jp/ja/grammar_points/%E3%81%B5%E3%82%8A%E3%82%92%E3%81%99%E3%82%8B
N3,Leçon 9,Verbes composés et adaptabilité,15/22,できれば,If possible,Si possible,https://bunpro.jp/grammar_points/%E3%81%A7%E3%81%8D%E3%82%8C%E3%81%B0-%E3%81%A7%E3%81%8D%E3%81%9F%E3%82%89,https://bunpro.jp/fr/grammar_points/%E3%81%A7%E3%81%8D%E3%82%8C%E3%81%B0-%E3%81%A7%E3%81%8D%E3%81%9F%E3%82%89,https://bunpro.jp/ja/grammar_points/%E3%81%A7%E3%81%8D%E3%82%8C%E3%81%B0-%E3%81%A7%E3%81%8D%E3%81%9F%E3%82%89
N3,Leçon 9,Verbes composés et adaptabilité,16/22,で良ければ,"If it is alright, If you don't mind",Si ça vous convient,https://bunpro.jp/grammar_points/%E3%81%A7%E3%82%88%E3%81%91%E3%82%8C%E3%81%B0,https://bunpro.jp/fr/grammar_points/%E3%81%A7%E3%82%88%E3%81%91%E3%82%8C%E3%81%B0,https://bunpro.jp/ja/grammar_points/%E3%81%A7%E3%82%88%E3%81%91%E3%82%8C%E3%81%B0
N3,Leçon 9,Verbes composés et adaptabilité,17/22,次第,As soon as,Dès que,https://bunpro.jp/grammar_points/%E6%AC%A1%E7%AC%AC,https://bunpro.jp/fr/grammar_points/%E6%AC%A1%E7%AC%AC,https://bunpro.jp/ja/grammar_points/%E6%AC%A1%E7%AC%AC
N3,Leçon 9,Verbes composés et adaptabilité,18/22,通り,"Just as, Exactly, Precisely","Exactement, Précisément",https://bunpro.jp/grammar_points/%E3%81%A8%E3%81%8A%E3%82%8A,https://bunpro.jp/fr/grammar_points/%E3%81%A8%E3%81%8A%E3%82%8A,https://bunpro.jp/ja/grammar_points/%E3%81%A8%E3%81%8A%E3%82%8A
N3,Leçon 9,Verbes composés et adaptabilité,19/22,でもある,"Also is, Be also",Être aussi,https://bunpro.jp/grammar_points/%E3%81%A7%E3%82%82%E3%81%82%E3%82%8B,https://bunpro.jp/fr/grammar_points/%E3%81%A7%E3%82%82%E3%81%82%E3%82%8B,https://bunpro.jp/ja/grammar_points/%E3%81%A7%E3%82%82%E3%81%82%E3%82%8B
N3,Leçon 9,Verbes composés et adaptabilité,20/22,どうしても,"No matter what, Regardless",Quoi qu'il arrive,https://bunpro.jp/grammar_points/%E3%81%A9%E3%81%86%E3%81%97%E3%81%A6%E3%82%82,https://bunpro.jp/fr/grammar_points/%E3%81%A9%E3%81%86%E3%81%97%E3%81%A6%E3%82%82,https://bunpro.jp/ja/grammar_points/%E3%81%A9%E3%81%86%E3%81%97%E3%81%A6%E3%82%82
N3,Leçon 9,Verbes composés et adaptabilité,21/22,もしも～なら,"If, Supposing","Si, En supposant que",https://bunpro.jp/grammar_points/%E3%82%82%E3%81%97%E3%82%82%EF%BD%9E%E3%81%AA%E3%82%89%E3%83%BB%E3%82%82%E3%81%97%E3%82%82%EF%BD%9E%E3%81%A7%E3%82%82,https://bunpro.jp/fr/grammar_points/%E3%82%82%E3%81%97%E3%82%82%EF%BD%9E%E3%81%AA%E3%82%89%E3%83%BB%E3%82%82%E3%81%97%E3%82%82%EF%BD%9E%E3%81%A7%E3%82%82,https://bunpro.jp/ja/grammar_points/%E3%82%82%E3%81%97%E3%82%82%EF%BD%9E%E3%81%AA%E3%82%89%E3%83%BB%E3%82%82%E3%81%97%E3%82%82%EF%BD%9E%E3%81%A7%E3%82%82
N3,Leçon 9,Verbes composés et adaptabilité,22/22,同士,"Fellow, Mutually, Together","Entre eux, Mutuellement",https://bunpro.jp/grammar_points/%E5%90%8C%E5%A3%AB,https://bunpro.jp/fr/grammar_points/%E5%90%8C%E5%A3%AB,https://bunpro.jp/ja/grammar_points/%E5%90%8C%E5%A3%AB
N3,Leçon 10,Nuances idiomatiques,1/20,がたい,"Hard to, Difficult to",Difficile à,https://bunpro.jp/grammar_points/%E3%81%8C%E3%81%9F%E3%81%84,https://bunpro.jp/fr/grammar_points/%E3%81%8C%E3%81%9F%E3%81%84,https://bunpro.jp/ja/grammar_points/%E3%81%8C%E3%81%9F%E3%81%84
N3,Leçon 10,Nuances idiomatiques,2/20,まさか,"I never dreamed, No way",Je n'aurais jamais cru,https://bunpro.jp/grammar_points/%E3%81%BE%E3%81%95%E3%81%8B,https://bunpro.jp/fr/grammar_points/%E3%81%BE%E3%81%95%E3%81%8B,https://bunpro.jp/ja/grammar_points/%E3%81%BE%E3%81%95%E3%81%8B
N3,Leçon 10,Nuances idiomatiques,3/20,前者は～後者は,The former ~ the latter,Le premier ~ le second,https://bunpro.jp/grammar_points/%E5%89%8D%E8%80%85%E3%81%AF-%E5%BE%8C%E8%80%85%E3%81%AF,https://bunpro.jp/fr/grammar_points/%E5%89%8D%E8%80%85%E3%81%AF-%E5%BE%8C%E8%80%85%E3%81%AF,https://bunpro.jp/ja/grammar_points/%E5%89%8D%E8%80%85%E3%81%AF-%E5%BE%8C%E8%80%85%E3%81%AF
N3,Leçon 10,Nuances idiomatiques,4/20,つい,"Accidentally, Unconsciously","Accidentellement, Inconsciemment",https://bunpro.jp/grammar_points/%E3%81%A4%E3%81%84,https://bunpro.jp/fr/grammar_points/%E3%81%A4%E3%81%84,https://bunpro.jp/ja/grammar_points/%E3%81%A4%E3%81%84
N3,Leçon 10,Nuances idiomatiques,5/20,せいで,"Because of, Due to (negative)",À cause de (négatif),https://bunpro.jp/grammar_points/%E3%81%9B%E3%81%84%E3%81%A7,https://bunpro.jp/fr/grammar_points/%E3%81%9B%E3%81%84%E3%81%A7,https://bunpro.jp/ja/grammar_points/%E3%81%9B%E3%81%84%E3%81%A7
N3,Leçon 10,Nuances idiomatiques,6/20,癖に,"Even though, And yet, Despite","Même si, Et pourtant",https://bunpro.jp/grammar_points/%E3%81%8F%E3%81%9B%E3%81%AB,https://bunpro.jp/fr/grammar_points/%E3%81%8F%E3%81%9B%E3%81%AB,https://bunpro.jp/ja/grammar_points/%E3%81%8F%E3%81%9B%E3%81%AB
N3,Leçon 10,Nuances idiomatiques,7/20,がち,"Apt to, Tend to, Prone to","Avoir tendance à, Enclin à",https://bunpro.jp/grammar_points/%E3%81%8C%E3%81%A1,https://bunpro.jp/fr/grammar_points/%E3%81%8C%E3%81%A1,https://bunpro.jp/ja/grammar_points/%E3%81%8C%E3%81%A1
N3,Leçon 10,Nuances idiomatiques,8/20,気味,"A little, Slightly, Touch of","Un peu, Légèrement",https://bunpro.jp/grammar_points/%E3%81%8E%E3%81%BF,https://bunpro.jp/fr/grammar_points/%E3%81%8E%E3%81%BF,https://bunpro.jp/ja/grammar_points/%E3%81%8E%E3%81%BF
N3,Leçon 10,Nuances idiomatiques,9/20,っぽい,"-ish, -like, Tendency to","~esque, Avoir l'air de",https://bunpro.jp/grammar_points/%E3%81%A3%E3%81%BD%E3%81%84,https://bunpro.jp/fr/grammar_points/%E3%81%A3%E3%81%BD%E3%81%84,https://bunpro.jp/ja/grammar_points/%E3%81%A3%E3%81%BD%E3%81%84
N3,Leçon 10,Nuances idiomatiques,10/20,っぱなし,"Left in a state, Keep on","Laisser en état, Continuer à",https://bunpro.jp/grammar_points/%E3%81%A3%E3%81%B1%E3%81%AA%E3%81%97,https://bunpro.jp/fr/grammar_points/%E3%81%A3%E3%81%B1%E3%81%AA%E3%81%97,https://bunpro.jp/ja/grammar_points/%E3%81%A3%E3%81%B1%E3%81%AA%E3%81%97
N3,Leçon 10,Nuances idiomatiques,11/20,わざわざ,"Expressly, Go out of one's way","Exprès, Se donner la peine de",https://bunpro.jp/grammar_points/%E3%82%8F%E3%81%96%E3%82%8F%E3%81%96,https://bunpro.jp/fr/grammar_points/%E3%82%8F%E3%81%96%E3%82%8F%E3%81%96,https://bunpro.jp/ja/grammar_points/%E3%82%8F%E3%81%96%E3%82%8F%E3%81%96
N3,Leçon 10,Nuances idiomatiques,12/20,一体,"(What) the heck?, On earth?",Mais qu'est-ce que ~,https://bunpro.jp/grammar_points/%E4%B8%80%E4%BD%93,https://bunpro.jp/fr/grammar_points/%E4%B8%80%E4%BD%93,https://bunpro.jp/ja/grammar_points/%E4%B8%80%E4%BD%93
N3,Leçon 10,Nuances idiomatiques,13/20,折角,"With trouble, Might as well","Avec tant d'efforts, Autant",https://bunpro.jp/grammar_points/%E3%81%9B%E3%81%A3%E3%81%8B%E3%81%8F,https://bunpro.jp/fr/grammar_points/%E3%81%9B%E3%81%A3%E3%81%8B%E3%81%8F,https://bunpro.jp/ja/grammar_points/%E3%81%9B%E3%81%A3%E3%81%8B%E3%81%8F
N3,Leçon 10,Nuances idiomatiques,14/20,っけ,What is…again?,C'est quoi déjà ?,https://bunpro.jp/grammar_points/%E3%81%A3%E3%81%91,https://bunpro.jp/fr/grammar_points/%E3%81%A3%E3%81%91,https://bunpro.jp/ja/grammar_points/%E3%81%A3%E3%81%91
N3,Leçon 10,Nuances idiomatiques,15/20,代わりに,"Instead of, In exchange for","Au lieu de, En échange de",https://bunpro.jp/grammar_points/%E4%BB%A3%E3%82%8F%E3%82%8A%E3%81%AB,https://bunpro.jp/fr/grammar_points/%E4%BB%A3%E3%82%8F%E3%82%8A%E3%81%AB,https://bunpro.jp/ja/grammar_points/%E4%BB%A3%E3%82%8F%E3%82%8A%E3%81%AB
N3,Leçon 10,Nuances idiomatiques,16/20,に代わって,"In place of, On behalf of","À la place de, Au nom de",https://bunpro.jp/grammar_points/%E3%81%AB%E4%BB%A3%E3%82%8F%E3%81%A3%E3%81%A6,https://bunpro.jp/fr/grammar_points/%E3%81%AB%E4%BB%A3%E3%82%8F%E3%81%A3%E3%81%A6,https://bunpro.jp/ja/grammar_points/%E3%81%AB%E4%BB%A3%E3%82%8F%E3%81%A3%E3%81%A6
N3,Leçon 10,Nuances idiomatiques,17/20,どころか,"Far from, Anything but","Loin de, Tout sauf",https://bunpro.jp/grammar_points/%E3%81%A9%E3%81%93%E3%82%8D%E3%81%8B,https://bunpro.jp/fr/grammar_points/%E3%81%A9%E3%81%93%E3%82%8D%E3%81%8B,https://bunpro.jp/ja/grammar_points/%E3%81%A9%E3%81%93%E3%82%8D%E3%81%8B
N3,Leçon 10,Nuances idiomatiques,18/20,という理由で,"For (that) reason, On the grounds",Pour cette raison,https://bunpro.jp/grammar_points/%E3%81%A8%E3%81%84%E3%81%86%E7%90%86%E7%94%B1%E3%81%A7,https://bunpro.jp/fr/grammar_points/%E3%81%A8%E3%81%84%E3%81%86%E7%90%86%E7%94%B1%E3%81%A7,https://bunpro.jp/ja/grammar_points/%E3%81%A8%E3%81%84%E3%81%86%E7%90%86%E7%94%B1%E3%81%A7
N3,Leçon 10,Nuances idiomatiques,19/20,は～となっている,"Has become, Has been established","Est devenu, Il a été établi",https://bunpro.jp/grammar_points/%E3%81%AF-%E3%81%A8%E3%81%AA%E3%81%A3%E3%81%A6%E3%81%84%E3%82%8B,https://bunpro.jp/fr/grammar_points/%E3%81%AF-%E3%81%A8%E3%81%AA%E3%81%A3%E3%81%A6%E3%81%84%E3%82%8B,https://bunpro.jp/ja/grammar_points/%E3%81%AF-%E3%81%A8%E3%81%AA%E3%81%A3%E3%81%A6%E3%81%84%E3%82%8B
N3,Leçon 10,Nuances idiomatiques,20/20,左右する,"Influence, Impact, Control","Influencer, Avoir un impact sur",https://bunpro.jp/grammar_points/%E5%B7%A6%E5%8F%B3%E3%81%99%E3%82%8B,https://bunpro.jp/fr/grammar_points/%E5%B7%A6%E5%8F%B3%E3%81%99%E3%82%8B,https://bunpro.jp/ja/grammar_points/%E5%B7%A6%E5%8F%B3%E3%81%99%E3%82%8B
N2,Leçon 1,Possibilités et Intentions,1/24,得る,"Is able to, Can, Possible","Être capable de, Possible",https://bunpro.jp/grammar_points/%E5%BE%97%E3%82%8B-%E5%BE%97%E3%82%8B,https://bunpro.jp/fr/grammar_points/%E5%BE%97%E3%82%8B-%E5%BE%97%E3%82%8B,https://bunpro.jp/ja/grammar_points/%E5%BE%97%E3%82%8B-%E5%BE%97%E3%82%8B
N2,Leçon 1,Possibilités et Intentions,2/24,得ない,"Unable to, Cannot",Incapable de,https://bunpro.jp/grammar_points/%E5%BE%97%E3%81%AA%E3%81%84,https://bunpro.jp/fr/grammar_points/%E5%BE%97%E3%81%AA%E3%81%84,https://bunpro.jp/ja/grammar_points/%E5%BE%97%E3%81%AA%E3%81%84
N2,Leçon 1,Possibilités et Intentions,3/24,ざるを得ない,"Can't help doing, Have no choice",Ne peut s'empêcher de,https://bunpro.jp/grammar_points/%E3%81%96%E3%82%8B%E3%82%92%E5%BE%97%E3%81%AA%E3%81%84,https://bunpro.jp/fr/grammar_points/%E3%81%96%E3%82%8B%E3%82%92%E5%BE%97%E3%81%AA%E3%81%84,https://bunpro.jp/ja/grammar_points/%E3%81%96%E3%82%8B%E3%82%92%E5%BE%97%E3%81%AA%E3%81%84
N2,Leçon 1,Possibilités et Intentions,4/24,つもりで,"With the intention of, Instead of",Avec l'intention de,https://bunpro.jp/grammar_points/%E3%81%A4%E3%82%82%E3%82%8A%E3%81%A7,https://bunpro.jp/fr/grammar_points/%E3%81%A4%E3%82%82%E3%82%8A%E3%81%A7,https://bunpro.jp/ja/grammar_points/%E3%81%A4%E3%82%82%E3%82%8A%E3%81%A7
N2,Leçon 1,Possibilités et Intentions,5/24,どうせ,"Anyhow, In any case, Probably",De toute façon,https://bunpro.jp/grammar_points/%E3%81%A9%E3%81%86%E3%81%9B,https://bunpro.jp/fr/grammar_points/%E3%81%A9%E3%81%86%E3%81%9B,https://bunpro.jp/ja/grammar_points/%E3%81%A9%E3%81%86%E3%81%9B
N2,Leçon 1,Possibilités et Intentions,6/24,せめて,At least,Au moins,https://bunpro.jp/grammar_points/%E3%81%9B%E3%82%81%E3%81%A6,https://bunpro.jp/fr/grammar_points/%E3%81%9B%E3%82%81%E3%81%A6,https://bunpro.jp/ja/grammar_points/%E3%81%9B%E3%82%81%E3%81%A6
N2,Leçon 1,Possibilités et Intentions,7/24,どうやら,"Apparently, Looks Like","Apparemment, On dirait que",https://bunpro.jp/grammar_points/%E3%81%A9%E3%81%86%E3%82%84%E3%82%89,https://bunpro.jp/fr/grammar_points/%E3%81%A9%E3%81%86%E3%82%84%E3%82%89,https://bunpro.jp/ja/grammar_points/%E3%81%A9%E3%81%86%E3%82%84%E3%82%89
N2,Leçon 1,Possibilités et Intentions,8/24,なにやら,"Something, Some kind of","Quelque chose, Une sorte de",https://bunpro.jp/grammar_points/%E3%81%AA%E3%81%AB%E3%82%84%E3%82%89,https://bunpro.jp/fr/grammar_points/%E3%81%AA%E3%81%AB%E3%82%84%E3%82%89,https://bunpro.jp/ja/grammar_points/%E3%81%AA%E3%81%AB%E3%82%84%E3%82%89
N2,Leçon 1,Possibilités et Intentions,9/24,よりほかない,"No other way than, Have to",N'avoir d'autre choix que,https://bunpro.jp/grammar_points/%E3%82%88%E3%82%8A%E3%81%BB%E3%81%8B%E3%81%AA%E3%81%84,https://bunpro.jp/fr/grammar_points/%E3%82%88%E3%82%8A%E3%81%BB%E3%81%8B%E3%81%AA%E3%81%84,https://bunpro.jp/ja/grammar_points/%E3%82%88%E3%82%8A%E3%81%BB%E3%81%8B%E3%81%AA%E3%81%84
N2,Leçon 1,Possibilités et Intentions,10/24,一応①,"Just in case, Just to be sure",Juste au cas où,https://bunpro.jp/grammar_points/%E4%B8%80%E5%BF%9C1,https://bunpro.jp/fr/grammar_points/%E4%B8%80%E5%BF%9C1,https://bunpro.jp/ja/grammar_points/%E4%B8%80%E5%BF%9C1
N2,Leçon 1,Possibilités et Intentions,11/24,確かに,"Surely, Certainly","Certainement, Assurément",https://bunpro.jp/grammar_points/%E7%A2%BA%E3%81%8B%E3%81%AB,https://bunpro.jp/fr/grammar_points/%E7%A2%BA%E3%81%8B%E3%81%AB,https://bunpro.jp/ja/grammar_points/%E7%A2%BA%E3%81%8B%E3%81%AB
N2,Leçon 1,Possibilités et Intentions,12/24,一応②,"More or less, For the time being","Plus ou moins, Pour l'instant",https://bunpro.jp/grammar_points/%E4%B8%80%E5%BF%9C2,https://bunpro.jp/fr/grammar_points/%E4%B8%80%E5%BF%9C2,https://bunpro.jp/ja/grammar_points/%E4%B8%80%E5%BF%9C2
N2,Leçon 1,Possibilités et Intentions,13/24,に相違ない,"Without a doubt, Certainly",Sans aucun doute,https://bunpro.jp/grammar_points/%E3%81%AB%E7%9B%B8%E9%81%95%E3%81%AA%E3%81%84,https://bunpro.jp/fr/grammar_points/%E3%81%AB%E7%9B%B8%E9%81%95%E3%81%AA%E3%81%84,https://bunpro.jp/ja/grammar_points/%E3%81%AB%E7%9B%B8%E9%81%95%E3%81%AA%E3%81%84
N2,Leçon 1,Possibilités et Intentions,14/24,万が一,"Just in case, Worst-case scenario","Au cas où, Dans le pire des cas",https://bunpro.jp/grammar_points/%E4%B8%87%E3%81%8C%E4%B8%80,https://bunpro.jp/fr/grammar_points/%E4%B8%87%E3%81%8C%E4%B8%80,https://bunpro.jp/ja/grammar_points/%E4%B8%87%E3%81%8C%E4%B8%80
N2,Leçon 1,Possibilités et Intentions,15/24,様がない,"There's no way to, Impossible",Il n'y a pas moyen de,https://bunpro.jp/grammar_points/%E3%82%88%E3%81%86%E3%81%8C%E3%81%AA%E3%81%84%E3%83%BB%E3%82%88%E3%81%86%E3%82%82%E3%81%AA%E3%81%84,https://bunpro.jp/fr/grammar_points/%E3%82%88%E3%81%86%E3%81%8C%E3%81%AA%E3%81%84%E3%83%BB%E3%82%88%E3%81%86%E3%82%82%E3%81%AA%E3%81%84,https://bunpro.jp/ja/grammar_points/%E3%82%88%E3%81%86%E3%81%8C%E3%81%AA%E3%81%84%E3%83%BB%E3%82%88%E3%81%86%E3%82%82%E3%81%AA%E3%81%84
N2,Leçon 1,Possibilités et Intentions,16/24,に他ならない,"Nothing but, None other than",Rien d'autre que,https://bunpro.jp/grammar_points/%E3%81%AB%E3%81%BB%E3%81%8B%E3%81%AA%E3%82%89%E3%81%AA%E3%81%84,https://bunpro.jp/fr/grammar_points/%E3%81%AB%E3%81%BB%E3%81%8B%E3%81%AA%E3%82%89%E3%81%AA%E3%81%84,https://bunpro.jp/ja/grammar_points/%E3%81%AB%E3%81%BB%E3%81%8B%E3%81%AA%E3%82%89%E3%81%AA%E3%81%84
N2,Leçon 1,Possibilités et Intentions,17/24,っこない,"There is no chance, Impossible",Il n'y a aucune chance,https://bunpro.jp/grammar_points/%E3%81%A3%E3%81%93%E3%81%AA%E3%81%84,https://bunpro.jp/fr/grammar_points/%E3%81%A3%E3%81%93%E3%81%AA%E3%81%84,https://bunpro.jp/ja/grammar_points/%E3%81%A3%E3%81%93%E3%81%AA%E3%81%84
N2,Leçon 1,Possibilités et Intentions,18/24,それなら,"Then, If that's the case","Alors, Si c'est le cas",https://bunpro.jp/grammar_points/%E3%81%9D%E3%82%8C%E3%81%AA%E3%82%89,https://bunpro.jp/fr/grammar_points/%E3%81%9D%E3%82%8C%E3%81%AA%E3%82%89,https://bunpro.jp/ja/grammar_points/%E3%81%9D%E3%82%8C%E3%81%AA%E3%82%89
N2,Leçon 1,Possibilités et Intentions,19/24,ものなら①,"If one could, If possible","Si, Si seulement",https://bunpro.jp/grammar_points/%E3%82%82%E3%81%AE%E3%81%AA%E3%82%89%E2%91%A0,https://bunpro.jp/fr/grammar_points/%E3%82%82%E3%81%AE%E3%81%AA%E3%82%89%E2%91%A0,https://bunpro.jp/ja/grammar_points/%E3%82%82%E3%81%AE%E3%81%AA%E3%82%89%E2%91%A0
N2,Leçon 1,Possibilités et Intentions,20/24,に任せる,"Leave up to, Entrust to",Laisser à la charge de,https://bunpro.jp/grammar_points/%E3%82%92-%E3%81%AB%E4%BB%BB%E3%81%9B%E3%82%8B,https://bunpro.jp/fr/grammar_points/%E3%82%92-%E3%81%AB%E4%BB%BB%E3%81%9B%E3%82%8B,https://bunpro.jp/ja/grammar_points/%E3%82%92-%E3%81%AB%E4%BB%BB%E3%81%9B%E3%82%8B
N2,Leçon 1,Possibilités et Intentions,21/24,活かす,"To make use of, To capitalize on","Mettre à profit, Tirer parti de",https://bunpro.jp/grammar_points/%E6%B4%BB%E3%81%8B%E3%81%99,https://bunpro.jp/fr/grammar_points/%E6%B4%BB%E3%81%8B%E3%81%99,https://bunpro.jp/ja/grammar_points/%E6%B4%BB%E3%81%8B%E3%81%99
N2,Leçon 1,Possibilités et Intentions,22/24,まい,"Won't, Intend not to, Probably not",Ne pas avoir l'intention de,https://bunpro.jp/grammar_points/%E3%81%BE%E3%81%84,https://bunpro.jp/fr/grammar_points/%E3%81%BE%E3%81%84,https://bunpro.jp/ja/grammar_points/%E3%81%BE%E3%81%84
N2,Leçon 1,Possibilités et Intentions,23/24,～ざる,Classical negative form,Négatif classique,https://bunpro.jp/grammar_points/%E3%81%96%E3%82%8B,https://bunpro.jp/fr/grammar_points/%E3%81%96%E3%82%8B,https://bunpro.jp/ja/grammar_points/%E3%81%96%E3%82%8B
N2,Leçon 1,Possibilités et Intentions,24/24,おおよそ,"Approximately, Roughly, About","Approximativement, En gros",https://bunpro.jp/grammar_points/%E3%81%8A%E3%81%8A%E3%82%88%E3%81%9D,https://bunpro.jp/fr/grammar_points/%E3%81%8A%E3%81%8A%E3%82%88%E3%81%9D,https://bunpro.jp/ja/grammar_points/%E3%81%8A%E3%81%8A%E3%82%88%E3%81%9D
N2,Leçon 2,Directions et Indicateurs,1/24,上（じょう）,From the standpoint of,Du point de vue de,https://bunpro.jp/grammar_points/%E4%B8%8A,https://bunpro.jp/fr/grammar_points/%E4%B8%8A,https://bunpro.jp/ja/grammar_points/%E4%B8%8A
N2,Leçon 2,Directions et Indicateurs,2/24,上に,"As well, Besides, In addition to","En outre, De plus",https://bunpro.jp/grammar_points/%E4%B8%8A%E3%81%AB,https://bunpro.jp/fr/grammar_points/%E4%B8%8A%E3%81%AB,https://bunpro.jp/ja/grammar_points/%E4%B8%8A%E3%81%AB
N2,Leçon 2,Directions et Indicateurs,3/24,以上②,"Since, Now that, As long as","Puisque, Maintenant que",https://bunpro.jp/grammar_points/%E4%BB%A5%E4%B8%8A2,https://bunpro.jp/fr/grammar_points/%E4%BB%A5%E4%B8%8A2,https://bunpro.jp/ja/grammar_points/%E4%BB%A5%E4%B8%8A2
N2,Leçon 2,Directions et Indicateurs,4/24,以上に,"More than, No less than","Plus que, Pas moins que",https://bunpro.jp/grammar_points/%E4%BB%A5%E4%B8%8A%E3%81%AB,https://bunpro.jp/fr/grammar_points/%E4%BB%A5%E4%B8%8A%E3%81%AB,https://bunpro.jp/ja/grammar_points/%E4%BB%A5%E4%B8%8A%E3%81%AB
N2,Leçon 2,Directions et Indicateurs,5/24,途中に,"On the way, In the middle of","En chemin, Au milieu de",https://bunpro.jp/grammar_points/%E9%80%94%E4%B8%AD%E3%81%AB%E3%83%BB%E9%80%94%E4%B8%AD%E3%81%A7,https://bunpro.jp/fr/grammar_points/%E9%80%94%E4%B8%AD%E3%81%AB%E3%83%BB%E9%80%94%E4%B8%AD%E3%81%A7,https://bunpro.jp/ja/grammar_points/%E9%80%94%E4%B8%AD%E3%81%AB%E3%83%BB%E9%80%94%E4%B8%AD%E3%81%A7
N2,Leçon 2,Directions et Indicateurs,6/24,中を,"In, Into, Inside of","Dans, Au milieu de",https://bunpro.jp/grammar_points/%E4%B8%AD%E3%82%92,https://bunpro.jp/fr/grammar_points/%E4%B8%AD%E3%82%92,https://bunpro.jp/ja/grammar_points/%E4%B8%AD%E3%82%92
N2,Leçon 2,Directions et Indicateurs,7/24,を中心に,"Focused on, Centered on","Centré sur, Principalement",https://bunpro.jp/grammar_points/%E3%82%92%E4%B8%AD%E5%BF%83%E3%81%AB,https://bunpro.jp/fr/grammar_points/%E3%82%92%E4%B8%AD%E5%BF%83%E3%81%AB,https://bunpro.jp/ja/grammar_points/%E3%82%92%E4%B8%AD%E5%BF%83%E3%81%AB
N2,Leçon 2,Directions et Indicateurs,8/24,その上,"Besides, Furthermore","En outre, Par ailleurs",https://bunpro.jp/grammar_points/%E3%81%9D%E3%81%AE%E4%B8%8A,https://bunpro.jp/fr/grammar_points/%E3%81%9D%E3%81%AE%E4%B8%8A,https://bunpro.jp/ja/grammar_points/%E3%81%9D%E3%81%AE%E4%B8%8A
N2,Leçon 2,Directions et Indicateurs,9/24,上は,"Once, Since, Now that","Une fois que, Puisque",https://bunpro.jp/grammar_points/%E4%B8%8A%E3%81%AF,https://bunpro.jp/fr/grammar_points/%E4%B8%8A%E3%81%AF,https://bunpro.jp/ja/grammar_points/%E4%B8%8A%E3%81%AF
N2,Leçon 2,Directions et Indicateurs,10/24,の下で,"Under, On the basis of","Sous, Sur la base de",https://bunpro.jp/grammar_points/%E3%81%AE%E4%B8%8B%E3%81%A7,https://bunpro.jp/fr/grammar_points/%E3%81%AE%E4%B8%8B%E3%81%A7,https://bunpro.jp/ja/grammar_points/%E3%81%AE%E4%B8%8B%E3%81%A7
N2,Leçon 2,Directions et Indicateurs,11/24,後の + Noun,"Left, Remaining, ...to","Reste de, Restant",https://bunpro.jp/grammar_points/%E5%BE%8C-%E3%81%AEnoun,https://bunpro.jp/fr/grammar_points/%E5%BE%8C-%E3%81%AEnoun,https://bunpro.jp/ja/grammar_points/%E5%BE%8C-%E3%81%AEnoun
N2,Leçon 2,Directions et Indicateurs,12/24,手前,"Before, From one's standpoint","Avant, De son point de vue",https://bunpro.jp/grammar_points/%E6%89%8B%E5%89%8D,https://bunpro.jp/fr/grammar_points/%E6%89%8B%E5%89%8D,https://bunpro.jp/ja/grammar_points/%E6%89%8B%E5%89%8D
N2,Leçon 2,Directions et Indicateurs,13/24,を巡って,"Concerning, About, (Split) over","Concernant, À propos de",https://bunpro.jp/grammar_points/%E3%82%92%E5%B7%A1%E3%81%A3%E3%81%A6,https://bunpro.jp/fr/grammar_points/%E3%82%92%E5%B7%A1%E3%81%A3%E3%81%A6,https://bunpro.jp/ja/grammar_points/%E3%82%92%E5%B7%A1%E3%81%A3%E3%81%A6
N2,Leçon 2,Directions et Indicateurs,14/24,にわたって,"Across, Throughout, Over","À travers, Tout au long de",https://bunpro.jp/grammar_points/%E3%81%AB%E3%82%8F%E3%81%9F%E3%81%A3%E3%81%A6,https://bunpro.jp/fr/grammar_points/%E3%81%AB%E3%82%8F%E3%81%9F%E3%81%A3%E3%81%A6,https://bunpro.jp/ja/grammar_points/%E3%81%AB%E3%82%8F%E3%81%9F%E3%81%A3%E3%81%A6
N2,Leçon 2,Directions et Indicateurs,15/24,に沿って,"Along, In accordance with","Le long de, Conformément à",https://bunpro.jp/grammar_points/%E3%81%AB%E6%B2%BF%E3%81%A3%E3%81%A6,https://bunpro.jp/fr/grammar_points/%E3%81%AB%E6%B2%BF%E3%81%A3%E3%81%A6,https://bunpro.jp/ja/grammar_points/%E3%81%AB%E6%B2%BF%E3%81%A3%E3%81%A6
N2,Leçon 2,Directions et Indicateurs,16/24,～た末,"After, As a conclusion of","Après, En conclusion de",https://bunpro.jp/grammar_points/%E3%81%9F%E6%9C%AB-%E3%81%AE%E6%9C%AB,https://bunpro.jp/fr/grammar_points/%E3%81%9F%E6%9C%AB-%E3%81%AE%E6%9C%AB,https://bunpro.jp/ja/grammar_points/%E3%81%9F%E6%9C%AB-%E3%81%AE%E6%9C%AB
N2,Leçon 2,Directions et Indicateurs,17/24,にしたがって,"As, Following, In accordance with","Selon, Conformément à",https://bunpro.jp/grammar_points/%E3%81%AB%E3%81%97%E3%81%9F%E3%81%8C%E3%81%A3%E3%81%A6,https://bunpro.jp/fr/grammar_points/%E3%81%AB%E3%81%97%E3%81%9F%E3%81%8C%E3%81%A3%E3%81%A6,https://bunpro.jp/ja/grammar_points/%E3%81%AB%E3%81%97%E3%81%9F%E3%81%8C%E3%81%A3%E3%81%A6
N2,Leçon 2,Directions et Indicateurs,18/24,に伴って,"As, Along with, Hand-in-hand","Accompagnant, En parallèle avec",https://bunpro.jp/grammar_points/%E3%81%AB%E4%BC%B4%E3%81%A3%E3%81%A6-%E3%81%AB%E4%BC%B4%E3%81%84,https://bunpro.jp/fr/grammar_points/%E3%81%AB%E4%BC%B4%E3%81%A3%E3%81%A6-%E3%81%AB%E4%BC%B4%E3%81%84,https://bunpro.jp/ja/grammar_points/%E3%81%AB%E4%BC%B4%E3%81%A3%E3%81%A6-%E3%81%AB%E4%BC%B4%E3%81%84
N2,Leçon 2,Directions et Indicateurs,19/24,につき,"Due to, Each or every","En raison de, Par",https://bunpro.jp/grammar_points/%E3%81%AB%E3%81%A4%E3%81%8D,https://bunpro.jp/fr/grammar_points/%E3%81%AB%E3%81%A4%E3%81%8D,https://bunpro.jp/ja/grammar_points/%E3%81%AB%E3%81%A4%E3%81%8D
N2,Leçon 2,Directions et Indicateurs,20/24,につけ,"Whenever, Every time",Chaque fois que,https://bunpro.jp/grammar_points/%E3%81%AB%E3%81%A4%E3%81%91,https://bunpro.jp/fr/grammar_points/%E3%81%AB%E3%81%A4%E3%81%91,https://bunpro.jp/ja/grammar_points/%E3%81%AB%E3%81%A4%E3%81%91
N2,Leçon 2,Directions et Indicateurs,21/24,にかかわる,"Relating to, Concerning","Être lié à, Concernant",https://bunpro.jp/grammar_points/%E3%81%AB%E3%81%8B%E3%81%8B%E3%82%8F%E3%82%8B,https://bunpro.jp/fr/grammar_points/%E3%81%AB%E3%81%8B%E3%81%8B%E3%82%8F%E3%82%8B,https://bunpro.jp/ja/grammar_points/%E3%81%AB%E3%81%8B%E3%81%8B%E3%82%8F%E3%82%8B
N2,Leçon 2,Directions et Indicateurs,22/24,に向かって,"Towards, To face, To head to","Vers, En direction de",https://bunpro.jp/grammar_points/%E3%81%AB%E5%90%91%E3%81%8B%E3%81%A3%E3%81%A6-%E3%81%AB%E5%90%91%E3%81%91%E3%81%A6,https://bunpro.jp/fr/grammar_points/%E3%81%AB%E5%90%91%E3%81%8B%E3%81%A3%E3%81%A6-%E3%81%AB%E5%90%91%E3%81%91%E3%81%A6,https://bunpro.jp/ja/grammar_points/%E3%81%AB%E5%90%91%E3%81%8B%E3%81%A3%E3%81%A6-%E3%81%AB%E5%90%91%E3%81%91%E3%81%A6
N2,Leçon 2,Directions et Indicateurs,23/24,が気になる,"To be interested in, Concerned about","S'intéresser à, S'inquiéter de",https://bunpro.jp/grammar_points/%E3%81%8C%E6%B0%97%E3%81%AB%E3%81%AA%E3%82%8B,https://bunpro.jp/fr/grammar_points/%E3%81%8C%E6%B0%97%E3%81%AB%E3%81%AA%E3%82%8B,https://bunpro.jp/ja/grammar_points/%E3%81%8C%E6%B0%97%E3%81%AB%E3%81%AA%E3%82%8B
N2,Leçon 2,Directions et Indicateurs,24/24,に気をつける,"Take care, Be careful, Pay attention",Faire attention à,https://bunpro.jp/grammar_points/%E3%81%AB%E6%B0%97%E3%82%92%E3%81%A4%E3%81%91%E3%82%8B,https://bunpro.jp/fr/grammar_points/%E3%81%AB%E6%B0%97%E3%82%92%E3%81%A4%E3%81%91%E3%82%8B,https://bunpro.jp/ja/grammar_points/%E3%81%AB%E6%B0%97%E3%82%92%E3%81%A4%E3%81%91%E3%82%8B
N2,Leçon 3,Limites et Restrictions,1/24,も構わず,Without worrying about,Sans se soucier de,https://bunpro.jp/grammar_points/%E3%82%82%E3%81%8B%E3%81%BE%E3%82%8F%E3%81%9A,https://bunpro.jp/fr/grammar_points/%E3%82%82%E3%81%8B%E3%81%BE%E3%82%8F%E3%81%9A,https://bunpro.jp/ja/grammar_points/%E3%82%82%E3%81%8B%E3%81%BE%E3%82%8F%E3%81%9A
N2,Leçon 3,Limites et Restrictions,2/24,兼ねる,"Cannot, Be unable to, Hesitant","Incapable de, Difficile de",https://bunpro.jp/grammar_points/%E3%81%8B%E3%81%AD%E3%82%8B,https://bunpro.jp/fr/grammar_points/%E3%81%8B%E3%81%AD%E3%82%8B,https://bunpro.jp/ja/grammar_points/%E3%81%8B%E3%81%AD%E3%82%8B
N2,Leçon 3,Limites et Restrictions,3/24,を除いて,"Except, With the exception of","Sauf, À l'exception de",https://bunpro.jp/grammar_points/%E3%82%92%E9%99%A4%E3%81%84%E3%81%A6,https://bunpro.jp/fr/grammar_points/%E3%82%92%E9%99%A4%E3%81%84%E3%81%A6,https://bunpro.jp/ja/grammar_points/%E3%82%92%E9%99%A4%E3%81%84%E3%81%A6
N2,Leçon 3,Limites et Restrictions,4/24,兼ねない,"Might, Could be, Possible","Pourrait, Capable de",https://bunpro.jp/grammar_points/%E3%81%8B%E3%81%AD%E3%81%AA%E3%81%84,https://bunpro.jp/fr/grammar_points/%E3%81%8B%E3%81%AD%E3%81%AA%E3%81%84,https://bunpro.jp/ja/grammar_points/%E3%81%8B%E3%81%AD%E3%81%AA%E3%81%84
N2,Leçon 3,Limites et Restrictions,5/24,にかかわらず,"Regardless of, Whether or, No matter","Indépendamment de, Peu importe",https://bunpro.jp/grammar_points/%E3%81%AB%E3%81%8B%E3%81%8B%E3%82%8F%E3%82%89%E3%81%9A,https://bunpro.jp/fr/grammar_points/%E3%81%AB%E3%81%8B%E3%81%8B%E3%82%8F%E3%82%89%E3%81%9A,https://bunpro.jp/ja/grammar_points/%E3%81%AB%E3%81%8B%E3%81%8B%E3%82%8F%E3%82%89%E3%81%9A
N2,Leçon 3,Limites et Restrictions,6/24,にもかかわらず,"Despite, In spite of, Nevertheless","Malgré, En dépit de",https://bunpro.jp/grammar_points/%E3%81%AB%E3%82%82%E3%81%8B%E3%81%8B%E3%82%8F%E3%82%89%E3%81%9A,https://bunpro.jp/fr/grammar_points/%E3%81%AB%E3%82%82%E3%81%8B%E3%81%8B%E3%82%8F%E3%82%89%E3%81%9A,https://bunpro.jp/ja/grammar_points/%E3%81%AB%E3%82%82%E3%81%8B%E3%81%8B%E3%82%8F%E3%82%89%E3%81%9A
N2,Leçon 3,Limites et Restrictions,7/24,に限って,"Particularly when, Only when",Particulièrement quand,https://bunpro.jp/grammar_points/%E3%81%AB%E9%99%90%E3%81%A3%E3%81%A6,https://bunpro.jp/fr/grammar_points/%E3%81%AB%E9%99%90%E3%81%A3%E3%81%A6,https://bunpro.jp/ja/grammar_points/%E3%81%AB%E9%99%90%E3%81%A3%E3%81%A6
N2,Leçon 3,Limites et Restrictions,8/24,に限らず,"Not just, Not only but also",Non seulement... mais aussi,https://bunpro.jp/grammar_points/%E3%81%AB%E9%99%90%E3%82%89%E3%81%9A,https://bunpro.jp/fr/grammar_points/%E3%81%AB%E9%99%90%E3%82%89%E3%81%9A,https://bunpro.jp/ja/grammar_points/%E3%81%AB%E9%99%90%E3%82%89%E3%81%9A
N2,Leçon 3,Limites et Restrictions,9/24,尚①,"Still, Even, Yet","Encore, Même, Toujours",https://bunpro.jp/grammar_points/%E3%81%AA%E3%81%8A1,https://bunpro.jp/fr/grammar_points/%E3%81%AA%E3%81%8A1,https://bunpro.jp/ja/grammar_points/%E3%81%AA%E3%81%8A1
N2,Leçon 3,Limites et Restrictions,10/24,尚②,"In addition, Furthermore, Moreover","En outre, Par ailleurs",https://bunpro.jp/grammar_points/%E3%81%AA%E3%81%8A2,https://bunpro.jp/fr/grammar_points/%E3%81%AA%E3%81%8A2,https://bunpro.jp/ja/grammar_points/%E3%81%AA%E3%81%8A2
N2,Leçon 3,Limites et Restrictions,11/24,限り,"As long as, Limited to","Tant que, Dans la limite de",https://bunpro.jp/grammar_points/%E9%99%90%E3%82%8A,https://bunpro.jp/fr/grammar_points/%E9%99%90%E3%82%8A,https://bunpro.jp/ja/grammar_points/%E9%99%90%E3%82%8A
N2,Leçon 3,Limites et Restrictions,12/24,次第だ,"Depending on, So",Cela dépend de,https://bunpro.jp/grammar_points/%E6%AC%A1%E7%AC%AC%E3%81%A0-%E6%AC%A1%E7%AC%AC%E3%81%A7,https://bunpro.jp/fr/grammar_points/%E6%AC%A1%E7%AC%AC%E3%81%A0-%E6%AC%A1%E7%AC%AC%E3%81%A7,https://bunpro.jp/ja/grammar_points/%E6%AC%A1%E7%AC%AC%E3%81%A0-%E6%AC%A1%E7%AC%AC%E3%81%A7
N2,Leçon 3,Limites et Restrictions,13/24,次第に,Gradually,"Progressivement, Peu à peu",https://bunpro.jp/grammar_points/%E6%AC%A1%E7%AC%AC%E3%81%AB,https://bunpro.jp/fr/grammar_points/%E6%AC%A1%E7%AC%AC%E3%81%AB,https://bunpro.jp/ja/grammar_points/%E6%AC%A1%E7%AC%AC%E3%81%AB
N2,Leçon 3,Limites et Restrictions,14/24,～てこそ,"Only if, Because, Unless","Seulement si, Uniquement parce que",https://bunpro.jp/grammar_points/-%E3%81%A6%E3%81%93%E3%81%9D,https://bunpro.jp/fr/grammar_points/-%E3%81%A6%E3%81%93%E3%81%9D,https://bunpro.jp/ja/grammar_points/-%E3%81%A6%E3%81%93%E3%81%9D
N2,Leçon 3,Limites et Restrictions,15/24,を問わず,"Regardless of, Whether or not",Peu importe,https://bunpro.jp/grammar_points/%E3%82%92%E5%95%8F%E3%82%8F%E3%81%9A,https://bunpro.jp/fr/grammar_points/%E3%82%92%E5%95%8F%E3%82%8F%E3%81%9A,https://bunpro.jp/ja/grammar_points/%E3%82%92%E5%95%8F%E3%82%8F%E3%81%9A
N2,Leçon 3,Limites et Restrictions,16/24,より仕方がない,"There is no choice but, Inevitable",Il n'y a pas d'autre choix,https://bunpro.jp/grammar_points/%E3%82%88%E3%82%8A%E3%81%97%E3%81%8B%E3%81%9F%E3%81%8C%E3%81%AA%E3%81%84,https://bunpro.jp/fr/grammar_points/%E3%82%88%E3%82%8A%E3%81%97%E3%81%8B%E3%81%9F%E3%81%8C%E3%81%AA%E3%81%84,https://bunpro.jp/ja/grammar_points/%E3%82%88%E3%82%8A%E3%81%97%E3%81%8B%E3%81%9F%E3%81%8C%E3%81%AA%E3%81%84
N2,Leçon 3,Limites et Restrictions,17/24,に越したことはない,There is nothing better than,Il n'y a rien de mieux que,https://bunpro.jp/grammar_points/%E3%81%AB%E8%B6%8A%E3%81%97%E3%81%9F%E3%81%93%E3%81%A8%E3%81%AF%E3%81%AA%E3%81%84,https://bunpro.jp/fr/grammar_points/%E3%81%AB%E8%B6%8A%E3%81%97%E3%81%9F%E3%81%93%E3%81%A8%E3%81%AF%E3%81%AA%E3%81%84,https://bunpro.jp/ja/grammar_points/%E3%81%AB%E8%B6%8A%E3%81%97%E3%81%9F%E3%81%93%E3%81%A8%E3%81%AF%E3%81%AA%E3%81%84
N2,Leçon 3,Limites et Restrictions,18/24,要するに,"To sum up, In short","En résumé, En bref",https://bunpro.jp/grammar_points/%E8%A6%81%E3%81%99%E3%82%8B%E3%81%AB,https://bunpro.jp/fr/grammar_points/%E8%A6%81%E3%81%99%E3%82%8B%E3%81%AB,https://bunpro.jp/ja/grammar_points/%E8%A6%81%E3%81%99%E3%82%8B%E3%81%AB
N2,Leçon 3,Limites et Restrictions,19/24,てからでないと,Not unless ~ cannot,À moins que,https://bunpro.jp/grammar_points/%E3%81%A6%E3%81%8B%E3%82%89%E3%81%A7%E3%81%AA%E3%81%84%E3%81%A8,https://bunpro.jp/fr/grammar_points/%E3%81%A6%E3%81%8B%E3%82%89%E3%81%A7%E3%81%AA%E3%81%84%E3%81%A8,https://bunpro.jp/ja/grammar_points/%E3%81%A6%E3%81%8B%E3%82%89%E3%81%A7%E3%81%AA%E3%81%84%E3%81%A8
N2,Leçon 3,Limites et Restrictions,20/24,なくはない,"It's not that…, Kind of, Somewhat","Ce n'est pas que ~, Un peu",https://bunpro.jp/grammar_points/%E3%81%AA%E3%81%8F%E3%81%AF%E3%81%AA%E3%81%84,https://bunpro.jp/fr/grammar_points/%E3%81%AA%E3%81%8F%E3%81%AF%E3%81%AA%E3%81%84,https://bunpro.jp/ja/grammar_points/%E3%81%AA%E3%81%8F%E3%81%AF%E3%81%AA%E3%81%84
N2,Leçon 3,Limites et Restrictions,21/24,ない事には～ない,Unless you do something,À moins de faire quelque chose,https://bunpro.jp/grammar_points/%E3%81%AA%E3%81%84%E3%81%93%E3%81%A8%E3%81%AB%E3%81%AF-%E3%81%AA%E3%81%84,https://bunpro.jp/fr/grammar_points/%E3%81%AA%E3%81%84%E3%81%93%E3%81%A8%E3%81%AB%E3%81%AF-%E3%81%AA%E3%81%84,https://bunpro.jp/ja/grammar_points/%E3%81%AA%E3%81%84%E3%81%93%E3%81%A8%E3%81%AB%E3%81%AF-%E3%81%AA%E3%81%84
N2,Leçon 3,Limites et Restrictions,22/24,ないではいられない,"Cannot help doing, Cannot resist",Ne peut s'empêcher de,https://bunpro.jp/grammar_points/%E3%81%AA%E3%81%84%E3%81%A7%E3%81%AF%E3%81%84%E3%82%89%E3%82%8C%E3%81%AA%E3%81%84,https://bunpro.jp/fr/grammar_points/%E3%81%AA%E3%81%84%E3%81%A7%E3%81%AF%E3%81%84%E3%82%89%E3%82%8C%E3%81%AA%E3%81%84,https://bunpro.jp/ja/grammar_points/%E3%81%AA%E3%81%84%E3%81%A7%E3%81%AF%E3%81%84%E3%82%89%E3%82%8C%E3%81%AA%E3%81%84
N2,Leçon 3,Limites et Restrictions,23/24,ねばならない,"Must, Have to, Should","Doit, Doit absolument",https://bunpro.jp/grammar_points/%E3%81%AD%E3%81%B0%E3%81%AA%E3%82%89%E3%81%AA%E3%81%84,https://bunpro.jp/fr/grammar_points/%E3%81%AD%E3%81%B0%E3%81%AA%E3%82%89%E3%81%AA%E3%81%84,https://bunpro.jp/ja/grammar_points/%E3%81%AD%E3%81%B0%E3%81%AA%E3%82%89%E3%81%AA%E3%81%84
N2,Leçon 3,Limites et Restrictions,24/24,給え,"(Please) do!, Ask to, Beg to",S'il vous plaît faites,https://bunpro.jp/grammar_points/%E3%81%9F%E3%81%BE%E3%81%88,https://bunpro.jp/fr/grammar_points/%E3%81%9F%E3%81%BE%E3%81%88,https://bunpro.jp/ja/grammar_points/%E3%81%9F%E3%81%BE%E3%81%88
N2,Leçon 4,Quand ou Pendant,1/18,の内で,"Of the, Amongst","Parmi, De",https://bunpro.jp/grammar_points/-%E3%81%AE%E3%81%86%E3%81%A1-%E3%81%A7,https://bunpro.jp/fr/grammar_points/-%E3%81%AE%E3%81%86%E3%81%A1-%E3%81%A7,https://bunpro.jp/ja/grammar_points/-%E3%81%AE%E3%81%86%E3%81%A1-%E3%81%A7
N2,Leçon 4,Quand ou Pendant,2/18,つつ,"While, And","Tout en, Pendant",https://bunpro.jp/grammar_points/%E3%81%A4%E3%81%A4,https://bunpro.jp/fr/grammar_points/%E3%81%A4%E3%81%A4,https://bunpro.jp/ja/grammar_points/%E3%81%A4%E3%81%A4
N2,Leçon 4,Quand ou Pendant,3/18,つつも,"Even while ~ing, Despite","Bien que ~, Malgré",https://bunpro.jp/grammar_points/%E3%81%A4%E3%81%A4-%E3%82%82,https://bunpro.jp/fr/grammar_points/%E3%81%A4%E3%81%A4-%E3%82%82,https://bunpro.jp/ja/grammar_points/%E3%81%A4%E3%81%A4-%E3%82%82
N2,Leçon 4,Quand ou Pendant,4/18,に際して,On the occasion of,À l'occasion de,https://bunpro.jp/grammar_points/%E3%81%AB%E9%9A%9B%E3%81%97%E3%81%A6,https://bunpro.jp/fr/grammar_points/%E3%81%AB%E9%9A%9B%E3%81%97%E3%81%A6,https://bunpro.jp/ja/grammar_points/%E3%81%AB%E9%9A%9B%E3%81%97%E3%81%A6
N2,Leçon 4,Quand ou Pendant,5/18,際に,"When, At the time of","Lors de, Au moment de",https://bunpro.jp/grammar_points/%E9%9A%9B%E3%81%AB,https://bunpro.jp/fr/grammar_points/%E9%9A%9B%E3%81%AB,https://bunpro.jp/ja/grammar_points/%E9%9A%9B%E3%81%AB
N2,Leçon 4,Quand ou Pendant,6/18,に当たって,"When doing, On the occasion","Lors de, À l'occasion de",https://bunpro.jp/grammar_points/%E3%81%AB%E3%81%82%E3%81%9F%E3%82%8A-%E3%81%AB%E3%81%82%E3%81%9F%E3%81%A3%E3%81%A6,https://bunpro.jp/fr/grammar_points/%E3%81%AB%E3%81%82%E3%81%9F%E3%82%8A-%E3%81%AB%E3%81%82%E3%81%9F%E3%81%A3%E3%81%A6,https://bunpro.jp/ja/grammar_points/%E3%81%AB%E3%81%82%E3%81%9F%E3%82%8A-%E3%81%AB%E3%81%82%E3%81%9F%E3%81%A3%E3%81%A6
N2,Leçon 4,Quand ou Pendant,7/18,を契機に,"As a good opportunity, As a trigger",Profiter de l'occasion pour,https://bunpro.jp/grammar_points/%E3%82%92%E5%A5%91%E6%A9%9F%E3%81%AB,https://bunpro.jp/fr/grammar_points/%E3%82%92%E5%A5%91%E6%A9%9F%E3%81%AB,https://bunpro.jp/ja/grammar_points/%E3%82%92%E5%A5%91%E6%A9%9F%E3%81%AB
N2,Leçon 4,Quand ou Pendant,8/18,つつある,#NOM?,"En train de ~, En cours de ~",https://bunpro.jp/grammar_points/%E3%81%A4%E3%81%A4%E3%81%82%E3%82%8B,https://bunpro.jp/fr/grammar_points/%E3%81%A4%E3%81%A4%E3%81%82%E3%82%8B,https://bunpro.jp/ja/grammar_points/%E3%81%A4%E3%81%A4%E3%81%82%E3%82%8B
N2,Leçon 4,Quand ou Pendant,9/18,～所に,"At the time, When, While","Au moment où, Quand",https://bunpro.jp/grammar_points/%EF%BD%9E%E3%81%A8%E3%81%93%E3%82%8D%E3%81%AB%E3%83%BB%EF%BD%9E%E3%81%A8%E3%81%93%E3%82%8D%E3%81%B8,https://bunpro.jp/fr/grammar_points/%EF%BD%9E%E3%81%A8%E3%81%93%E3%82%8D%E3%81%AB%E3%83%BB%EF%BD%9E%E3%81%A8%E3%81%93%E3%82%8D%E3%81%B8,https://bunpro.jp/ja/grammar_points/%EF%BD%9E%E3%81%A8%E3%81%93%E3%82%8D%E3%81%AB%E3%83%BB%EF%BD%9E%E3%81%A8%E3%81%93%E3%82%8D%E3%81%B8
N2,Leçon 4,Quand ou Pendant,10/18,か～ないかのうちに,"Right after, As soon as, Barely","Juste après que, À peine",https://bunpro.jp/grammar_points/%E3%81%8B-%E3%81%AA%E3%81%84%E3%81%8B%E3%81%AE%E3%81%86%E3%81%A1%E3%81%AB,https://bunpro.jp/fr/grammar_points/%E3%81%8B-%E3%81%AA%E3%81%84%E3%81%8B%E3%81%AE%E3%81%86%E3%81%A1%E3%81%AB,https://bunpro.jp/ja/grammar_points/%E3%81%8B-%E3%81%AA%E3%81%84%E3%81%8B%E3%81%AE%E3%81%86%E3%81%A1%E3%81%AB
N2,Leçon 4,Quand ou Pendant,11/18,掛けに,"On the way to, As you go",En chemin vers,https://bunpro.jp/grammar_points/%E3%81%8C%E3%81%91%E3%81%AB,https://bunpro.jp/fr/grammar_points/%E3%81%8C%E3%81%91%E3%81%AB,https://bunpro.jp/ja/grammar_points/%E3%81%8C%E3%81%91%E3%81%AB
N2,Leçon 4,Quand ou Pendant,12/18,ていては,If one keeps doing something,Si on continue de ~,https://bunpro.jp/grammar_points/%E3%81%A6%E3%81%84%E3%81%A6%E3%81%AF,https://bunpro.jp/fr/grammar_points/%E3%81%A6%E3%81%84%E3%81%A6%E3%81%AF,https://bunpro.jp/ja/grammar_points/%E3%81%A6%E3%81%84%E3%81%A6%E3%81%AF
N2,Leçon 4,Quand ou Pendant,13/18,ところだった②,"Was just about to, In the middle of",Était sur le point de,https://bunpro.jp/grammar_points/%E3%81%A8%E3%81%93%E3%82%8D%E3%81%A0%E3%81%A3%E3%81%9F2,https://bunpro.jp/fr/grammar_points/%E3%81%A8%E3%81%93%E3%82%8D%E3%81%A0%E3%81%A3%E3%81%9F2,https://bunpro.jp/ja/grammar_points/%E3%81%A8%E3%81%93%E3%82%8D%E3%81%A0%E3%81%A3%E3%81%9F2
N2,Leçon 4,Quand ou Pendant,14/18,どころではない,"Not the time for, Far from",Ce n'est pas le moment pour,https://bunpro.jp/grammar_points/%E3%81%A9%E3%81%93%E3%82%8D%E3%81%A7%E3%81%AF%E3%81%AA%E3%81%84,https://bunpro.jp/fr/grammar_points/%E3%81%A9%E3%81%93%E3%82%8D%E3%81%A7%E3%81%AF%E3%81%AA%E3%81%84,https://bunpro.jp/ja/grammar_points/%E3%81%A9%E3%81%93%E3%82%8D%E3%81%A7%E3%81%AF%E3%81%AA%E3%81%84
N2,Leçon 4,Quand ou Pendant,15/18,振りに,For the first time in ~,Pour la première fois depuis,https://bunpro.jp/grammar_points/%E3%81%B6%E3%82%8A%E3%81%AB,https://bunpro.jp/fr/grammar_points/%E3%81%B6%E3%82%8A%E3%81%AB,https://bunpro.jp/ja/grammar_points/%E3%81%B6%E3%82%8A%E3%81%AB
N2,Leçon 4,Quand ou Pendant,16/18,～ては,"If, With, Since","Si, Puisque",https://bunpro.jp/grammar_points/%E3%81%A6%E3%81%AF,https://bunpro.jp/fr/grammar_points/%E3%81%A6%E3%81%AF,https://bunpro.jp/ja/grammar_points/%E3%81%A6%E3%81%AF
N2,Leçon 4,Quand ou Pendant,17/18,～ては～ては,"Repeating action, If","Action répétée, Si",https://bunpro.jp/grammar_points/%E3%81%A6%E3%81%AF-%E3%81%A6%E3%81%AF,https://bunpro.jp/fr/grammar_points/%E3%81%A6%E3%81%AF-%E3%81%A6%E3%81%AF,https://bunpro.jp/ja/grammar_points/%E3%81%A6%E3%81%AF-%E3%81%A6%E3%81%AF
N2,Leçon 4,Quand ou Pendant,18/18,も又,"Too, Also (with emphasis), Again","Aussi, Également (emphase)",https://bunpro.jp/grammar_points/%E3%82%82%E5%8F%88,https://bunpro.jp/fr/grammar_points/%E3%82%82%E5%8F%88,https://bunpro.jp/ja/grammar_points/%E3%82%82%E5%8F%88
N2,Leçon 5,Tout commence ou se termine,1/18,結果,As a result of,En conséquence de,https://bunpro.jp/grammar_points/%E7%B5%90%E6%9E%9C%E3%83%BB%E3%81%AE%E7%B5%90%E6%9E%9C,https://bunpro.jp/fr/grammar_points/%E7%B5%90%E6%9E%9C%E3%83%BB%E3%81%AE%E7%B5%90%E6%9E%9C,https://bunpro.jp/ja/grammar_points/%E7%B5%90%E6%9E%9C%E3%83%BB%E3%81%AE%E7%B5%90%E6%9E%9C
N2,Leçon 5,Tout commence ou se termine,2/18,以来,"Since, Henceforth","Depuis, Désormais",https://bunpro.jp/grammar_points/%E4%BB%A5%E6%9D%A5,https://bunpro.jp/fr/grammar_points/%E4%BB%A5%E6%9D%A5,https://bunpro.jp/ja/grammar_points/%E4%BB%A5%E6%9D%A5
N2,Leçon 5,Tout commence ou se termine,3/18,に先立ち,"Before, Prior to","Avant, Avant de",https://bunpro.jp/grammar_points/%E3%81%AB%E5%85%88%E7%AB%8B%E3%81%A1,https://bunpro.jp/fr/grammar_points/%E3%81%AB%E5%85%88%E7%AB%8B%E3%81%A1,https://bunpro.jp/ja/grammar_points/%E3%81%AB%E5%85%88%E7%AB%8B%E3%81%A1
N2,Leçon 5,Tout commence ou se termine,4/18,果たして,"Wonder if really?, Sure enough","Vraiment ?, Effectivement",https://bunpro.jp/grammar_points/%E3%81%AF%E3%81%9F%E3%81%97%E3%81%A6,https://bunpro.jp/fr/grammar_points/%E3%81%AF%E3%81%9F%E3%81%97%E3%81%A6,https://bunpro.jp/ja/grammar_points/%E3%81%AF%E3%81%9F%E3%81%97%E3%81%A6
N2,Leçon 5,Tout commence ou se termine,5/18,甲斐がある,"To be worth, To pay off",Valoir la peine de,https://bunpro.jp/grammar_points/%E7%94%B2%E6%96%90%E3%81%8C%E3%81%82%E3%82%8B,https://bunpro.jp/fr/grammar_points/%E7%94%B2%E6%96%90%E3%81%8C%E3%81%82%E3%82%8B,https://bunpro.jp/ja/grammar_points/%E7%94%B2%E6%96%90%E3%81%8C%E3%81%82%E3%82%8B
N2,Leçon 5,Tout commence ou se termine,6/18,やがて,"Before long, Eventually","Bientôt, Finalement",https://bunpro.jp/grammar_points/%E3%82%84%E3%81%8C%E3%81%A6,https://bunpro.jp/fr/grammar_points/%E3%82%84%E3%81%8C%E3%81%A6,https://bunpro.jp/ja/grammar_points/%E3%82%84%E3%81%8C%E3%81%A6
N2,Leçon 5,Tout commence ou se termine,7/18,したがって,"Therefore, Thus, As a result","Donc, Ainsi",https://bunpro.jp/grammar_points/%E3%81%97%E3%81%9F%E3%81%8C%E3%81%A3%E3%81%A6,https://bunpro.jp/fr/grammar_points/%E3%81%97%E3%81%9F%E3%81%8C%E3%81%A3%E3%81%A6,https://bunpro.jp/ja/grammar_points/%E3%81%97%E3%81%9F%E3%81%8C%E3%81%A3%E3%81%A6
N2,Leçon 5,Tout commence ou se termine,8/18,挙句,"After, In the end, Eventually","Finalement, En fin de compte",https://bunpro.jp/grammar_points/%E3%81%82%E3%81%92%E3%81%8F,https://bunpro.jp/fr/grammar_points/%E3%81%82%E3%81%92%E3%81%8F,https://bunpro.jp/ja/grammar_points/%E3%81%82%E3%81%92%E3%81%8F
N2,Leçon 5,Tout commence ou se termine,9/18,切っ掛け,"Lead to, An opportunity, A trigger","Point de départ, Occasion",https://bunpro.jp/grammar_points/%E3%81%8D%E3%81%A3%E3%81%8B%E3%81%91,https://bunpro.jp/fr/grammar_points/%E3%81%8D%E3%81%A3%E3%81%8B%E3%81%91,https://bunpro.jp/ja/grammar_points/%E3%81%8D%E3%81%A3%E3%81%8B%E3%81%91
N2,Leçon 5,Tout commence ou se termine,10/18,にかけては,"When it comes to, Concerning",Quand il s'agit de,https://bunpro.jp/grammar_points/%E3%81%AB%E3%81%8B%E3%81%91%E3%81%A6%E3%81%AF,https://bunpro.jp/fr/grammar_points/%E3%81%AB%E3%81%8B%E3%81%91%E3%81%A6%E3%81%AF,https://bunpro.jp/ja/grammar_points/%E3%81%AB%E3%81%8B%E3%81%91%E3%81%A6%E3%81%AF
N2,Leçon 5,Tout commence ou se termine,11/18,疾っくに,"Already, A long time ago",Déjà depuis longtemps,https://bunpro.jp/grammar_points/%E3%81%A8%E3%81%A3%E3%81%8F%E3%81%AB,https://bunpro.jp/fr/grammar_points/%E3%81%A8%E3%81%A3%E3%81%8F%E3%81%AB,https://bunpro.jp/ja/grammar_points/%E3%81%A8%E3%81%A3%E3%81%8F%E3%81%AB
N2,Leçon 5,Tout commence ou se termine,12/18,未だに,"Still, Not yet, Even now","Encore, Pas encore",https://bunpro.jp/grammar_points/%E6%9C%AA%E3%81%A0%E3%81%AB,https://bunpro.jp/fr/grammar_points/%E6%9C%AA%E3%81%A0%E3%81%AB,https://bunpro.jp/ja/grammar_points/%E6%9C%AA%E3%81%A0%E3%81%AB
N2,Leçon 5,Tout commence ou se termine,13/18,を元に,"Based on, From, According to","Basé sur, D'après",https://bunpro.jp/grammar_points/%E3%82%92%E3%82%82%E3%81%A8%E3%81%AB,https://bunpro.jp/fr/grammar_points/%E3%82%92%E3%82%82%E3%81%A8%E3%81%AB,https://bunpro.jp/ja/grammar_points/%E3%82%92%E3%82%82%E3%81%A8%E3%81%AB
N2,Leçon 5,Tout commence ou se termine,14/18,からには,"As long as, Since, Given","Puisque, Étant donné que",https://bunpro.jp/grammar_points/%E3%81%8B%E3%82%89%E3%81%AB%E3%81%AF,https://bunpro.jp/fr/grammar_points/%E3%81%8B%E3%82%89%E3%81%AB%E3%81%AF,https://bunpro.jp/ja/grammar_points/%E3%81%8B%E3%82%89%E3%81%AB%E3%81%AF
N2,Leçon 5,Tout commence ou se termine,15/18,いつの間にか,"Suddenly, Without noticing","Soudainement, Sans s'en rendre compte",https://bunpro.jp/grammar_points/%E3%81%84%E3%81%A4%E3%81%AE%E9%96%93%E3%81%AB%E3%81%8B,https://bunpro.jp/fr/grammar_points/%E3%81%84%E3%81%A4%E3%81%AE%E9%96%93%E3%81%AB%E3%81%8B,https://bunpro.jp/ja/grammar_points/%E3%81%84%E3%81%A4%E3%81%AE%E9%96%93%E3%81%AB%E3%81%8B
N2,Leçon 5,Tout commence ou se termine,16/18,一旦,"Once..., Temporarily","Une fois..., Temporairement",https://bunpro.jp/grammar_points/%E4%B8%80%E6%97%A6,https://bunpro.jp/fr/grammar_points/%E4%B8%80%E6%97%A6,https://bunpro.jp/ja/grammar_points/%E4%B8%80%E6%97%A6
N2,Leçon 5,Tout commence ou se termine,17/18,は元より,"Not only but also, Let alone",Non seulement... mais aussi,https://bunpro.jp/grammar_points/%E3%81%AF%E3%82%82%E3%81%A8%E3%82%88%E3%82%8A,https://bunpro.jp/fr/grammar_points/%E3%81%AF%E3%82%82%E3%81%A8%E3%82%88%E3%82%8A,https://bunpro.jp/ja/grammar_points/%E3%81%AF%E3%82%82%E3%81%A8%E3%82%88%E3%82%8A
N2,Leçon 5,Tout commence ou se termine,18/18,そうにない,"Unlikely to, Showing no signs of",Peu probable que,https://bunpro.jp/grammar_points/%E3%81%9D%E3%81%86%E3%81%AB%E3%81%AA%E3%81%84,https://bunpro.jp/fr/grammar_points/%E3%81%9D%E3%81%86%E3%81%AB%E3%81%AA%E3%81%84,https://bunpro.jp/ja/grammar_points/%E3%81%9D%E3%81%86%E3%81%AB%E3%81%AA%E3%81%84
N2,Leçon 6,"Pour et Contre, Avec et Sans",1/20,に反して,"Go against, Contrary to",Aller à l'encontre de,https://bunpro.jp/grammar_points/%E3%81%AB%E5%8F%8D%E3%81%97%E3%81%A6,https://bunpro.jp/fr/grammar_points/%E3%81%AB%E5%8F%8D%E3%81%97%E3%81%A6,https://bunpro.jp/ja/grammar_points/%E3%81%AB%E5%8F%8D%E3%81%97%E3%81%A6
N2,Leçon 6,"Pour et Contre, Avec et Sans",2/20,逆に,On the contrary,Au contraire,https://bunpro.jp/grammar_points/%E9%80%86%E3%81%AB,https://bunpro.jp/fr/grammar_points/%E9%80%86%E3%81%AB,https://bunpro.jp/ja/grammar_points/%E9%80%86%E3%81%AB
N2,Leçon 6,"Pour et Contre, Avec et Sans",3/20,反面,"While, On the other hand","D'un autre côté, Tandis que",https://bunpro.jp/grammar_points/%E5%8F%8D%E9%9D%A2,https://bunpro.jp/fr/grammar_points/%E5%8F%8D%E9%9D%A2,https://bunpro.jp/ja/grammar_points/%E5%8F%8D%E9%9D%A2
N2,Leçon 6,"Pour et Contre, Avec et Sans",4/20,抜く,"Completely, See through, To the end","Jusqu'au bout, Complètement",https://bunpro.jp/grammar_points/%E6%8A%9C%E3%81%8F,https://bunpro.jp/fr/grammar_points/%E6%8A%9C%E3%81%8F,https://bunpro.jp/ja/grammar_points/%E6%8A%9C%E3%81%8F
N2,Leçon 6,"Pour et Contre, Avec et Sans",5/20,抜きで,"Without, Unless","Sans, À moins de",https://bunpro.jp/grammar_points/%E6%8A%9C%E3%81%8D%E3%81%A7,https://bunpro.jp/fr/grammar_points/%E6%8A%9C%E3%81%8D%E3%81%A7,https://bunpro.jp/ja/grammar_points/%E6%8A%9C%E3%81%8D%E3%81%A7
N2,Leçon 6,"Pour et Contre, Avec et Sans",6/20,愈々,"At last, Finally, More and more","Enfin, Finalement",https://bunpro.jp/grammar_points/%E3%81%84%E3%82%88%E3%81%84%E3%82%88,https://bunpro.jp/fr/grammar_points/%E3%81%84%E3%82%88%E3%81%84%E3%82%88,https://bunpro.jp/ja/grammar_points/%E3%81%84%E3%82%88%E3%81%84%E3%82%88
N2,Leçon 6,"Pour et Contre, Avec et Sans",7/20,ずに済む,"Get by without, To get away with",S'en sortir sans faire,https://bunpro.jp/grammar_points/%E3%81%9A%E3%81%AB%E6%B8%88%E3%82%80,https://bunpro.jp/fr/grammar_points/%E3%81%9A%E3%81%AB%E6%B8%88%E3%82%80,https://bunpro.jp/ja/grammar_points/%E3%81%9A%E3%81%AB%E6%B8%88%E3%82%80
N2,Leçon 6,"Pour et Contre, Avec et Sans",8/20,に応じて,"Depending on, In response to","En fonction de, En réponse à",https://bunpro.jp/grammar_points/%E3%81%AB%E5%BF%9C%E3%81%98%E3%81%A6,https://bunpro.jp/fr/grammar_points/%E3%81%AB%E5%BF%9C%E3%81%98%E3%81%A6,https://bunpro.jp/ja/grammar_points/%E3%81%AB%E5%BF%9C%E3%81%98%E3%81%A6
N2,Leçon 6,"Pour et Contre, Avec et Sans",9/20,を通じて,"Through, Via, Throughout","À travers, Via",https://bunpro.jp/grammar_points/%E3%82%92%E9%80%9A%E3%81%98%E3%81%A6-%E3%82%92%E9%80%9A%E3%81%97%E3%81%A6,https://bunpro.jp/fr/grammar_points/%E3%82%92%E9%80%9A%E3%81%98%E3%81%A6-%E3%82%92%E9%80%9A%E3%81%97%E3%81%A6,https://bunpro.jp/ja/grammar_points/%E3%82%92%E9%80%9A%E3%81%98%E3%81%A6-%E3%82%92%E9%80%9A%E3%81%97%E3%81%A6
N2,Leçon 6,"Pour et Contre, Avec et Sans",10/20,に応えて,"In response to, Meet",En réponse à,https://bunpro.jp/grammar_points/%E3%81%AB%E5%BF%9C%E3%81%88%E3%81%A6,https://bunpro.jp/fr/grammar_points/%E3%81%AB%E5%BF%9C%E3%81%88%E3%81%A6,https://bunpro.jp/ja/grammar_points/%E3%81%AB%E5%BF%9C%E3%81%88%E3%81%A6
N2,Leçon 6,"Pour et Contre, Avec et Sans",11/20,それとも,"Or, Or else, Rather","Ou bien, Ou plutôt",https://bunpro.jp/grammar_points/%E3%81%9D%E3%82%8C%E3%81%A8%E3%82%82,https://bunpro.jp/fr/grammar_points/%E3%81%9D%E3%82%8C%E3%81%A8%E3%82%82,https://bunpro.jp/ja/grammar_points/%E3%81%9D%E3%82%8C%E3%81%A8%E3%82%82
N2,Leçon 6,"Pour et Contre, Avec et Sans",12/20,にしたら,From the point of view of,Du point de vue de,https://bunpro.jp/grammar_points/%E3%81%AB%E3%81%97%E3%81%9F%E3%82%89,https://bunpro.jp/fr/grammar_points/%E3%81%AB%E3%81%97%E3%81%9F%E3%82%89,https://bunpro.jp/ja/grammar_points/%E3%81%AB%E3%81%97%E3%81%9F%E3%82%89
N2,Leçon 6,"Pour et Contre, Avec et Sans",13/20,にしても～にしても,Regardless of whether,Que ce soit ~ ou ~,https://bunpro.jp/grammar_points/%E3%81%AB%E3%81%97%E3%81%A6%E3%82%82-%E3%81%AB%E3%81%97%E3%81%A6%E3%82%82,https://bunpro.jp/fr/grammar_points/%E3%81%AB%E3%81%97%E3%81%A6%E3%82%82-%E3%81%AB%E3%81%97%E3%81%A6%E3%82%82,https://bunpro.jp/ja/grammar_points/%E3%81%AB%E3%81%97%E3%81%A6%E3%82%82-%E3%81%AB%E3%81%97%E3%81%A6%E3%82%82
N2,Leçon 6,"Pour et Contre, Avec et Sans",14/20,としては,"As a, For a","En tant que, Pour",https://bunpro.jp/grammar_points/%E3%81%A8%E3%81%97%E3%81%A6%E3%81%AF,https://bunpro.jp/fr/grammar_points/%E3%81%A8%E3%81%97%E3%81%A6%E3%81%AF,https://bunpro.jp/ja/grammar_points/%E3%81%A8%E3%81%97%E3%81%A6%E3%81%AF
N2,Leçon 6,"Pour et Contre, Avec et Sans",15/20,としても,"Even if (assuming), Also as",Même si l'on suppose que,https://bunpro.jp/grammar_points/%E3%81%A8%E3%81%97%E3%81%A6%E3%82%82,https://bunpro.jp/fr/grammar_points/%E3%81%A8%E3%81%97%E3%81%A6%E3%82%82,https://bunpro.jp/ja/grammar_points/%E3%81%A8%E3%81%97%E3%81%A6%E3%82%82
N2,Leçon 6,"Pour et Contre, Avec et Sans",16/20,それにしても,"Nevertheless, Even so","Néanmoins, Quand même",https://bunpro.jp/grammar_points/%E3%81%9D%E3%82%8C%E3%81%AB%E3%81%97%E3%81%A6%E3%82%82,https://bunpro.jp/fr/grammar_points/%E3%81%9D%E3%82%8C%E3%81%AB%E3%81%97%E3%81%A6%E3%82%82,https://bunpro.jp/ja/grammar_points/%E3%81%9D%E3%82%8C%E3%81%AB%E3%81%97%E3%81%A6%E3%82%82
N2,Leçon 6,"Pour et Contre, Avec et Sans",17/20,ぬ,Classical negative (ない),Négatif classique,https://bunpro.jp/grammar_points/%E3%81%AC,https://bunpro.jp/fr/grammar_points/%E3%81%AC,https://bunpro.jp/ja/grammar_points/%E3%81%AC
N2,Leçon 6,"Pour et Contre, Avec et Sans",18/20,事無く,Without ~ing,Sans ~,https://bunpro.jp/grammar_points/%E3%81%93%E3%81%A8%E3%81%AA%E3%81%8F,https://bunpro.jp/fr/grammar_points/%E3%81%93%E3%81%A8%E3%81%AA%E3%81%8F,https://bunpro.jp/ja/grammar_points/%E3%81%93%E3%81%A8%E3%81%AA%E3%81%8F
N2,Leçon 6,"Pour et Contre, Avec et Sans",19/20,にて,"In, At, With, By","Dans, À, Avec, Par",https://bunpro.jp/grammar_points/%E3%81%AB%E3%81%A6,https://bunpro.jp/fr/grammar_points/%E3%81%AB%E3%81%A6,https://bunpro.jp/ja/grammar_points/%E3%81%AB%E3%81%A6
N2,Leçon 6,"Pour et Contre, Avec et Sans",20/20,には,"In order to, In regard to","Pour, À cet égard",https://bunpro.jp/grammar_points/%E3%81%AB%E3%81%AF,https://bunpro.jp/fr/grammar_points/%E3%81%AB%E3%81%AF,https://bunpro.jp/ja/grammar_points/%E3%81%AB%E3%81%AF
N2,Leçon 7,Pensées et Expressions,1/23,思う様に,"As one hopes, As desired",Comme on l'espère,https://bunpro.jp/grammar_points/%E6%80%9D%E3%81%86%E3%82%88%E3%81%86%E3%81%AB,https://bunpro.jp/fr/grammar_points/%E6%80%9D%E3%81%86%E3%82%88%E3%81%86%E3%81%AB,https://bunpro.jp/ja/grammar_points/%E6%80%9D%E3%81%86%E3%82%88%E3%81%86%E3%81%AB
N2,Leçon 7,Pensées et Expressions,2/23,かと思うと,"Then again, Just when I thought",Alors justement,https://bunpro.jp/grammar_points/%E3%81%8B%E3%81%A8%E6%80%9D%E3%81%A3%E3%81%9F%E3%82%89-%E3%81%8B%E3%81%A8%E6%80%9D%E3%81%86%E3%81%A8,https://bunpro.jp/fr/grammar_points/%E3%81%8B%E3%81%A8%E6%80%9D%E3%81%A3%E3%81%9F%E3%82%89-%E3%81%8B%E3%81%A8%E6%80%9D%E3%81%86%E3%81%A8,https://bunpro.jp/ja/grammar_points/%E3%81%8B%E3%81%A8%E6%80%9D%E3%81%A3%E3%81%9F%E3%82%89-%E3%81%8B%E3%81%A8%E6%80%9D%E3%81%86%E3%81%A8
N2,Leçon 7,Pensées et Expressions,3/23,～ばと思います,I would appreciate it if,J'apprécierais si,https://bunpro.jp/grammar_points/%EF%BD%9E%E3%81%B0%E3%81%A8%E6%80%9D%E3%81%84%E3%81%BE%E3%81%99,https://bunpro.jp/fr/grammar_points/%EF%BD%9E%E3%81%B0%E3%81%A8%E6%80%9D%E3%81%84%E3%81%BE%E3%81%99,https://bunpro.jp/ja/grammar_points/%EF%BD%9E%E3%81%B0%E3%81%A8%E6%80%9D%E3%81%84%E3%81%BE%E3%81%99
N2,Leçon 7,Pensées et Expressions,4/23,というものでもない,"Not necessarily, No guarantee",Pas nécessairement,https://bunpro.jp/grammar_points/%E3%81%A8%E3%81%84%E3%81%86%E3%82%82%E3%81%AE%E3%81%A7%E3%82%82%E3%81%AA%E3%81%84,https://bunpro.jp/fr/grammar_points/%E3%81%A8%E3%81%84%E3%81%86%E3%82%82%E3%81%AE%E3%81%A7%E3%82%82%E3%81%AA%E3%81%84,https://bunpro.jp/ja/grammar_points/%E3%81%A8%E3%81%84%E3%81%86%E3%82%82%E3%81%AE%E3%81%A7%E3%82%82%E3%81%AA%E3%81%84
N2,Leçon 7,Pensées et Expressions,5/23,と考えられる,"Can be considered as, Is thought to be",Peut être considéré comme,https://bunpro.jp/grammar_points/%E3%81%A8%E8%80%83%E3%81%88%E3%82%89%E3%82%8C%E3%82%8B,https://bunpro.jp/fr/grammar_points/%E3%81%A8%E8%80%83%E3%81%88%E3%82%89%E3%82%8C%E3%82%8B,https://bunpro.jp/ja/grammar_points/%E3%81%A8%E8%80%83%E3%81%88%E3%82%89%E3%82%8C%E3%82%8B
N2,Leçon 7,Pensées et Expressions,6/23,という点から考えると,From the standpoint of,Du point de vue de,https://bunpro.jp/grammar_points/%E3%81%A8%E3%81%84%E3%81%86%E7%82%B9%E3%81%8B%E3%82%89%E8%80%83%E3%81%88%E3%82%8B%E3%81%A8,https://bunpro.jp/fr/grammar_points/%E3%81%A8%E3%81%84%E3%81%86%E7%82%B9%E3%81%8B%E3%82%89%E8%80%83%E3%81%88%E3%82%8B%E3%81%A8,https://bunpro.jp/ja/grammar_points/%E3%81%A8%E3%81%84%E3%81%86%E7%82%B9%E3%81%8B%E3%82%89%E8%80%83%E3%81%88%E3%82%8B%E3%81%A8
N2,Leçon 7,Pensées et Expressions,7/23,ということは,"That means, That is to say","Ça signifie que, C'est-à-dire",https://bunpro.jp/grammar_points/%E3%81%A8%E3%81%84%E3%81%86%E3%81%93%E3%81%A8%E3%81%AF,https://bunpro.jp/fr/grammar_points/%E3%81%A8%E3%81%84%E3%81%86%E3%81%93%E3%81%A8%E3%81%AF,https://bunpro.jp/ja/grammar_points/%E3%81%A8%E3%81%84%E3%81%86%E3%81%93%E3%81%A8%E3%81%AF
N2,Leçon 7,Pensées et Expressions,8/23,風に,"~way, In a way that suggests",De façon ~,https://bunpro.jp/grammar_points/%E3%81%B5%E3%81%86%E3%81%AB,https://bunpro.jp/fr/grammar_points/%E3%81%B5%E3%81%86%E3%81%AB,https://bunpro.jp/ja/grammar_points/%E3%81%B5%E3%81%86%E3%81%AB
N2,Leçon 7,Pensées et Expressions,9/23,という風に,"As if to say, As if to suggest",Comme pour dire,https://bunpro.jp/grammar_points/%E3%81%A8%E3%81%84%E3%81%86%E9%A2%A8%E3%81%AB,https://bunpro.jp/fr/grammar_points/%E3%81%A8%E3%81%84%E3%81%86%E9%A2%A8%E3%81%AB,https://bunpro.jp/ja/grammar_points/%E3%81%A8%E3%81%84%E3%81%86%E9%A2%A8%E3%81%AB
N2,Leçon 7,Pensées et Expressions,10/23,ものの,"Although, But, Even Though","Bien que, Malgré",https://bunpro.jp/grammar_points/%E3%82%82%E3%81%AE%E3%81%AE,https://bunpro.jp/fr/grammar_points/%E3%82%82%E3%81%AE%E3%81%AE,https://bunpro.jp/ja/grammar_points/%E3%82%82%E3%81%AE%E3%81%AE
N2,Leçon 7,Pensées et Expressions,11/23,というものだ,"Speaker's impression, Criticism","Impression, Critique ou conclusion",https://bunpro.jp/grammar_points/%E3%81%A8%E3%81%84%E3%81%86%E3%82%82%E3%81%AE%E3%81%A0,https://bunpro.jp/fr/grammar_points/%E3%81%A8%E3%81%84%E3%81%86%E3%82%82%E3%81%AE%E3%81%A0,https://bunpro.jp/ja/grammar_points/%E3%81%A8%E3%81%84%E3%81%86%E3%82%82%E3%81%AE%E3%81%A0
N2,Leçon 7,Pensées et Expressions,12/23,から見ると,From the point of view of,Du point de vue de,https://bunpro.jp/grammar_points/%E3%81%8B%E3%82%89%E8%A6%8B%E3%82%8B%E3%81%A8,https://bunpro.jp/fr/grammar_points/%E3%81%8B%E3%82%89%E8%A6%8B%E3%82%8B%E3%81%A8,https://bunpro.jp/ja/grammar_points/%E3%81%8B%E3%82%89%E8%A6%8B%E3%82%8B%E3%81%A8
N2,Leçon 7,Pensées et Expressions,13/23,ところを見ると,"Judging from, Seeing that",À en juger par,https://bunpro.jp/grammar_points/%E3%81%A8%E3%81%93%E3%82%8D%E3%82%92%E8%A6%8B%E3%82%8B%E3%81%A8,https://bunpro.jp/fr/grammar_points/%E3%81%A8%E3%81%93%E3%82%8D%E3%82%92%E8%A6%8B%E3%82%8B%E3%81%A8,https://bunpro.jp/ja/grammar_points/%E3%81%A8%E3%81%93%E3%82%8D%E3%82%92%E8%A6%8B%E3%82%8B%E3%81%A8
N2,Leçon 7,Pensées et Expressions,14/23,からすると,"Judging from, Considering",À en juger par,https://bunpro.jp/grammar_points/%E3%81%8B%E3%82%89%E3%81%99%E3%82%8B%E3%81%A8-%E3%81%8B%E3%82%89%E3%81%99%E3%82%8C%E3%81%B0,https://bunpro.jp/fr/grammar_points/%E3%81%8B%E3%82%89%E3%81%99%E3%82%8B%E3%81%A8-%E3%81%8B%E3%82%89%E3%81%99%E3%82%8C%E3%81%B0,https://bunpro.jp/ja/grammar_points/%E3%81%8B%E3%82%89%E3%81%99%E3%82%8B%E3%81%A8-%E3%81%8B%E3%82%89%E3%81%99%E3%82%8C%E3%81%B0
N2,Leçon 7,Pensées et Expressions,15/23,からして,"Even..., Judging from","Même ~, À en juger par",https://bunpro.jp/grammar_points/%E3%81%8B%E3%82%89%E3%81%97%E3%81%A6,https://bunpro.jp/fr/grammar_points/%E3%81%8B%E3%82%89%E3%81%97%E3%81%A6,https://bunpro.jp/ja/grammar_points/%E3%81%8B%E3%82%89%E3%81%97%E3%81%A6
N2,Leçon 7,Pensées et Expressions,16/23,からといって,Just because,Juste parce que,https://bunpro.jp/grammar_points/%E3%81%8B%E3%82%89%E3%81%A8%E3%81%84%E3%81%A3%E3%81%A6,https://bunpro.jp/fr/grammar_points/%E3%81%8B%E3%82%89%E3%81%A8%E3%81%84%E3%81%A3%E3%81%A6,https://bunpro.jp/ja/grammar_points/%E3%81%8B%E3%82%89%E3%81%A8%E3%81%84%E3%81%A3%E3%81%A6
N2,Leçon 7,Pensées et Expressions,17/23,そういえば,"Speaking of which, Come to think of it","En parlant de ça, Au fait",https://bunpro.jp/grammar_points/%E3%81%9D%E3%81%86%E3%81%84%E3%81%88%E3%81%B0,https://bunpro.jp/fr/grammar_points/%E3%81%9D%E3%81%86%E3%81%84%E3%81%88%E3%81%B0,https://bunpro.jp/ja/grammar_points/%E3%81%9D%E3%81%86%E3%81%84%E3%81%88%E3%81%B0
N2,Leçon 7,Pensées et Expressions,18/23,お～願う,"Please, Could you please","S'il vous plaît, Pourriez-vous",https://bunpro.jp/grammar_points/%E3%81%8A-%E9%A1%98%E3%81%86,https://bunpro.jp/fr/grammar_points/%E3%81%8A-%E9%A1%98%E3%81%86,https://bunpro.jp/ja/grammar_points/%E3%81%8A-%E9%A1%98%E3%81%86
N2,Leçon 7,Pensées et Expressions,19/23,～て頂戴,Please do,S'il te plaît fais,https://bunpro.jp/grammar_points/%E3%81%A6%E9%A0%82%E6%88%B4,https://bunpro.jp/fr/grammar_points/%E3%81%A6%E9%A0%82%E6%88%B4,https://bunpro.jp/ja/grammar_points/%E3%81%A6%E9%A0%82%E6%88%B4
N2,Leçon 7,Pensées et Expressions,20/23,とか,"I heard that, They said...","J'ai entendu que, Il paraît",https://bunpro.jp/grammar_points/%E3%81%A8%E3%81%8B,https://bunpro.jp/fr/grammar_points/%E3%81%A8%E3%81%8B,https://bunpro.jp/ja/grammar_points/%E3%81%A8%E3%81%8B
N2,Leçon 7,Pensées et Expressions,21/23,う・よう + ではないか,"Let's do, Why don't we",Et si nous ~,https://bunpro.jp/grammar_points/%E3%82%88%E3%81%86%E3%81%A7%E3%81%AF%E3%81%AA%E3%81%84%E3%81%8B,https://bunpro.jp/fr/grammar_points/%E3%82%88%E3%81%86%E3%81%A7%E3%81%AF%E3%81%AA%E3%81%84%E3%81%8B,https://bunpro.jp/ja/grammar_points/%E3%82%88%E3%81%86%E3%81%A7%E3%81%AF%E3%81%AA%E3%81%84%E3%81%8B
N2,Leçon 7,Pensées et Expressions,22/23,かの様だ,"As if, Just like","Comme si, Tout comme",https://bunpro.jp/grammar_points/%E3%81%8B%E3%81%AE%E3%82%88%E3%81%86%E3%81%A0,https://bunpro.jp/fr/grammar_points/%E3%81%8B%E3%81%AE%E3%82%88%E3%81%86%E3%81%A0,https://bunpro.jp/ja/grammar_points/%E3%81%8B%E3%81%AE%E3%82%88%E3%81%86%E3%81%A0
N2,Leçon 7,Pensées et Expressions,23/23,のではないでしょうか,I think... isn't it?,Je pense que... n'est-ce pas ?,https://bunpro.jp/grammar_points/%E3%81%AE%E3%81%A7%E3%81%AF%E3%81%AA%E3%81%84%E3%81%A0%E3%82%8D%E3%81%86%E3%81%8B,https://bunpro.jp/fr/grammar_points/%E3%81%AE%E3%81%A7%E3%81%AF%E3%81%AA%E3%81%84%E3%81%A0%E3%82%8D%E3%81%86%E3%81%8B,https://bunpro.jp/ja/grammar_points/%E3%81%AE%E3%81%A7%E3%81%AF%E3%81%AA%E3%81%84%E3%81%A0%E3%82%8D%E3%81%86%E3%81%8B
N2,Leçon 8,C'est comme ça et pas autrement,1/23,～て当然だ,"Natural, As a matter of course","Naturel, Il va de soi",https://bunpro.jp/grammar_points/%E3%81%A6%E5%BD%93%E7%84%B6%E3%81%A0,https://bunpro.jp/fr/grammar_points/%E3%81%A6%E5%BD%93%E7%84%B6%E3%81%A0,https://bunpro.jp/ja/grammar_points/%E3%81%A6%E5%BD%93%E7%84%B6%E3%81%A0
N2,Leçon 8,C'est comme ça et pas autrement,2/23,のも当然だ,It is only natural that,C'est tout à fait naturel que,https://bunpro.jp/grammar_points/%E3%81%AE%E3%82%82%E5%BD%93%E7%84%B6%E3%81%A0,https://bunpro.jp/fr/grammar_points/%E3%81%AE%E3%82%82%E5%BD%93%E7%84%B6%E3%81%A0,https://bunpro.jp/ja/grammar_points/%E3%81%AE%E3%82%82%E5%BD%93%E7%84%B6%E3%81%A0
N2,Leçon 8,C'est comme ça et pas autrement,3/23,たったの,"Only, Just, No more than","Seulement, Juste",https://bunpro.jp/grammar_points/%E3%81%9F%E3%81%A3%E3%81%9F-%E3%81%AE,https://bunpro.jp/fr/grammar_points/%E3%81%9F%E3%81%A3%E3%81%9F-%E3%81%AE,https://bunpro.jp/ja/grammar_points/%E3%81%9F%E3%81%A3%E3%81%9F-%E3%81%AE
N2,Leçon 8,C'est comme ça et pas autrement,4/23,恐れがある,"There is a risk, Possibility of",Il y a un risque que,https://bunpro.jp/grammar_points/%E6%81%90%E3%82%8C%E3%81%8C%E3%81%82%E3%82%8B,https://bunpro.jp/fr/grammar_points/%E6%81%90%E3%82%8C%E3%81%8C%E3%81%82%E3%82%8B,https://bunpro.jp/ja/grammar_points/%E6%81%90%E3%82%8C%E3%81%8C%E3%81%82%E3%82%8B
N2,Leçon 8,C'est comme ça et pas autrement,5/23,恐らく,"Probably, Perhaps, (Most) likely",Probablement,https://bunpro.jp/grammar_points/%E3%81%8A%E3%81%9D%E3%82%89%E3%81%8F,https://bunpro.jp/fr/grammar_points/%E3%81%8A%E3%81%9D%E3%82%89%E3%81%8F,https://bunpro.jp/ja/grammar_points/%E3%81%8A%E3%81%9D%E3%82%89%E3%81%8F
N2,Leçon 8,C'est comme ça et pas autrement,6/23,ものか,"Definitely not, Absolutely not","Absolument pas, Hors de question",https://bunpro.jp/grammar_points/%E3%82%82%E3%81%AE%E3%81%8B,https://bunpro.jp/fr/grammar_points/%E3%82%82%E3%81%AE%E3%81%8B,https://bunpro.jp/ja/grammar_points/%E3%82%82%E3%81%AE%E3%81%8B
N2,Leçon 8,C'est comme ça et pas autrement,7/23,お負けに,"In addition, To make matters worse","De plus, Par-dessus le marché",https://bunpro.jp/grammar_points/%E3%81%8A%E3%81%BE%E3%81%91%E3%81%AB,https://bunpro.jp/fr/grammar_points/%E3%81%8A%E3%81%BE%E3%81%91%E3%81%AB,https://bunpro.jp/ja/grammar_points/%E3%81%8A%E3%81%BE%E3%81%91%E3%81%AB
N2,Leçon 8,C'est comme ça et pas autrement,8/23,に決まっている,"Surely, Bound to, Certainly","À coup sûr, Certainement",https://bunpro.jp/grammar_points/%E3%81%AB%E6%B1%BA%E3%81%BE%E3%81%A3%E3%81%A6%E3%81%84%E3%82%8B,https://bunpro.jp/fr/grammar_points/%E3%81%AB%E6%B1%BA%E3%81%BE%E3%81%A3%E3%81%A6%E3%81%84%E3%82%8B,https://bunpro.jp/ja/grammar_points/%E3%81%AB%E6%B1%BA%E3%81%BE%E3%81%A3%E3%81%A6%E3%81%84%E3%82%8B
N2,Leçon 8,C'est comme ça et pas autrement,9/23,ことになっている,"To be expected to, Scheduled to","Il est prévu que, Il est censé",https://bunpro.jp/grammar_points/%E3%81%93%E3%81%A8%E3%81%AB%E3%81%AA%E3%81%A3%E3%81%A6%E3%81%84%E3%82%8B,https://bunpro.jp/fr/grammar_points/%E3%81%93%E3%81%A8%E3%81%AB%E3%81%AA%E3%81%A3%E3%81%A6%E3%81%84%E3%82%8B,https://bunpro.jp/ja/grammar_points/%E3%81%93%E3%81%A8%E3%81%AB%E3%81%AA%E3%81%A3%E3%81%A6%E3%81%84%E3%82%8B
N2,Leçon 8,C'est comme ça et pas autrement,10/23,気,"Feel like ~, Spirit","Avoir envie de ~, Esprit",https://bunpro.jp/grammar_points/%E6%B0%97,https://bunpro.jp/fr/grammar_points/%E6%B0%97,https://bunpro.jp/ja/grammar_points/%E6%B0%97
N2,Leçon 8,C'est comme ça et pas autrement,11/23,気（げ）,"Seemingly, Giving appearance of","Semblant, Apparence de",https://bunpro.jp/grammar_points/%E3%81%92,https://bunpro.jp/fr/grammar_points/%E3%81%92,https://bunpro.jp/ja/grammar_points/%E3%81%92
N2,Leçon 8,C'est comme ça et pas autrement,12/23,ことだから,It is exactly because,C'est exactement parce que,https://bunpro.jp/grammar_points/%E3%81%93%E3%81%A8%E3%81%A0%E3%81%8B%E3%82%89,https://bunpro.jp/fr/grammar_points/%E3%81%93%E3%81%A8%E3%81%A0%E3%81%8B%E3%82%89,https://bunpro.jp/ja/grammar_points/%E3%81%93%E3%81%A8%E3%81%A0%E3%81%8B%E3%82%89
N2,Leçon 8,C'est comme ça et pas autrement,13/23,ものだから,"Because, The reason is","Parce que, La raison est",https://bunpro.jp/grammar_points/%E3%82%82%E3%81%AE%E3%81%A0%E3%81%8B%E3%82%89,https://bunpro.jp/fr/grammar_points/%E3%82%82%E3%81%AE%E3%81%A0%E3%81%8B%E3%82%89,https://bunpro.jp/ja/grammar_points/%E3%82%82%E3%81%AE%E3%81%A0%E3%81%8B%E3%82%89
N2,Leçon 8,C'est comme ça et pas autrement,14/23,ものですから,"Because, My excuse is","Parce que, Mon excuse est",https://bunpro.jp/grammar_points/%E3%82%82%E3%81%AE%E3%81%A7%E3%81%99%E3%81%8B%E3%82%89-%E3%82%82%E3%81%AE%E3%81%A7,https://bunpro.jp/fr/grammar_points/%E3%82%82%E3%81%AE%E3%81%A7%E3%81%99%E3%81%8B%E3%82%89-%E3%82%82%E3%81%AE%E3%81%A7,https://bunpro.jp/ja/grammar_points/%E3%82%82%E3%81%AE%E3%81%A7%E3%81%99%E3%81%8B%E3%82%89-%E3%82%82%E3%81%AE%E3%81%A7
N2,Leçon 8,C'est comme ça et pas autrement,15/23,ものがある,"Feel strongly that, There is something",Fortement convaincu que,https://bunpro.jp/grammar_points/%E3%82%82%E3%81%AE%E3%81%8C%E3%81%82%E3%82%8B,https://bunpro.jp/fr/grammar_points/%E3%82%82%E3%81%AE%E3%81%8C%E3%81%82%E3%82%8B,https://bunpro.jp/ja/grammar_points/%E3%82%82%E3%81%AE%E3%81%8C%E3%81%82%E3%82%8B
N2,Leçon 8,C'est comme ça et pas autrement,16/23,傾向がある,"Tendency, Trend, Inclination","Tendance, Avoir tendance à",https://bunpro.jp/grammar_points/%E5%82%BE%E5%90%91%E3%81%8C%E3%81%82%E3%82%8B,https://bunpro.jp/fr/grammar_points/%E5%82%BE%E5%90%91%E3%81%8C%E3%81%82%E3%82%8B,https://bunpro.jp/ja/grammar_points/%E5%82%BE%E5%90%91%E3%81%8C%E3%81%82%E3%82%8B
N2,Leçon 8,C'est comme ça et pas autrement,17/23,に値する,"Be worthy of, Deserving of","Digne de, Mérite",https://bunpro.jp/grammar_points/%E3%81%AB%E5%80%A4%E3%81%99%E3%82%8B,https://bunpro.jp/fr/grammar_points/%E3%81%AB%E5%80%A4%E3%81%99%E3%82%8B,https://bunpro.jp/ja/grammar_points/%E3%81%AB%E5%80%A4%E3%81%99%E3%82%8B
N2,Leçon 8,C'est comme ça et pas autrement,18/23,てしょうがない,"Extremely, Very, It can't be helped","Extrêmement, Vraiment",https://bunpro.jp/grammar_points/%E3%81%A6%E3%81%97%E3%82%87%E3%81%86%E3%81%8C%E3%81%AA%E3%81%84,https://bunpro.jp/fr/grammar_points/%E3%81%A6%E3%81%97%E3%82%87%E3%81%86%E3%81%8C%E3%81%AA%E3%81%84,https://bunpro.jp/ja/grammar_points/%E3%81%A6%E3%81%97%E3%82%87%E3%81%86%E3%81%8C%E3%81%AA%E3%81%84
N2,Leçon 8,C'est comme ça et pas autrement,19/23,だけましだ,"At least, It's better than...","Au moins, Mieux vaut ça",https://bunpro.jp/grammar_points/%E3%81%A0%E3%81%91%E3%81%BE%E3%81%97%E3%81%A0,https://bunpro.jp/fr/grammar_points/%E3%81%A0%E3%81%91%E3%81%BE%E3%81%97%E3%81%A0,https://bunpro.jp/ja/grammar_points/%E3%81%A0%E3%81%91%E3%81%BE%E3%81%97%E3%81%A0
N2,Leçon 8,C'est comme ça et pas autrement,20/23,幸いなことに,"Luckily, Fortunately","Heureusement, Par chance",https://bunpro.jp/grammar_points/%E5%B9%B8%E3%81%84-%E5%B9%B8%E3%81%84%E3%81%AA%E3%81%93%E3%81%A8%E3%81%AB,https://bunpro.jp/fr/grammar_points/%E5%B9%B8%E3%81%84-%E5%B9%B8%E3%81%84%E3%81%AA%E3%81%93%E3%81%A8%E3%81%AB,https://bunpro.jp/ja/grammar_points/%E5%B9%B8%E3%81%84-%E5%B9%B8%E3%81%84%E3%81%AA%E3%81%93%E3%81%A8%E3%81%AB
N2,Leçon 8,C'est comme ça et pas autrement,21/23,様では,"If, If it is true that","Si, Si c'est vrai que",https://bunpro.jp/grammar_points/%E3%82%88%E3%81%86%E3%81%A7%E3%81%AF-%E3%82%88%E3%81%86%E3%81%98%E3%82%83,https://bunpro.jp/fr/grammar_points/%E3%82%88%E3%81%86%E3%81%A7%E3%81%AF-%E3%82%88%E3%81%86%E3%81%98%E3%82%83,https://bunpro.jp/ja/grammar_points/%E3%82%88%E3%81%86%E3%81%A7%E3%81%AF-%E3%82%88%E3%81%86%E3%81%98%E3%82%83
N2,Leçon 8,C'est comme ça et pas autrement,22/23,流石,"As one would expect, Only natural",Comme on pouvait s'y attendre,https://bunpro.jp/grammar_points/%E3%81%95%E3%81%99%E3%81%8C,https://bunpro.jp/fr/grammar_points/%E3%81%95%E3%81%99%E3%81%8C,https://bunpro.jp/ja/grammar_points/%E3%81%95%E3%81%99%E3%81%8C
N2,Leçon 8,C'est comme ça et pas autrement,23/23,ことは～が,"It is true...but, Although",C'est vrai que... mais,https://bunpro.jp/grammar_points/%E3%81%93%E3%81%A8%E3%81%AF-%E3%81%8C,https://bunpro.jp/fr/grammar_points/%E3%81%93%E3%81%A8%E3%81%AF-%E3%81%8C,https://bunpro.jp/ja/grammar_points/%E3%81%93%E3%81%A8%E3%81%AF-%E3%81%8C
N2,Leçon 9,Étendues et Intervalles,1/26,更に,"Even more, Again, More and more","Encore plus, De plus en plus",https://bunpro.jp/grammar_points/%E3%81%95%E3%82%89%E3%81%AB,https://bunpro.jp/fr/grammar_points/%E3%81%95%E3%82%89%E3%81%AB,https://bunpro.jp/ja/grammar_points/%E3%81%95%E3%82%89%E3%81%AB
N2,Leçon 9,Étendues et Intervalles,2/26,精々,"(At) most, (At) best, Barely","Au plus, Tout au plus",https://bunpro.jp/grammar_points/%E7%B2%BE%E3%80%85,https://bunpro.jp/fr/grammar_points/%E7%B2%BE%E3%80%85,https://bunpro.jp/ja/grammar_points/%E7%B2%BE%E3%80%85
N2,Leçon 9,Étendues et Intervalles,3/26,僅かに,"Only, Slightly, A little","Seulement, Légèrement",https://bunpro.jp/grammar_points/%E5%83%85%E3%81%8B%E3%81%AB,https://bunpro.jp/fr/grammar_points/%E5%83%85%E3%81%8B%E3%81%AB,https://bunpro.jp/ja/grammar_points/%E5%83%85%E3%81%8B%E3%81%AB
N2,Leçon 9,Étendues et Intervalles,4/26,弱（じゃく）,"Just less than, Slightly less than",Légèrement moins que,https://bunpro.jp/grammar_points/%E5%BC%B1,https://bunpro.jp/fr/grammar_points/%E5%BC%B1,https://bunpro.jp/ja/grammar_points/%E5%BC%B1
N2,Leçon 9,Étendues et Intervalles,5/26,強（きょう）,"Just more than, Slightly more than",Légèrement plus que,https://bunpro.jp/grammar_points/%E5%BC%B7,https://bunpro.jp/fr/grammar_points/%E5%BC%B7,https://bunpro.jp/ja/grammar_points/%E5%BC%B7
N2,Leçon 9,Étendues et Intervalles,6/26,及び,"And, As well as","Et, Ainsi que",https://bunpro.jp/grammar_points/%E3%81%8A%E3%82%88%E3%81%B3,https://bunpro.jp/fr/grammar_points/%E3%81%8A%E3%82%88%E3%81%B3,https://bunpro.jp/ja/grammar_points/%E3%81%8A%E3%82%88%E3%81%B3
N2,Leçon 9,Étendues et Intervalles,7/26,忽ち,"Immediately, Suddenly, In a moment","Immédiatement, Soudainement",https://bunpro.jp/grammar_points/%E3%81%9F%E3%81%A1%E3%81%BE%E3%81%A1,https://bunpro.jp/fr/grammar_points/%E3%81%9F%E3%81%A1%E3%81%BE%E3%81%A1,https://bunpro.jp/ja/grammar_points/%E3%81%9F%E3%81%A1%E3%81%BE%E3%81%A1
N2,Leçon 9,Étendues et Intervalles,8/26,いきなり,"Suddenly, All of a sudden","Soudainement, Sans prévenir",https://bunpro.jp/grammar_points/%E3%81%84%E3%81%8D%E3%81%AA%E3%82%8A,https://bunpro.jp/fr/grammar_points/%E3%81%84%E3%81%8D%E3%81%AA%E3%82%8A,https://bunpro.jp/ja/grammar_points/%E3%81%84%E3%81%8D%E3%81%AA%E3%82%8A
N2,Leçon 9,Étendues et Intervalles,9/26,といった,"Such as, Like","Tel que, Comme",https://bunpro.jp/grammar_points/%E3%81%A8%E3%81%84%E3%81%A3%E3%81%9F,https://bunpro.jp/fr/grammar_points/%E3%81%A8%E3%81%84%E3%81%A3%E3%81%9F,https://bunpro.jp/ja/grammar_points/%E3%81%A8%E3%81%84%E3%81%A3%E3%81%9F
N2,Leçon 9,Étendues et Intervalles,10/26,を込めて,"Full of, Filled with","Plein de, Rempli de",https://bunpro.jp/grammar_points/%E3%82%92%E8%BE%BC%E3%82%81%E3%81%A6,https://bunpro.jp/fr/grammar_points/%E3%82%92%E8%BE%BC%E3%82%81%E3%81%A6,https://bunpro.jp/ja/grammar_points/%E3%82%92%E8%BE%BC%E3%82%81%E3%81%A6
N2,Leçon 9,Étendues et Intervalles,11/26,に加えて,"Not only but also, In addition",Non seulement... mais aussi,https://bunpro.jp/grammar_points/%E3%81%AB%E5%8A%A0%E3%81%88%E3%81%A6,https://bunpro.jp/fr/grammar_points/%E3%81%AB%E5%8A%A0%E3%81%88%E3%81%A6,https://bunpro.jp/ja/grammar_points/%E3%81%AB%E5%8A%A0%E3%81%88%E3%81%A6
N2,Leçon 9,Étendues et Intervalles,12/26,何から何まで,"Everything, From A to Z","Tout, De A à Z",https://bunpro.jp/grammar_points/%E4%BD%95%E3%81%8B%E3%82%89%E4%BD%95%E3%81%BE%E3%81%A7,https://bunpro.jp/fr/grammar_points/%E4%BD%95%E3%81%8B%E3%82%89%E4%BD%95%E3%81%BE%E3%81%A7,https://bunpro.jp/ja/grammar_points/%E4%BD%95%E3%81%8B%E3%82%89%E4%BD%95%E3%81%BE%E3%81%A7
N2,Leçon 9,Étendues et Intervalles,13/26,は別として,"Apart from, (Setting) aside","À part, Mis à part",https://bunpro.jp/grammar_points/%E3%81%AF%E5%88%A5%E3%81%A8%E3%81%97%E3%81%A6,https://bunpro.jp/fr/grammar_points/%E3%81%AF%E5%88%A5%E3%81%A8%E3%81%97%E3%81%A6,https://bunpro.jp/ja/grammar_points/%E3%81%AF%E5%88%A5%E3%81%A8%E3%81%97%E3%81%A6
N2,Leçon 9,Étendues et Intervalles,14/26,だけに,"As expected, All the more","Comme on s'y attendait, D'autant plus",https://bunpro.jp/grammar_points/%E3%81%A0%E3%81%91%E3%81%AB,https://bunpro.jp/fr/grammar_points/%E3%81%A0%E3%81%91%E3%81%AB,https://bunpro.jp/ja/grammar_points/%E3%81%A0%E3%81%91%E3%81%AB
N2,Leçon 9,Étendues et Intervalles,15/26,だけは,As much as one could,Faire tout ce qu'on peut,https://bunpro.jp/grammar_points/%E3%81%A0%E3%81%91%E3%81%AF,https://bunpro.jp/fr/grammar_points/%E3%81%A0%E3%81%91%E3%81%AF,https://bunpro.jp/ja/grammar_points/%E3%81%A0%E3%81%91%E3%81%AF
N2,Leçon 9,Étendues et Intervalles,16/26,だけあって,"Because, As might be expected","C'est tout naturel, Étant donné que",https://bunpro.jp/grammar_points/%E3%81%A0%E3%81%91%E3%81%82%E3%81%A3%E3%81%A6,https://bunpro.jp/fr/grammar_points/%E3%81%A0%E3%81%91%E3%81%82%E3%81%A3%E3%81%A6,https://bunpro.jp/ja/grammar_points/%E3%81%A0%E3%81%91%E3%81%82%E3%81%A3%E3%81%A6
N2,Leçon 9,Étendues et Intervalles,17/26,何より,"Above all else, Most, Best","Avant tout, Plus que tout",https://bunpro.jp/grammar_points/%E4%BD%95%E3%82%88%E3%82%8A,https://bunpro.jp/fr/grammar_points/%E4%BD%95%E3%82%88%E3%82%8A,https://bunpro.jp/ja/grammar_points/%E4%BD%95%E3%82%88%E3%82%8A
N2,Leçon 9,Étendues et Intervalles,18/26,何と言っても,"By any account, No doubt",Quoi qu'on dise,https://bunpro.jp/grammar_points/%E4%BD%95%E3%81%A8%E3%81%84%E3%81%A3%E3%81%A6%E3%82%82,https://bunpro.jp/fr/grammar_points/%E4%BD%95%E3%81%A8%E3%81%84%E3%81%A3%E3%81%A6%E3%82%82,https://bunpro.jp/ja/grammar_points/%E4%BD%95%E3%81%A8%E3%81%84%E3%81%A3%E3%81%A6%E3%82%82
N2,Leçon 9,Étendues et Intervalles,19/26,か何か,"Or something, Something like that",Ou quelque chose comme ça,https://bunpro.jp/grammar_points/%E3%81%8B%E4%BD%95%E3%81%8B,https://bunpro.jp/fr/grammar_points/%E3%81%8B%E4%BD%95%E3%81%8B,https://bunpro.jp/ja/grammar_points/%E3%81%8B%E4%BD%95%E3%81%8B
N2,Leçon 9,Étendues et Intervalles,20/26,てならない,"Very, Extremely, Can't help but","Extrêmement, Ne peut s'empêcher de",https://bunpro.jp/grammar_points/%E3%81%A6%E3%81%AA%E3%82%89%E3%81%AA%E3%81%84,https://bunpro.jp/fr/grammar_points/%E3%81%A6%E3%81%AA%E3%82%89%E3%81%AA%E3%81%84,https://bunpro.jp/ja/grammar_points/%E3%81%A6%E3%81%AA%E3%82%89%E3%81%AA%E3%81%84
N2,Leçon 9,Étendues et Intervalles,21/26,のみ,Only (formal),Seulement (formel),https://bunpro.jp/grammar_points/%E3%81%AE%E3%81%BF,https://bunpro.jp/fr/grammar_points/%E3%81%AE%E3%81%BF,https://bunpro.jp/ja/grammar_points/%E3%81%AE%E3%81%BF
N2,Leçon 9,Étendues et Intervalles,22/26,のみならず,"Not only but, What is more",Non seulement... mais,https://bunpro.jp/grammar_points/%E3%81%AE%E3%81%BF%E3%81%AA%E3%82%89%E3%81%9A,https://bunpro.jp/fr/grammar_points/%E3%81%AE%E3%81%BF%E3%81%AA%E3%82%89%E3%81%9A,https://bunpro.jp/ja/grammar_points/%E3%81%AE%E3%81%BF%E3%81%AA%E3%82%89%E3%81%9A
N2,Leçon 9,Étendues et Intervalles,23/26,それなのに,"And yet, Despite this","Et pourtant, Malgré cela",https://bunpro.jp/grammar_points/%E3%81%9D%E3%82%8C%E3%81%AA%E3%81%AE%E3%81%AB,https://bunpro.jp/fr/grammar_points/%E3%81%9D%E3%82%8C%E3%81%AA%E3%81%AE%E3%81%AB,https://bunpro.jp/ja/grammar_points/%E3%81%9D%E3%82%8C%E3%81%AA%E3%81%AE%E3%81%AB
N2,Leçon 9,Étendues et Intervalles,24/26,いわゆる,"What is called, So-called","Ce qu'on appelle, Soi-disant",https://bunpro.jp/grammar_points/%E3%81%84%E3%82%8F%E3%82%86%E3%82%8B,https://bunpro.jp/fr/grammar_points/%E3%81%84%E3%82%8F%E3%82%86%E3%82%8B,https://bunpro.jp/ja/grammar_points/%E3%81%84%E3%82%8F%E3%82%86%E3%82%8B
N2,Leçon 9,Étendues et Intervalles,25/26,に過ぎない,"No more than, Just, Merely","Pas plus que, Seulement",https://bunpro.jp/grammar_points/%E3%81%AB%E3%81%99%E3%81%8E%E3%81%AA%E3%81%84,https://bunpro.jp/fr/grammar_points/%E3%81%AB%E3%81%99%E3%81%8E%E3%81%AA%E3%81%84,https://bunpro.jp/ja/grammar_points/%E3%81%AB%E3%81%99%E3%81%8E%E3%81%AA%E3%81%84
N2,Leçon 9,Étendues et Intervalles,26/26,も～ば～も,"…And…, Both ... and ...","Et...et..., À la fois...et...",https://bunpro.jp/grammar_points/%E3%82%82-%E3%81%B0-%E3%82%82,https://bunpro.jp/fr/grammar_points/%E3%82%82-%E3%81%B0-%E3%82%82,https://bunpro.jp/ja/grammar_points/%E3%82%82-%E3%81%B0-%E3%82%82
N2,Leçon 10,"Que ce soit, Peu importe",1/21,でしかない,"Merely, Nothing but, No more than","Simplement, Rien d'autre que",https://bunpro.jp/grammar_points/%E3%81%A7%E3%81%97%E3%81%8B%E3%81%AA%E3%81%84,https://bunpro.jp/fr/grammar_points/%E3%81%A7%E3%81%97%E3%81%8B%E3%81%AA%E3%81%84,https://bunpro.jp/ja/grammar_points/%E3%81%A7%E3%81%97%E3%81%8B%E3%81%AA%E3%81%84
N2,Leçon 10,"Que ce soit, Peu importe",2/21,てたまらない,"Can't help but, Very, Extremely","Ne peut s'empêcher de, Très",https://bunpro.jp/grammar_points/%E3%81%A6%E3%81%9F%E3%81%BE%E3%82%89%E3%81%AA%E3%81%84,https://bunpro.jp/fr/grammar_points/%E3%81%A6%E3%81%9F%E3%81%BE%E3%82%89%E3%81%AA%E3%81%84,https://bunpro.jp/ja/grammar_points/%E3%81%A6%E3%81%9F%E3%81%BE%E3%82%89%E3%81%AA%E3%81%84
N2,Leçon 10,"Que ce soit, Peu importe",3/21,にせよ,"Even if, No matter, Whether… or","Même si, Peu importe si",https://bunpro.jp/grammar_points/%E3%81%AB%E3%81%9B%E3%82%88-%E3%81%AB%E3%81%97%E3%82%8D,https://bunpro.jp/fr/grammar_points/%E3%81%AB%E3%81%9B%E3%82%88-%E3%81%AB%E3%81%97%E3%82%8D,https://bunpro.jp/ja/grammar_points/%E3%81%AB%E3%81%9B%E3%82%88-%E3%81%AB%E3%81%97%E3%82%8D
N2,Leçon 10,"Que ce soit, Peu importe",4/21,何しろ,"No wonder, After all, At any rate","Pas étonnant, Après tout",https://bunpro.jp/grammar_points/%E4%BD%95%E3%81%97%E3%82%8D,https://bunpro.jp/fr/grammar_points/%E4%BD%95%E3%81%97%E3%82%8D,https://bunpro.jp/ja/grammar_points/%E4%BD%95%E3%81%97%E3%82%8D
N2,Leçon 10,"Que ce soit, Peu importe",5/21,にしろ～にしろ,Whether… or,Que ce soit ~ ou ~,https://bunpro.jp/grammar_points/%E3%81%AB%E3%81%97%E3%82%8D-%E3%81%AB%E3%81%97%E3%82%8D,https://bunpro.jp/fr/grammar_points/%E3%81%AB%E3%81%97%E3%82%8D-%E3%81%AB%E3%81%97%E3%82%8D,https://bunpro.jp/ja/grammar_points/%E3%81%AB%E3%81%97%E3%82%8D-%E3%81%AB%E3%81%97%E3%82%8D
N2,Leçon 10,"Que ce soit, Peu importe",6/21,は兎も角,"Setting aside, Apart from","Mis à part, Sans parler de",https://bunpro.jp/grammar_points/%E3%81%AF%E3%81%A8%E3%82%82%E3%81%8B%E3%81%8F,https://bunpro.jp/fr/grammar_points/%E3%81%AF%E3%81%A8%E3%82%82%E3%81%8B%E3%81%8F,https://bunpro.jp/ja/grammar_points/%E3%81%AF%E3%81%A8%E3%82%82%E3%81%8B%E3%81%8F
N2,Leçon 10,"Que ce soit, Peu importe",7/21,やら～やら,"Whether or, Things like",Que ce soit ~ ou ~,https://bunpro.jp/grammar_points/%E3%82%84%E3%82%89-%E3%82%84%E3%82%89,https://bunpro.jp/fr/grammar_points/%E3%82%84%E3%82%89-%E3%82%84%E3%82%89,https://bunpro.jp/ja/grammar_points/%E3%82%84%E3%82%89-%E3%82%84%E3%82%89
N2,Leçon 10,"Que ce soit, Peu importe",8/21,しかしながら,"However, Nevertheless, But","Cependant, Néanmoins",https://bunpro.jp/grammar_points/%E3%81%97%E3%81%8B%E3%81%97%E3%81%AA%E3%81%8C%E3%82%89,https://bunpro.jp/fr/grammar_points/%E3%81%97%E3%81%8B%E3%81%97%E3%81%AA%E3%81%8C%E3%82%89,https://bunpro.jp/ja/grammar_points/%E3%81%97%E3%81%8B%E3%81%97%E3%81%AA%E3%81%8C%E3%82%89
N2,Leçon 10,"Que ce soit, Peu importe",9/21,ことにはならない,Just because… doesn't mean…,Le fait que ~ ne veut pas dire,https://bunpro.jp/grammar_points/%E3%81%93%E3%81%A8%E3%81%AB%E3%81%AF%E3%81%AA%E3%82%89%E3%81%AA%E3%81%84,https://bunpro.jp/fr/grammar_points/%E3%81%93%E3%81%A8%E3%81%AB%E3%81%AF%E3%81%AA%E3%82%89%E3%81%AA%E3%81%84,https://bunpro.jp/ja/grammar_points/%E3%81%93%E3%81%A8%E3%81%AB%E3%81%AF%E3%81%AA%E3%82%89%E3%81%AA%E3%81%84
N2,Leçon 10,"Que ce soit, Peu importe",10/21,だけのことはある,"No wonder, As expected","Ce n'est pas surprenant, Comme prévu",https://bunpro.jp/grammar_points/%E3%81%A0%E3%81%91%E3%81%AE%E3%81%93%E3%81%A8%E3%81%AF%E3%81%82%E3%82%8B,https://bunpro.jp/fr/grammar_points/%E3%81%A0%E3%81%91%E3%81%AE%E3%81%93%E3%81%A8%E3%81%AF%E3%81%82%E3%82%8B,https://bunpro.jp/ja/grammar_points/%E3%81%A0%E3%81%91%E3%81%AE%E3%81%93%E3%81%A8%E3%81%AF%E3%81%82%E3%82%8B
N2,Leçon 10,"Que ce soit, Peu importe",11/21,ては成らない,"Must not, Cannot, Should not","Ne doit pas, Ne peut pas",https://bunpro.jp/grammar_points/%E3%81%A6%E3%81%AF%E3%81%AA%E3%82%89%E3%81%AA%E3%81%84,https://bunpro.jp/fr/grammar_points/%E3%81%A6%E3%81%AF%E3%81%AA%E3%82%89%E3%81%AA%E3%81%84,https://bunpro.jp/ja/grammar_points/%E3%81%A6%E3%81%AF%E3%81%AA%E3%82%89%E3%81%AA%E3%81%84
N2,Leçon 10,"Que ce soit, Peu importe",12/21,陸に～ない,"Not well or properly, Barely","Pas vraiment bien, À peine",https://bunpro.jp/grammar_points/%E9%99%B8%E3%81%AB-%E3%81%AA%E3%81%84,https://bunpro.jp/fr/grammar_points/%E9%99%B8%E3%81%AB-%E3%81%AA%E3%81%84,https://bunpro.jp/ja/grammar_points/%E9%99%B8%E3%81%AB-%E3%81%AA%E3%81%84
N2,Leçon 10,"Que ce soit, Peu importe",13/21,ては居られない,"Can't afford to, Unable to",Ne peut pas se permettre de,https://bunpro.jp/grammar_points/%E3%81%A6%E3%81%AF%E3%81%84%E3%82%89%E3%82%8C%E3%81%AA%E3%81%84,https://bunpro.jp/fr/grammar_points/%E3%81%A6%E3%81%AF%E3%81%84%E3%82%89%E3%82%8C%E3%81%AA%E3%81%84,https://bunpro.jp/ja/grammar_points/%E3%81%A6%E3%81%AF%E3%81%84%E3%82%89%E3%82%8C%E3%81%AA%E3%81%84
N2,Leçon 10,"Que ce soit, Peu importe",14/21,しかも,"Moreover, Furthermore","De plus, Qui plus est",https://bunpro.jp/grammar_points/%E3%81%97%E3%81%8B%E3%82%82,https://bunpro.jp/fr/grammar_points/%E3%81%97%E3%81%8B%E3%82%82,https://bunpro.jp/ja/grammar_points/%E3%81%97%E3%81%8B%E3%82%82
N2,Leçon 10,"Que ce soit, Peu importe",15/21,～てでも,"Even if I have to, By any means","Même s'il faut, Par tous les moyens",https://bunpro.jp/grammar_points/%E3%81%A6%E3%81%A7%E3%82%82,https://bunpro.jp/fr/grammar_points/%E3%81%A6%E3%81%A7%E3%82%82,https://bunpro.jp/ja/grammar_points/%E3%81%A6%E3%81%A7%E3%82%82
N2,Leçon 10,"Que ce soit, Peu importe",16/21,とも,"Even if, No matter","Même si, Quoi qu'il arrive",https://bunpro.jp/grammar_points/%E3%81%A8%E3%82%82,https://bunpro.jp/fr/grammar_points/%E3%81%A8%E3%82%82,https://bunpro.jp/ja/grammar_points/%E3%81%A8%E3%82%82
N2,Leçon 10,"Que ce soit, Peu importe",17/21,ない訳にはいかない,"Can't not, No way to avoid",Ne peut pas ne pas,https://bunpro.jp/grammar_points/%E3%81%AA%E3%81%84%E3%82%8F%E3%81%91%E3%81%AB%E3%81%AF%E3%81%84%E3%81%8B%E3%81%AA%E3%81%84,https://bunpro.jp/fr/grammar_points/%E3%81%AA%E3%81%84%E3%82%8F%E3%81%91%E3%81%AB%E3%81%AF%E3%81%84%E3%81%8B%E3%81%AA%E3%81%84,https://bunpro.jp/ja/grammar_points/%E3%81%AA%E3%81%84%E3%82%8F%E3%81%91%E3%81%AB%E3%81%AF%E3%81%84%E3%81%8B%E3%81%AA%E3%81%84
N2,Leçon 10,"Que ce soit, Peu importe",18/21,という訳ではない,"It is not that, Doesn't mean that",Ce n'est pas que,https://bunpro.jp/grammar_points/%E3%81%A8%E3%81%84%E3%81%86%E3%82%8F%E3%81%91%E3%81%A7%E3%81%AF%E3%81%AA%E3%81%84,https://bunpro.jp/fr/grammar_points/%E3%81%A8%E3%81%84%E3%81%86%E3%82%8F%E3%81%91%E3%81%A7%E3%81%AF%E3%81%AA%E3%81%84,https://bunpro.jp/ja/grammar_points/%E3%81%A8%E3%81%84%E3%81%86%E3%82%8F%E3%81%91%E3%81%A7%E3%81%AF%E3%81%AA%E3%81%84
N2,Leçon 10,"Que ce soit, Peu importe",19/21,のも尤もだ,"No wonder, Natural, Good reason",C'est tout naturel que,https://bunpro.jp/grammar_points/%E3%81%AE%E3%82%82%E3%82%82%E3%81%A3%E3%81%A8%E3%82%82%E3%81%A0,https://bunpro.jp/fr/grammar_points/%E3%81%AE%E3%82%82%E3%82%82%E3%81%A3%E3%81%A8%E3%82%82%E3%81%A0,https://bunpro.jp/ja/grammar_points/%E3%81%AE%E3%82%82%E3%82%82%E3%81%A3%E3%81%A8%E3%82%82%E3%81%A0
N2,Leçon 10,"Que ce soit, Peu importe",20/21,たって,"Even if, Even though","Même si, Même quand",https://bunpro.jp/grammar_points/%E3%81%9F%E3%81%A3%E3%81%A6,https://bunpro.jp/fr/grammar_points/%E3%81%9F%E3%81%A3%E3%81%A6,https://bunpro.jp/ja/grammar_points/%E3%81%9F%E3%81%A3%E3%81%A6
N2,Leçon 10,"Que ce soit, Peu importe",21/21,ならともかく,"If (A) sure, but (B) is not","Si (A) passe encore, mais (B)",https://bunpro.jp/grammar_points/%E3%81%AA%E3%82%89%E3%81%A8%E3%82%82%E3%81%8B%E3%81%8F,https://bunpro.jp/fr/grammar_points/%E3%81%AA%E3%82%89%E3%81%A8%E3%82%82%E3%81%8B%E3%81%8F,https://bunpro.jp/ja/grammar_points/%E3%81%AA%E3%82%89%E3%81%A8%E3%82%82%E3%81%8B%E3%81%8F
N1,Leçon 1,Général,1/17,に至るまで,(Everything) from...to...,De...jusqu'à...,https://bunpro.jp/grammar_points/%E3%81%AB%E8%87%B3%E3%82%8B%E3%81%BE%E3%81%A7,https://bunpro.jp/fr/grammar_points/%E3%81%AB%E8%87%B3%E3%82%8B%E3%81%BE%E3%81%A7,https://bunpro.jp/ja/grammar_points/%E3%81%AB%E8%87%B3%E3%82%8B%E3%81%BE%E3%81%A7
N1,Leçon 1,Général,2/17,～たところで,Even if ~ cannot,Même si ~ ne peut pas,https://bunpro.jp/grammar_points/%E3%81%9F%E3%81%A8%E3%81%93%E3%82%8D%E3%81%A7,https://bunpro.jp/fr/grammar_points/%E3%81%9F%E3%81%A8%E3%81%93%E3%82%8D%E3%81%A7,https://bunpro.jp/ja/grammar_points/%E3%81%9F%E3%81%A8%E3%81%93%E3%82%8D%E3%81%A7
N1,Leçon 1,Général,3/17,如く,"Like, Similar to, As if","Comme, Semblable à",https://bunpro.jp/grammar_points/%E5%A6%82%E3%81%8F-%E5%A6%82%E3%81%8D-%E5%A6%82%E3%81%97,https://bunpro.jp/fr/grammar_points/%E5%A6%82%E3%81%8F-%E5%A6%82%E3%81%8D-%E5%A6%82%E3%81%97,https://bunpro.jp/ja/grammar_points/%E5%A6%82%E3%81%8F-%E5%A6%82%E3%81%8D-%E5%A6%82%E3%81%97
N1,Leçon 1,Général,4/17,に足る,"To be worthy of, Enough","Digne de, Suffisant pour",https://bunpro.jp/grammar_points/%E3%81%AB%E8%B6%B3%E3%82%8B,https://bunpro.jp/fr/grammar_points/%E3%81%AB%E8%B6%B3%E3%82%8B,https://bunpro.jp/ja/grammar_points/%E3%81%AB%E8%B6%B3%E3%82%8B
N1,Leçon 1,Général,5/17,極まりない,"Extreme, Extremely","Extrême, Extrêmement",https://bunpro.jp/grammar_points/%E6%A5%B5%E3%81%BE%E3%82%8A%E3%81%AA%E3%81%84-%E6%A5%B5%E3%81%BE%E3%82%8B,https://bunpro.jp/fr/grammar_points/%E6%A5%B5%E3%81%BE%E3%82%8A%E3%81%AA%E3%81%84-%E6%A5%B5%E3%81%BE%E3%82%8B,https://bunpro.jp/ja/grammar_points/%E6%A5%B5%E3%81%BE%E3%82%8A%E3%81%AA%E3%81%84-%E6%A5%B5%E3%81%BE%E3%82%8B
N1,Leçon 1,Général,6/17,といえども,"Even (if), Although","Même si, Bien que",https://bunpro.jp/grammar_points/%E3%81%A8%E3%81%84%E3%81%88%E3%81%A9%E3%82%82,https://bunpro.jp/fr/grammar_points/%E3%81%A8%E3%81%84%E3%81%88%E3%81%A9%E3%82%82,https://bunpro.jp/ja/grammar_points/%E3%81%A8%E3%81%84%E3%81%88%E3%81%A9%E3%82%82
N1,Leçon 1,Général,7/17,を以て,"By means of, With, By","Par le biais de, Avec",https://bunpro.jp/grammar_points/%E3%82%92%E4%BB%A5%E3%81%A6,https://bunpro.jp/fr/grammar_points/%E3%82%92%E4%BB%A5%E3%81%A6,https://bunpro.jp/ja/grammar_points/%E3%82%92%E4%BB%A5%E3%81%A6
N1,Leçon 1,Général,8/17,嫌いがある,Have a tendency to,Avoir tendance à,https://bunpro.jp/grammar_points/%E3%81%8D%E3%82%89%E3%81%84%E3%81%8C%E3%81%82%E3%82%8B,https://bunpro.jp/fr/grammar_points/%E3%81%8D%E3%82%89%E3%81%84%E3%81%8C%E3%81%82%E3%82%8B,https://bunpro.jp/ja/grammar_points/%E3%81%8D%E3%82%89%E3%81%84%E3%81%8C%E3%81%82%E3%82%8B
N1,Leçon 1,Général,9/17,ならまだしも,A is fine...but B is not,(A) passe encore...mais (B),https://bunpro.jp/grammar_points/%E3%81%AA%E3%82%89%E3%81%BE%E3%81%A0%E3%81%97%E3%82%82,https://bunpro.jp/fr/grammar_points/%E3%81%AA%E3%82%89%E3%81%BE%E3%81%A0%E3%81%97%E3%82%82,https://bunpro.jp/ja/grammar_points/%E3%81%AA%E3%82%89%E3%81%BE%E3%81%A0%E3%81%97%E3%82%82
N1,Leçon 1,Général,10/17,までもない,"No need to, Do not have to",Il n'est pas nécessaire de,https://bunpro.jp/grammar_points/%E3%81%BE%E3%81%A7%E3%82%82%E3%81%AA%E3%81%84,https://bunpro.jp/fr/grammar_points/%E3%81%BE%E3%81%A7%E3%82%82%E3%81%AA%E3%81%84,https://bunpro.jp/ja/grammar_points/%E3%81%BE%E3%81%A7%E3%82%82%E3%81%AA%E3%81%84
N1,Leçon 1,Général,11/17,となると,"When, If, Once, As","Quand, Si, Une fois que",https://bunpro.jp/grammar_points/%E3%81%A8%E3%82%82%E3%81%AA%E3%82%8B%E3%81%A8-%E3%81%AB%E3%82%82%E3%81%AA%E3%82%8B%E3%81%A8,https://bunpro.jp/fr/grammar_points/%E3%81%A8%E3%82%82%E3%81%AA%E3%82%8B%E3%81%A8-%E3%81%AB%E3%82%82%E3%81%AA%E3%82%8B%E3%81%A8,https://bunpro.jp/ja/grammar_points/%E3%81%A8%E3%82%82%E3%81%AA%E3%82%8B%E3%81%A8-%E3%81%AB%E3%82%82%E3%81%AA%E3%82%8B%E3%81%A8
N1,Leçon 1,Général,12/17,を良い事に,To take advantage of,Profiter de,https://bunpro.jp/grammar_points/%E3%82%92%E3%81%84%E3%81%84%E3%81%93%E3%81%A8%E3%81%AB,https://bunpro.jp/fr/grammar_points/%E3%82%92%E3%81%84%E3%81%84%E3%81%93%E3%81%A8%E3%81%AB,https://bunpro.jp/ja/grammar_points/%E3%82%92%E3%81%84%E3%81%84%E3%81%93%E3%81%A8%E3%81%AB
N1,Leçon 1,Général,13/17,如何,Depending on,"Selon, En fonction de",https://bunpro.jp/grammar_points/%E5%A6%82%E4%BD%95,https://bunpro.jp/fr/grammar_points/%E5%A6%82%E4%BD%95,https://bunpro.jp/ja/grammar_points/%E5%A6%82%E4%BD%95
N1,Leçon 1,Général,14/17,～るまでだ,"Just, Merely, Simply","Simplement, Seulement",https://bunpro.jp/grammar_points/%EF%BD%9E%E3%82%8B%E3%81%BE%E3%81%A7%E3%81%A0,https://bunpro.jp/fr/grammar_points/%EF%BD%9E%E3%82%8B%E3%81%BE%E3%81%A7%E3%81%A0,https://bunpro.jp/ja/grammar_points/%EF%BD%9E%E3%82%8B%E3%81%BE%E3%81%A7%E3%81%A0
N1,Leçon 1,Général,15/17,にあって,"At, In the situation of","Dans, En situation de",https://bunpro.jp/grammar_points/%E3%81%AB%E3%81%82%E3%81%A3%E3%81%A6,https://bunpro.jp/fr/grammar_points/%E3%81%AB%E3%81%82%E3%81%A3%E3%81%A6,https://bunpro.jp/ja/grammar_points/%E3%81%AB%E3%81%82%E3%81%A3%E3%81%A6
N1,Leçon 1,Général,16/17,を余儀なくされる,To be forced to do,Être contraint de faire,https://bunpro.jp/grammar_points/%E3%82%92%E4%BD%99%E5%84%80%E3%81%AA%E3%81%8F%E3%81%95%E3%82%8C%E3%82%8B,https://bunpro.jp/fr/grammar_points/%E3%82%92%E4%BD%99%E5%84%80%E3%81%AA%E3%81%8F%E3%81%95%E3%82%8C%E3%82%8B,https://bunpro.jp/ja/grammar_points/%E3%82%92%E4%BD%99%E5%84%80%E3%81%AA%E3%81%8F%E3%81%95%E3%82%8C%E3%82%8B
N1,Leçon 1,Général,17/17,とは,"That..., (Surprised) that...","Que..., (Surpris) que...",https://bunpro.jp/grammar_points/%E3%81%A8%E3%81%AF,https://bunpro.jp/fr/grammar_points/%E3%81%A8%E3%81%AF,https://bunpro.jp/ja/grammar_points/%E3%81%A8%E3%81%AF
N1,Leçon 2,Général,1/18,じゃあるまいし,You are not ~ so...,Tu n'es pas ~ alors...,https://bunpro.jp/grammar_points/%E3%81%98%E3%82%83%E3%81%82%E3%82%8B%E3%81%BE%E3%81%84%E3%81%97,https://bunpro.jp/fr/grammar_points/%E3%81%98%E3%82%83%E3%81%82%E3%82%8B%E3%81%BE%E3%81%84%E3%81%97,https://bunpro.jp/ja/grammar_points/%E3%81%98%E3%82%83%E3%81%82%E3%82%8B%E3%81%BE%E3%81%84%E3%81%97
N1,Leçon 2,Général,2/18,てからというもの,"After, Since, Ever since then","Depuis, Depuis que",https://bunpro.jp/grammar_points/%E3%81%A6%E3%81%8B%E3%82%89%E3%81%A8%E3%81%84%E3%81%86%E3%82%82%E3%81%AE,https://bunpro.jp/fr/grammar_points/%E3%81%A6%E3%81%8B%E3%82%89%E3%81%A8%E3%81%84%E3%81%86%E3%82%82%E3%81%AE,https://bunpro.jp/ja/grammar_points/%E3%81%A6%E3%81%8B%E3%82%89%E3%81%A8%E3%81%84%E3%81%86%E3%82%82%E3%81%AE
N1,Leçon 2,Général,3/18,傍ら,"While, Besides, In addition to","Tout en, En plus de",https://bunpro.jp/grammar_points/%E3%81%8B%E3%81%9F%E3%82%8F%E3%82%89,https://bunpro.jp/fr/grammar_points/%E3%81%8B%E3%81%9F%E3%82%8F%E3%82%89,https://bunpro.jp/ja/grammar_points/%E3%81%8B%E3%81%9F%E3%82%8F%E3%82%89
N1,Leçon 2,Général,4/18,を皮切りに,"Beginning of, Starting with",En commençant par,https://bunpro.jp/grammar_points/%E3%82%92%E7%9A%AE%E5%88%87%E3%82%8A%E3%81%AB,https://bunpro.jp/fr/grammar_points/%E3%82%92%E7%9A%AE%E5%88%87%E3%82%8A%E3%81%AB,https://bunpro.jp/ja/grammar_points/%E3%82%92%E7%9A%AE%E5%88%87%E3%82%8A%E3%81%AB
N1,Leçon 2,Général,5/18,に至っては,"When it comes to, As for",En ce qui concerne,https://bunpro.jp/grammar_points/%E3%81%AB%E8%87%B3%E3%81%A3%E3%81%A6%E3%81%AF,https://bunpro.jp/fr/grammar_points/%E3%81%AB%E8%87%B3%E3%81%A3%E3%81%A6%E3%81%AF,https://bunpro.jp/ja/grammar_points/%E3%81%AB%E8%87%B3%E3%81%A3%E3%81%A6%E3%81%AF
N1,Leçon 2,Général,6/18,なり,"As soon as, The moment","Dès que, Au moment où",https://bunpro.jp/grammar_points/%E3%81%AA%E3%82%8A,https://bunpro.jp/fr/grammar_points/%E3%81%AA%E3%82%8A,https://bunpro.jp/ja/grammar_points/%E3%81%AA%E3%82%8A
N1,Leçon 2,Général,7/18,とも無く,"Absentmindedly, Unconsciously","Distraitement, Inconsciemment",https://bunpro.jp/grammar_points/%E3%81%A8%E3%82%82%E3%81%AA%E3%81%8F-%E3%81%A8%E3%82%82%E3%81%AA%E3%81%97%E3%81%AB,https://bunpro.jp/fr/grammar_points/%E3%81%A8%E3%82%82%E3%81%AA%E3%81%8F-%E3%81%A8%E3%82%82%E3%81%AA%E3%81%97%E3%81%AB,https://bunpro.jp/ja/grammar_points/%E3%81%A8%E3%82%82%E3%81%AA%E3%81%8F-%E3%81%A8%E3%82%82%E3%81%AA%E3%81%97%E3%81%AB
N1,Leçon 2,Général,8/18,塗れ,"Stained, Covered in","Taché de, Couvert de",https://bunpro.jp/grammar_points/%E5%A1%97%E3%82%8C,https://bunpro.jp/fr/grammar_points/%E5%A1%97%E3%82%8C,https://bunpro.jp/ja/grammar_points/%E5%A1%97%E3%82%8C
N1,Leçon 2,Général,9/18,う・よう + が～まいが,"Even if, No matter what","Même si, Peu importe si",https://bunpro.jp/grammar_points/-%E3%82%88%E3%81%86--%E3%81%86-%E3%81%BE%E3%81%84-%E3%81%8C-%E3%81%A8,https://bunpro.jp/fr/grammar_points/-%E3%82%88%E3%81%86--%E3%81%86-%E3%81%BE%E3%81%84-%E3%81%8C-%E3%81%A8,https://bunpro.jp/ja/grammar_points/-%E3%82%88%E3%81%86--%E3%81%86-%E3%81%BE%E3%81%84-%E3%81%8C-%E3%81%A8
N1,Leçon 2,Général,10/18,からする,"About, Or more, Over","Environ, Plus de",https://bunpro.jp/grammar_points/%E3%81%8B%E3%82%89%E3%81%99%E3%82%8B,https://bunpro.jp/fr/grammar_points/%E3%81%8B%E3%82%89%E3%81%99%E3%82%8B,https://bunpro.jp/ja/grammar_points/%E3%81%8B%E3%82%89%E3%81%99%E3%82%8B
N1,Leçon 2,Général,11/18,にして①,"At, Over, Only (after, when)","À, Seulement (après, quand)",https://bunpro.jp/grammar_points/%E3%81%AB%E3%81%97%E3%81%A61,https://bunpro.jp/fr/grammar_points/%E3%81%AB%E3%81%97%E3%81%A61,https://bunpro.jp/ja/grammar_points/%E3%81%AB%E3%81%97%E3%81%A61
N1,Leçon 2,Général,12/18,ものを,"But, Although, If only","Mais, Bien que, Si seulement",https://bunpro.jp/grammar_points/%E3%82%82%E3%81%AE%E3%82%92,https://bunpro.jp/fr/grammar_points/%E3%82%82%E3%81%AE%E3%82%92,https://bunpro.jp/ja/grammar_points/%E3%82%82%E3%81%AE%E3%82%92
N1,Leçon 2,Général,13/18,であれ,"Even if, Even, No matter","Même si, Même",https://bunpro.jp/grammar_points/%E3%81%A7%E3%81%82%E3%82%8C,https://bunpro.jp/fr/grammar_points/%E3%81%A7%E3%81%82%E3%82%8C,https://bunpro.jp/ja/grammar_points/%E3%81%A7%E3%81%82%E3%82%8C
N1,Leçon 2,Général,14/18,を措いて他に～ない,"No...but, None other than",Rien d'autre que,https://bunpro.jp/grammar_points/%E3%82%92%E3%81%8A%E3%81%84%E3%81%A6%E3%81%BB%E3%81%8B%E3%81%AB-%E3%81%AA%E3%81%84,https://bunpro.jp/fr/grammar_points/%E3%82%92%E3%81%8A%E3%81%84%E3%81%A6%E3%81%BB%E3%81%8B%E3%81%AB-%E3%81%AA%E3%81%84,https://bunpro.jp/ja/grammar_points/%E3%82%92%E3%81%8A%E3%81%84%E3%81%A6%E3%81%BB%E3%81%8B%E3%81%AB-%E3%81%AA%E3%81%84
N1,Leçon 2,Général,15/18,をもって,"As of, With, Effective from","À compter de, Avec effet à partir de",https://bunpro.jp/grammar_points/%E3%82%92%E3%82%82%E3%81%A3%E3%81%A6,https://bunpro.jp/fr/grammar_points/%E3%82%92%E3%82%82%E3%81%A3%E3%81%A6,https://bunpro.jp/ja/grammar_points/%E3%82%92%E3%82%82%E3%81%A3%E3%81%A6
N1,Leçon 2,Général,16/18,とはいえ,"Though, Although, Nonetheless","Bien que, Certes, Néanmoins",https://bunpro.jp/grammar_points/%E3%81%A8%E3%81%AF%E3%81%84%E3%81%88,https://bunpro.jp/fr/grammar_points/%E3%81%A8%E3%81%AF%E3%81%84%E3%81%88,https://bunpro.jp/ja/grammar_points/%E3%81%A8%E3%81%AF%E3%81%84%E3%81%88
N1,Leçon 2,Général,17/18,ならでは,"Unique to, Only, Impossible if not","Propre à, Unique à",https://bunpro.jp/grammar_points/%E3%81%AA%E3%82%89%E3%81%A7%E3%81%AF,https://bunpro.jp/fr/grammar_points/%E3%81%AA%E3%82%89%E3%81%A7%E3%81%AF,https://bunpro.jp/ja/grammar_points/%E3%81%AA%E3%82%89%E3%81%A7%E3%81%AF
N1,Leçon 2,Général,18/18,たはいいが,It's all well and good but...,C'est bien beau mais...,https://bunpro.jp/grammar_points/%E3%81%9F%E3%81%AF%E3%81%84%E3%81%84%E3%81%8C,https://bunpro.jp/fr/grammar_points/%EF%BD%9E%E3%81%9F%E3%81%AF%E3%81%84%E3%81%84%E3%81%8C,https://bunpro.jp/ja/grammar_points/%E3%81%9F%E3%81%AF%E3%81%84%E3%81%84%E3%81%8C
N1,Leçon 3,Général,1/18,すら,Even,Même,https://bunpro.jp/grammar_points/%E3%81%99%E3%82%89,https://bunpro.jp/fr/grammar_points/%E3%81%99%E3%82%89,https://bunpro.jp/ja/grammar_points/%E3%81%99%E3%82%89
N1,Leçon 3,Général,2/18,あっての,Exist only because of,N'existe que grâce à,https://bunpro.jp/grammar_points/%E3%81%82%E3%81%A3%E3%81%A6%E3%81%AE,https://bunpro.jp/fr/grammar_points/%E3%81%82%E3%81%A3%E3%81%A6%E3%81%AE,https://bunpro.jp/ja/grammar_points/%E3%81%82%E3%81%A3%E3%81%A6%E3%81%AE
N1,Leçon 3,Général,3/18,～たまで + だ,"Just, Merely, Simply","Simplement, Rien de plus",https://bunpro.jp/grammar_points/%E3%81%9F%E3%81%BE%E3%81%A7%E3%81%A0,https://bunpro.jp/fr/grammar_points/%E3%81%9F%E3%81%BE%E3%81%A7%E3%81%A0,https://bunpro.jp/ja/grammar_points/%E3%81%9F%E3%81%BE%E3%81%A7%E3%81%A0
N1,Leçon 3,Général,4/18,を経て,"Via, Through, After","Via, À travers, Après",https://bunpro.jp/grammar_points/%E3%82%92%E7%B5%8C%E3%81%A6,https://bunpro.jp/fr/grammar_points/%E3%82%92%E7%B5%8C%E3%81%A6,https://bunpro.jp/ja/grammar_points/%E3%82%92%E7%B5%8C%E3%81%A6
N1,Leçon 3,Général,5/18,ながらに,"While being, Born (with), As always","Tout en étant, Né avec",https://bunpro.jp/grammar_points/%E3%81%AA%E3%81%8C%E3%82%89%E3%81%AB,https://bunpro.jp/fr/grammar_points/%E3%81%AA%E3%81%8C%E3%82%89%E3%81%AB,https://bunpro.jp/ja/grammar_points/%E3%81%AA%E3%81%8C%E3%82%89%E3%81%AB
N1,Leçon 3,Général,6/18,～たなり,"While ~ing, Remaining, Ever since","Tout en ~, Restant",https://bunpro.jp/grammar_points/%E3%81%9F%E3%81%AA%E3%82%8A-%E3%81%AA%E3%82%8A,https://bunpro.jp/fr/grammar_points/%E3%81%9F%E3%81%AA%E3%82%8A-%E3%81%AA%E3%82%8A,https://bunpro.jp/ja/grammar_points/%E3%81%9F%E3%81%AA%E3%82%8A-%E3%81%AA%E3%82%8A
N1,Leçon 3,Général,7/18,の極み,"Ultimate, Extreme, Epitome","Summum, Comble, Extrême",https://bunpro.jp/grammar_points/%E3%81%AE%E6%A5%B5%E3%81%BF,https://bunpro.jp/fr/grammar_points/%E3%81%AE%E6%A5%B5%E3%81%BF,https://bunpro.jp/ja/grammar_points/%E3%81%AE%E6%A5%B5%E3%81%BF
N1,Leçon 3,Général,8/18,にして見れば,From (A)'s point of view,Du point de vue de (A),https://bunpro.jp/grammar_points/%E3%81%AB%E3%81%97%E3%81%A6%E3%81%BF%E3%82%8C%E3%81%B0,https://bunpro.jp/fr/grammar_points/%E3%81%AB%E3%81%97%E3%81%A6%E3%81%BF%E3%82%8C%E3%81%B0,https://bunpro.jp/ja/grammar_points/%E3%81%AB%E3%81%97%E3%81%A6%E3%81%BF%E3%82%8C%E3%81%B0
N1,Leçon 3,Général,9/18,だの,"Things like, And so on",Des choses comme,https://bunpro.jp/grammar_points/%E3%81%A0%E3%81%AE,https://bunpro.jp/fr/grammar_points/%E3%81%A0%E3%81%AE,https://bunpro.jp/ja/grammar_points/%E3%81%A0%E3%81%AE
N1,Leçon 3,Général,10/18,飽くまでも,"To the (bitter) end, Stubbornly","Jusqu'au bout, Obstinément",https://bunpro.jp/grammar_points/%E3%81%82%E3%81%8F%E3%81%BE%E3%81%A7%E3%82%82,https://bunpro.jp/fr/grammar_points/%E3%81%82%E3%81%8F%E3%81%BE%E3%81%A7%E3%82%82,https://bunpro.jp/ja/grammar_points/%E3%81%82%E3%81%8F%E3%81%BE%E3%81%A7%E3%82%82
N1,Leçon 3,Général,11/18,べく,"For the purpose of, In order to","Dans le but de, Afin de",https://bunpro.jp/grammar_points/%E3%81%B9%E3%81%8F,https://bunpro.jp/fr/grammar_points/%E3%81%B9%E3%81%8F,https://bunpro.jp/ja/grammar_points/%E3%81%B9%E3%81%8F
N1,Leçon 3,Général,12/18,ところを,"When, While, In spite of","Alors que, Malgré les circonstances",https://bunpro.jp/grammar_points/%E3%81%A8%E3%81%93%E3%82%8D%E3%82%92,https://bunpro.jp/fr/grammar_points/%E3%81%A8%E3%81%93%E3%82%8D%E3%82%92,https://bunpro.jp/ja/grammar_points/%E3%81%A8%E3%81%93%E3%82%8D%E3%82%92
N1,Leçon 3,Général,13/18,からある,"As much as, At least","Pas moins de, Au moins",https://bunpro.jp/grammar_points/%E3%81%8B%E3%82%89%E3%81%82%E3%82%8B,https://bunpro.jp/fr/grammar_points/%E3%81%8B%E3%82%89%E3%81%82%E3%82%8B,https://bunpro.jp/ja/grammar_points/%E3%81%8B%E3%82%89%E3%81%82%E3%82%8B
N1,Leçon 3,Général,14/18,にして②,"To be ~ and ~, Both ~ and ~",À la fois ~ et ~,https://bunpro.jp/grammar_points/%E3%81%AB%E3%81%97%E3%81%A62,https://bunpro.jp/fr/grammar_points/%E3%81%AB%E3%81%97%E3%81%A62,https://bunpro.jp/ja/grammar_points/%E3%81%AB%E3%81%97%E3%81%A62
N1,Leçon 3,Général,15/18,つ (Conjunctive),Two contrasting actions,Deux actions contraires,https://bunpro.jp/grammar_points/%E3%81%A4-%E3%81%A4,https://bunpro.jp/fr/grammar_points/%E3%81%A4-%E3%81%A4,https://bunpro.jp/ja/grammar_points/%E3%81%A4-%E3%81%A4
N1,Leçon 3,Général,16/18,飽くまで,"Just, Only, Merely, Strictly","Seulement, Strictement",https://bunpro.jp/grammar_points/%E9%A3%BD%E3%81%8F%E3%81%BE%E3%81%A7-%E3%82%82,https://bunpro.jp/fr/grammar_points/%E9%A3%BD%E3%81%8F%E3%81%BE%E3%81%A7-%E3%82%82,https://bunpro.jp/ja/grammar_points/%E9%A3%BD%E3%81%8F%E3%81%BE%E3%81%A7-%E3%82%82
N1,Leçon 3,Général,17/18,であれ～であれ,"Whether or, No matter which",Que ce soit ~ ou ~,https://bunpro.jp/grammar_points/%E3%81%A7%E3%81%82%E3%82%8C-%E3%81%A7%E3%81%82%E3%82%8C,https://bunpro.jp/fr/grammar_points/%E3%81%A7%E3%81%82%E3%82%8C-%E3%81%A7%E3%81%82%E3%82%8C,https://bunpro.jp/ja/grammar_points/%E3%81%A7%E3%81%82%E3%82%8C-%E3%81%A7%E3%81%82%E3%82%8C
N1,Leçon 3,Général,18/18,を境に,"After (that moment), From (that time)","À partir de ce moment, Depuis lors",https://bunpro.jp/grammar_points/%E3%82%92%E5%A2%83%E3%81%AB,https://bunpro.jp/fr/grammar_points/%E3%82%92%E5%A2%83%E3%81%AB,https://bunpro.jp/ja/grammar_points/%E3%82%92%E5%A2%83%E3%81%AB
N1,Leçon 4,Général,1/18,たら最後,"Once, As soon as","Une fois que, Dès que",https://bunpro.jp/grammar_points/%E3%81%9F%E3%82%89%E6%9C%80%E5%BE%8C,https://bunpro.jp/fr/grammar_points/%E3%81%9F%E3%82%89%E6%9C%80%E5%BE%8C,https://bunpro.jp/ja/grammar_points/%E3%81%9F%E3%82%89%E6%9C%80%E5%BE%8C
N1,Leçon 4,Général,2/18,如なる,"What kind of, No matter what kind",Quel que soit,https://bunpro.jp/grammar_points/%E3%81%84%E3%81%8B%E3%81%AA%E3%82%8B,https://bunpro.jp/fr/grammar_points/%E3%81%84%E3%81%8B%E3%81%AA%E3%82%8B,https://bunpro.jp/ja/grammar_points/%E3%81%84%E3%81%8B%E3%81%AA%E3%82%8B
N1,Leçon 4,Général,3/18,なりに,In one's own way,"À sa façon, De son mieux",https://bunpro.jp/grammar_points/%E3%81%AA%E3%82%8A%E3%81%AB,https://bunpro.jp/fr/grammar_points/%E3%81%AA%E3%82%8A%E3%81%AB,https://bunpro.jp/ja/grammar_points/%E3%81%AA%E3%82%8A%E3%81%AB
N1,Leçon 4,Général,4/18,れる・られる + ままに,"Do as told, In accordance with",Faire comme on l'ordonne,https://bunpro.jp/grammar_points/verb-passive-%E3%81%BE%E3%81%BE%E3%81%AB,https://bunpro.jp/fr/grammar_points/verb-passive-%E3%81%BE%E3%81%BE%E3%81%AB,https://bunpro.jp/ja/grammar_points/verb-passive-%E3%81%BE%E3%81%BE%E3%81%AB
N1,Leçon 4,Général,5/18,に纏わる,"Surrounding, Related to","Entourant, Lié à",https://bunpro.jp/grammar_points/%E3%81%AB%E3%81%BE%E3%81%A4%E3%82%8F%E3%82%8B,https://bunpro.jp/fr/grammar_points/%E3%81%AB%E3%81%BE%E3%81%A4%E3%82%8F%E3%82%8B,https://bunpro.jp/ja/grammar_points/%E3%81%AB%E3%81%BE%E3%81%A4%E3%82%8F%E3%82%8B
N1,Leçon 4,Général,6/18,たるに,"To be (in a position of), As a",Être (dans une position de),https://bunpro.jp/grammar_points/%E3%81%9F%E3%82%8B,https://bunpro.jp/fr/grammar_points/%E3%81%9F%E3%82%8B,https://bunpro.jp/ja/grammar_points/%E3%81%9F%E3%82%8B
N1,Leçon 4,Général,7/18,なら～で,"If ~ should, Before ~ should","Si ~, Avant que ~",https://bunpro.jp/grammar_points/%E3%81%AA%E3%82%89-%E3%81%A7,https://bunpro.jp/fr/grammar_points/%E3%81%AA%E3%82%89-%E3%81%A7,https://bunpro.jp/ja/grammar_points/%E3%81%AA%E3%82%89-%E3%81%A7
N1,Leçon 4,Général,8/18,をものともせず,"Ignoring, In defiance of","Sans se soucier de, Bravant",https://bunpro.jp/grammar_points/%E3%82%92%E3%82%82%E3%81%AE%E3%81%A8%E3%82%82%E3%81%9B%E3%81%9A,https://bunpro.jp/fr/grammar_points/%E3%82%92%E3%82%82%E3%81%AE%E3%81%A8%E3%82%82%E3%81%9B%E3%81%9A,https://bunpro.jp/ja/grammar_points/%E3%82%92%E3%82%82%E3%81%AE%E3%81%A8%E3%82%82%E3%81%9B%E3%81%9A
N1,Leçon 4,Général,9/18,には当たらない,"No need to/for, Not worth it","Pas besoin de, Ça ne vaut pas",https://bunpro.jp/grammar_points/%E3%81%AB%E3%81%AF%E5%BD%93%E3%81%9F%E3%82%89%E3%81%AA%E3%81%84,https://bunpro.jp/fr/grammar_points/%E3%81%AB%E3%81%AF%E5%BD%93%E3%81%9F%E3%82%89%E3%81%AA%E3%81%84,https://bunpro.jp/ja/grammar_points/%E3%81%AB%E3%81%AF%E5%BD%93%E3%81%9F%E3%82%89%E3%81%AA%E3%81%84
N1,Leçon 4,Général,10/18,ものと思う,"Think that, Believe that","Penser que, Croire que",https://bunpro.jp/grammar_points/%E3%82%82%E3%81%AE%E3%81%A8%E6%80%9D%E3%81%86,https://bunpro.jp/fr/grammar_points/%E3%82%82%E3%81%AE%E3%81%A8%E6%80%9D%E3%81%86,https://bunpro.jp/ja/grammar_points/%E3%82%82%E3%81%AE%E3%81%A8%E6%80%9D%E3%81%86
N1,Leçon 4,Général,11/18,を踏まえて,"Based on, Taking into account","Sur la base de, En tenant compte",https://bunpro.jp/grammar_points/%E3%82%92%E8%B8%8F%E3%81%BE%E3%81%88%E3%81%A6,https://bunpro.jp/fr/grammar_points/%E3%82%92%E8%B8%8F%E3%81%BE%E3%81%88%E3%81%A6,https://bunpro.jp/ja/grammar_points/%E3%82%92%E8%B8%8F%E3%81%BE%E3%81%88%E3%81%A6
N1,Leçon 4,Général,12/18,故に,"Because, Due to, Therefore","Parce que, En raison de",https://bunpro.jp/grammar_points/%E3%82%86%E3%81%88%E3%81%AB,https://bunpro.jp/fr/grammar_points/%E3%82%86%E3%81%88%E3%81%AB,https://bunpro.jp/ja/grammar_points/%E3%82%86%E3%81%88%E3%81%AB
N1,Leçon 4,Général,13/18,という,"Every single, Each and every","Tout, Chaque",https://bunpro.jp/grammar_points/%E3%81%A8%E3%81%84%E3%81%86,https://bunpro.jp/fr/grammar_points/%E3%81%A8%E3%81%84%E3%81%86,https://bunpro.jp/ja/grammar_points/%E3%81%A8%E3%81%84%E3%81%86
N1,Leçon 4,Général,14/18,に止まらず,"Not limited to, Not only but also",Non limité à,https://bunpro.jp/grammar_points/%E3%81%AB%E3%81%A8%E3%81%A9%E3%81%BE%E3%82%89%E3%81%9A,https://bunpro.jp/fr/grammar_points/%E3%81%AB%E3%81%A8%E3%81%A9%E3%81%BE%E3%82%89%E3%81%9A,https://bunpro.jp/ja/grammar_points/%E3%81%AB%E3%81%A8%E3%81%A9%E3%81%BE%E3%82%89%E3%81%9A
N1,Leçon 4,Général,15/18,と思いきや,"Thought...but, Despite having thought",Pensait que... mais,https://bunpro.jp/grammar_points/%E3%81%A8%E6%80%9D%E3%81%84%E3%81%8D%E3%82%84,https://bunpro.jp/fr/grammar_points/%E3%81%A8%E6%80%9D%E3%81%84%E3%81%8D%E3%82%84,https://bunpro.jp/ja/grammar_points/%E3%81%A8%E6%80%9D%E3%81%84%E3%81%8D%E3%82%84
N1,Leçon 4,Général,16/18,どうにも,"Cannot, There is no way","Rien à faire, Impossible",https://bunpro.jp/grammar_points/%E3%81%A9%E3%81%86%E3%81%AB%E3%82%82,https://bunpro.jp/fr/grammar_points/%E3%81%A9%E3%81%86%E3%81%AB%E3%82%82,https://bunpro.jp/ja/grammar_points/%E3%81%A9%E3%81%86%E3%81%AB%E3%82%82
N1,Leçon 4,Général,17/18,ことだし,"(And) so, Because, Since","Alors, Parce que",https://bunpro.jp/grammar_points/%E3%81%93%E3%81%A8%E3%81%A0%E3%81%97,https://bunpro.jp/fr/grammar_points/%E3%81%93%E3%81%A8%E3%81%A0%E3%81%97,https://bunpro.jp/ja/grammar_points/%E3%81%93%E3%81%A8%E3%81%A0%E3%81%97
N1,Leçon 4,Général,18/18,がん～,"Totally, Seriously, Completely","Complètement, Sérieusement",https://bunpro.jp/grammar_points/%E3%81%8C%E3%82%93-totally,https://bunpro.jp/fr/grammar_points/%E3%81%8C%E3%82%93-totally,https://bunpro.jp/ja/grammar_points/%E3%81%8C%E3%82%93-totally
N1,Leçon 5,Général,1/18,か否か,Whether or not,Que ce soit ou non,https://bunpro.jp/grammar_points/%E3%81%8B%E5%90%A6%E3%81%8B,https://bunpro.jp/fr/grammar_points/%E3%81%8B%E5%90%A6%E3%81%8B,https://bunpro.jp/ja/grammar_points/%E3%81%8B%E5%90%A6%E3%81%8B
N1,Leçon 5,Général,2/18,たら～で,"Even if, If","Même si, Si",https://bunpro.jp/grammar_points/%E3%81%9F%E3%82%89-%E3%81%A7,https://bunpro.jp/fr/grammar_points/%E3%81%9F%E3%82%89-%E3%81%A7,https://bunpro.jp/ja/grammar_points/%E3%81%9F%E3%82%89-%E3%81%A7
N1,Leçon 5,Général,3/18,べくして,"As expected, Destined to","Comme prévu, Destiné à",https://bunpro.jp/grammar_points/%E3%81%B9%E3%81%8F%E3%81%97%E3%81%A6,https://bunpro.jp/fr/grammar_points/%E3%81%B9%E3%81%8F%E3%81%97%E3%81%A6,https://bunpro.jp/ja/grammar_points/%E3%81%B9%E3%81%8F%E3%81%97%E3%81%A6
N1,Leçon 5,Général,4/18,ままに (As Desired),"As one likes, Spontaneously",Comme bon lui semble,https://bunpro.jp/grammar_points/%E3%81%BE%E3%81%BE%E3%81%AB,https://bunpro.jp/fr/grammar_points/%E3%81%BE%E3%81%BE%E3%81%AB,https://bunpro.jp/ja/grammar_points/%E3%81%BE%E3%81%BE%E3%81%AB
N1,Leçon 5,Général,5/18,かれ～かれ,"Or, Either or","Ou, L'un ou l'autre",https://bunpro.jp/grammar_points/%E3%81%8B%E3%82%8C-%E3%81%8B%E3%82%8C,https://bunpro.jp/fr/grammar_points/%E3%81%8B%E3%82%8C-%E3%81%8B%E3%82%8C,https://bunpro.jp/ja/grammar_points/%E3%81%8B%E3%82%8C-%E3%81%8B%E3%82%8C
N1,Leçon 5,Général,6/18,～に～ない,Cannot even if wants,Même si on le voulait,https://bunpro.jp/grammar_points/-%E3%81%AB-%E3%81%AA%E3%81%84,https://bunpro.jp/fr/grammar_points/-%E3%81%AB-%E3%81%AA%E3%81%84,https://bunpro.jp/ja/grammar_points/-%E3%81%AB-%E3%81%AA%E3%81%84
N1,Leçon 5,Général,7/18,なくしては,"Without, If not for","Sans, S'il n'y avait pas",https://bunpro.jp/grammar_points/%E3%81%AA%E3%81%8F%E3%81%97%E3%81%A6-%E3%81%AF,https://bunpro.jp/fr/grammar_points/%E3%81%AA%E3%81%8F%E3%81%97%E3%81%A6-%E3%81%AF,https://bunpro.jp/ja/grammar_points/%E3%81%AA%E3%81%8F%E3%81%97%E3%81%A6-%E3%81%AF
N1,Leçon 5,Général,8/18,のなんのって,"So much that, Extremely","Tellement que, Extrêmement",https://bunpro.jp/grammar_points/%E3%81%AE%E3%81%AA%E3%82%93%E3%81%AE%E3%81%A3%E3%81%A6,https://bunpro.jp/fr/grammar_points/%E3%81%AE%E3%81%AA%E3%82%93%E3%81%AE%E3%81%A3%E3%81%A6,https://bunpro.jp/ja/grammar_points/%E3%81%AE%E3%81%AA%E3%82%93%E3%81%AE%E3%81%A3%E3%81%A6
N1,Leçon 5,Général,9/18,にかかっている,To depend on,Dépend de,https://bunpro.jp/grammar_points/%E3%81%AB%E3%81%8B%E3%81%8B%E3%81%A3%E3%81%A6%E3%81%84%E3%82%8B,https://bunpro.jp/fr/grammar_points/%E3%81%AB%E3%81%8B%E3%81%8B%E3%81%A3%E3%81%A6%E3%81%84%E3%82%8B,https://bunpro.jp/ja/grammar_points/%E3%81%AB%E3%81%8B%E3%81%8B%E3%81%A3%E3%81%A6%E3%81%84%E3%82%8B
N1,Leçon 5,Général,10/18,て止まない,"Never cease to, Always, Greatly","Ne jamais cesser de, Sincèrement",https://bunpro.jp/grammar_points/%E3%81%A6%E3%82%84%E3%81%BE%E3%81%AA%E3%81%84,https://bunpro.jp/fr/grammar_points/%E3%81%A6%E3%82%84%E3%81%BE%E3%81%AA%E3%81%84,https://bunpro.jp/ja/grammar_points/%E3%81%A6%E3%82%84%E3%81%BE%E3%81%AA%E3%81%84
N1,Leçon 5,Général,11/18,くらいなら,Would rather...than,Plutôt... que de,https://bunpro.jp/grammar_points/%E3%81%90%E3%82%89%E3%81%84%E3%81%AA%E3%82%89,https://bunpro.jp/fr/grammar_points/%E3%81%90%E3%82%89%E3%81%84%E3%81%AA%E3%82%89,https://bunpro.jp/ja/grammar_points/%E3%81%90%E3%82%89%E3%81%84%E3%81%AA%E3%82%89
N1,Leçon 5,Général,12/18,ってば,"I said...!, I told you...!","Je t'ai dit...!, J'ai dit...!",https://bunpro.jp/grammar_points/%E3%81%A3%E3%81%A6%E3%81%B0-%E3%81%A3%E3%81%9F%E3%82%89,https://bunpro.jp/fr/grammar_points/%E3%81%A3%E3%81%A6%E3%81%B0-%E3%81%A3%E3%81%9F%E3%82%89,https://bunpro.jp/ja/grammar_points/%E3%81%A3%E3%81%A6%E3%81%B0-%E3%81%A3%E3%81%9F%E3%82%89
N1,Leçon 5,Général,13/18,ずとも,"Even if not, Without","Même sans, Sans avoir besoin de",https://bunpro.jp/grammar_points/%E3%81%9A%E3%81%A8%E3%82%82,https://bunpro.jp/fr/grammar_points/%E3%81%9A%E3%81%A8%E3%82%82,https://bunpro.jp/ja/grammar_points/%E3%81%9A%E3%81%A8%E3%82%82
N1,Leçon 5,Général,14/18,とあって,Since... (no wonder that),Puisque... (pas étonnant que),https://bunpro.jp/grammar_points/%E3%81%A8%E3%81%82%E3%81%A3%E3%81%A6,https://bunpro.jp/fr/grammar_points/%E3%81%A8%E3%81%82%E3%81%A3%E3%81%A6,https://bunpro.jp/ja/grammar_points/%E3%81%A8%E3%81%82%E3%81%A3%E3%81%A6
N1,Leçon 5,Général,15/18,でもなんでもない,"Not at all, By no means","Pas du tout, En aucun cas",https://bunpro.jp/grammar_points/%E3%81%A7%E3%82%82%E3%81%AA%E3%82%93%E3%81%A7%E3%82%82%E3%81%AA%E3%81%84,https://bunpro.jp/fr/grammar_points/%E3%81%A7%E3%82%82%E3%81%AA%E3%82%93%E3%81%A7%E3%82%82%E3%81%AA%E3%81%84,https://bunpro.jp/ja/grammar_points/%E3%81%A7%E3%82%82%E3%81%AA%E3%82%93%E3%81%A7%E3%82%82%E3%81%AA%E3%81%84
N1,Leçon 5,Général,16/18,包みで,"Whole, Entire, All of","Entier, Dans sa totalité",https://bunpro.jp/grammar_points/%E3%81%90%E3%82%8B%E3%81%BF%E3%81%A7,https://bunpro.jp/fr/grammar_points/%E3%81%90%E3%82%8B%E3%81%BF%E3%81%A7,https://bunpro.jp/ja/grammar_points/%E3%81%90%E3%82%8B%E3%81%BF%E3%81%A7
N1,Leçon 5,Général,17/18,そばから,"As soon as, Right after","Dès que, Aussitôt que",https://bunpro.jp/grammar_points/%E3%81%9D%E3%81%B0%E3%81%8B%E3%82%89,https://bunpro.jp/fr/grammar_points/%E3%81%9D%E3%81%B0%E3%81%8B%E3%82%89,https://bunpro.jp/ja/grammar_points/%E3%81%9D%E3%81%B0%E3%81%8B%E3%82%89
N1,Leçon 5,Général,18/18,訳あり,"Due to reasons, Problematic","Pour des raisons, Défectueux",https://bunpro.jp/grammar_points/%E8%A8%B3%E3%81%82%E3%82%8A,https://bunpro.jp/fr/grammar_points/%E8%A8%B3%E3%81%82%E3%82%8A,https://bunpro.jp/ja/grammar_points/%E8%A8%B3%E3%81%82%E3%82%8A
N1,Leçon 6,Général,1/18,に至って,"Only when, Only after","Seulement quand, Seulement après",https://bunpro.jp/grammar_points/%E3%81%AB%E8%87%B3%E3%81%A3%E3%81%A6-%E3%81%AB%E8%87%B3%E3%82%8A,https://bunpro.jp/fr/grammar_points/%E3%81%AB%E8%87%B3%E3%81%A3%E3%81%A6-%E3%81%AB%E8%87%B3%E3%82%8A,https://bunpro.jp/ja/grammar_points/%E3%81%AB%E8%87%B3%E3%81%A3%E3%81%A6-%E3%81%AB%E8%87%B3%E3%82%8A
N1,Leçon 6,Général,2/18,だに + しない,"Not even, Not at all","Pas même, Pas du tout",https://bunpro.jp/grammar_points/%E3%81%A0%E3%81%AB-%E3%81%97%E3%81%AA%E3%81%84,https://bunpro.jp/fr/grammar_points/%E3%81%A0%E3%81%AB-%E3%81%97%E3%81%AA%E3%81%84,https://bunpro.jp/ja/grammar_points/%E3%81%A0%E3%81%AB-%E3%81%97%E3%81%AA%E3%81%84
N1,Leçon 6,Général,3/18,がてら,"On the occasion of, While also","À l'occasion de, Tout en",https://bunpro.jp/grammar_points/%E3%81%8C%E3%81%A6%E3%82%89,https://bunpro.jp/fr/grammar_points/%E3%81%8C%E3%81%A6%E3%82%89,https://bunpro.jp/ja/grammar_points/%E3%81%8C%E3%81%A6%E3%82%89
N1,Leçon 6,Général,4/18,んが為に,"In order to, For the purpose of","Dans le but de, Afin de",https://bunpro.jp/grammar_points/%E3%82%93%E3%81%8C%E3%81%9F%E3%82%81-%E3%81%AB,https://bunpro.jp/fr/grammar_points/%E3%82%93%E3%81%8C%E3%81%9F%E3%82%81-%E3%81%AB,https://bunpro.jp/ja/grammar_points/%E3%82%93%E3%81%8C%E3%81%9F%E3%82%81-%E3%81%AB
N1,Leçon 6,Général,5/18,いかん～ず,"Regardless of, Irrespective of",Indépendamment de,https://bunpro.jp/grammar_points/%E3%81%84%E3%81%8B%E3%82%93-%E3%81%9A,https://bunpro.jp/fr/grammar_points/%E3%81%84%E3%81%8B%E3%82%93-%E3%81%9A,https://bunpro.jp/ja/grammar_points/%E3%81%84%E3%81%8B%E3%82%93-%E3%81%9A
N1,Leçon 6,Général,6/18,う・よう + にも～ない,Cannot even if one wants,Ne peut pas même si on le voulait,https://bunpro.jp/grammar_points/%E3%81%AB%E3%82%82-%E3%81%AA%E3%81%84,https://bunpro.jp/fr/grammar_points/%E3%81%AB%E3%82%82-%E3%81%AA%E3%81%84,https://bunpro.jp/ja/grammar_points/%E3%81%AB%E3%82%82-%E3%81%AA%E3%81%84
N1,Leçon 6,Général,7/18,く + もなんともない,"Not... or anything, Not at all","Pas du tout, En aucun cas",https://bunpro.jp/grammar_points/%E3%81%84-adj-%E3%81%8F-%E3%82%82%E3%81%AA%E3%82%93%E3%81%A8%E3%82%82%E3%81%AA%E3%81%84,https://bunpro.jp/fr/grammar_points/%E3%81%84-adj-%E3%81%8F-%E3%82%82%E3%81%AA%E3%82%93%E3%81%A8%E3%82%82%E3%81%AA%E3%81%84,https://bunpro.jp/ja/grammar_points/%E3%81%84-adj-%E3%81%8F-%E3%82%82%E3%81%AA%E3%82%93%E3%81%A8%E3%82%82%E3%81%AA%E3%81%84
N1,Leçon 6,Général,8/18,(Verb) + だに,"Just, Even just","Juste, Même juste",https://bunpro.jp/grammar_points/verb-%E3%81%A0%E3%81%AB,https://bunpro.jp/fr/grammar_points/verb-%E3%81%A0%E3%81%AB,https://bunpro.jp/ja/grammar_points/verb-%E3%81%A0%E3%81%AB
N1,Leçon 6,Général,9/18,～なり～なり,"Or, Either or","Ou, Soit... soit",https://bunpro.jp/grammar_points/-%E3%81%AA%E3%82%8A-%E3%81%AA%E3%82%8A,https://bunpro.jp/fr/grammar_points/-%E3%81%AA%E3%82%8A-%E3%81%AA%E3%82%8A,https://bunpro.jp/ja/grammar_points/-%E3%81%AA%E3%82%8A-%E3%81%AA%E3%82%8A
N1,Leçon 6,Général,10/18,ないでもない,"Kind of, Might, Somewhat","Un peu, En quelque sorte",https://bunpro.jp/grammar_points/%E3%81%AA%E3%81%84%E3%81%A7%E3%82%82%E3%81%AA%E3%81%84,https://bunpro.jp/fr/grammar_points/%E3%81%AA%E3%81%84%E3%81%A7%E3%82%82%E3%81%AA%E3%81%84,https://bunpro.jp/ja/grammar_points/%E3%81%AA%E3%81%84%E3%81%A7%E3%82%82%E3%81%AA%E3%81%84
N1,Leçon 6,Général,11/18,もさることながら,Not only but even more,"C'est un fait mais, Encore plus",https://bunpro.jp/grammar_points/%E3%82%82%E3%81%95%E3%82%8B%E3%81%93%E3%81%A8%E3%81%AA%E3%81%8C%E3%82%89,https://bunpro.jp/fr/grammar_points/%E3%82%82%E3%81%95%E3%82%8B%E3%81%93%E3%81%A8%E3%81%AA%E3%81%8C%E3%82%89,https://bunpro.jp/ja/grammar_points/%E3%82%82%E3%81%95%E3%82%8B%E3%81%93%E3%81%A8%E3%81%AA%E3%81%8C%E3%82%89
N1,Leçon 6,Général,12/18,ものと思っていた,Was under the impression that,Avait l'impression que,https://bunpro.jp/grammar_points/%E3%82%82%E3%81%AE%E3%81%A8%E6%80%9D%E3%81%A3%E3%81%A6%E3%81%84%E3%81%9F,https://bunpro.jp/fr/grammar_points/%E3%82%82%E3%81%AE%E3%81%A8%E6%80%9D%E3%81%A3%E3%81%A6%E3%81%84%E3%81%9F,https://bunpro.jp/ja/grammar_points/%E3%82%82%E3%81%AE%E3%81%A8%E6%80%9D%E3%81%A3%E3%81%A6%E3%81%84%E3%81%9F
N1,Leçon 6,Général,13/18,でなくてなんだろう,If … is not … then what is?,"Si ~ n'est pas ~, qu'est-ce que c'est ?",https://bunpro.jp/grammar_points/%E3%81%A7%E3%81%AA%E3%81%8F%E3%81%A6%E3%81%AA%E3%82%93%E3%81%A0%E3%82%8D%E3%81%86,https://bunpro.jp/fr/grammar_points/%E3%81%A7%E3%81%AA%E3%81%8F%E3%81%A6%E3%81%AA%E3%82%93%E3%81%A0%E3%82%8D%E3%81%86,https://bunpro.jp/ja/grammar_points/%E3%81%A7%E3%81%AA%E3%81%8F%E3%81%A6%E3%81%AA%E3%82%93%E3%81%A0%E3%82%8D%E3%81%86
N1,Leçon 6,Général,14/18,はさておき,"(Leaving) aside, Apart",Mis à part,https://bunpro.jp/grammar_points/%E3%81%AF%E3%81%95%E3%81%A6%E3%81%8A%E3%81%8D-%E3%81%AF%E3%81%95%E3%81%A6%E3%81%8A%E3%81%84%E3%81%A6,https://bunpro.jp/fr/grammar_points/%E3%81%AF%E3%81%95%E3%81%A6%E3%81%8A%E3%81%8D-%E3%81%AF%E3%81%95%E3%81%A6%E3%81%8A%E3%81%84%E3%81%A6,https://bunpro.jp/ja/grammar_points/%E3%81%AF%E3%81%95%E3%81%A6%E3%81%8A%E3%81%8D-%E3%81%AF%E3%81%95%E3%81%A6%E3%81%8A%E3%81%84%E3%81%A6
N1,Leçon 6,Général,15/18,折には,"When, Occasion, Opportunity","Quand, À l'occasion",https://bunpro.jp/grammar_points/%E6%8A%98%E3%81%AB%E3%81%AF,https://bunpro.jp/fr/grammar_points/%E6%8A%98%E3%81%AB%E3%81%AF,https://bunpro.jp/ja/grammar_points/%E6%8A%98%E3%81%AB%E3%81%AF
N1,Leçon 6,Général,16/18,とばかりに,"As if (to say), Seeming that",Comme si (pour dire),https://bunpro.jp/grammar_points/%E3%81%A8%E3%81%B0%E3%81%8B%E3%82%8A,https://bunpro.jp/fr/grammar_points/%E3%81%A8%E3%81%B0%E3%81%8B%E3%82%8A,https://bunpro.jp/ja/grammar_points/%E3%81%A8%E3%81%B0%E3%81%8B%E3%82%8A
N1,Leçon 6,Général,17/18,わ～わ,"~and ~and, Keep ~ing","~et ~et, Continuer à",https://bunpro.jp/grammar_points/%E3%82%8F-%E3%82%8F,https://bunpro.jp/fr/grammar_points/%E3%82%8F-%E3%82%8F,https://bunpro.jp/ja/grammar_points/%E3%82%8F-%E3%82%8F
N1,Leçon 6,Général,18/18,なりとも,"Even (a little), At least","Même (un peu), Au moins",https://bunpro.jp/grammar_points/%E3%81%AA%E3%82%8A%E3%81%A8%E3%82%82,https://bunpro.jp/fr/grammar_points/%E3%81%AA%E3%82%8A%E3%81%A8%E3%82%82,https://bunpro.jp/ja/grammar_points/%E3%81%AA%E3%82%8A%E3%81%A8%E3%82%82
N1,Leçon 7,Général,1/18,に至っても,Even when,Même quand,https://bunpro.jp/grammar_points/%E3%81%AB%E8%87%B3%E3%81%A3%E3%81%A6%E3%82%82,https://bunpro.jp/fr/grammar_points/%E3%81%AB%E8%87%B3%E3%81%A3%E3%81%A6%E3%82%82,https://bunpro.jp/ja/grammar_points/%E3%81%AB%E8%87%B3%E3%81%A3%E3%81%A6%E3%82%82
N1,Leçon 7,Général,2/18,を兼ねて,"And also, At the same time","Et aussi, En même temps",https://bunpro.jp/grammar_points/%E3%82%92%E5%85%BC%E3%81%AD%E3%81%A6,https://bunpro.jp/fr/grammar_points/%E3%82%92%E5%85%BC%E3%81%AD%E3%81%A6,https://bunpro.jp/ja/grammar_points/%E3%82%92%E5%85%BC%E3%81%AD%E3%81%A6
N1,Leçon 7,Général,3/18,ないものだろうか,"(Why) can't, Wish that",(Pourquoi) ne peut-on pas,https://bunpro.jp/grammar_points/verb-%E3%81%AA%E3%81%84%E3%82%82%E3%81%AE-%E3%81%A0%E3%82%8D%E3%81%86%E3%81%8B,https://bunpro.jp/fr/grammar_points/verb-%E3%81%AA%E3%81%84%E3%82%82%E3%81%AE-%E3%81%A0%E3%82%8D%E3%81%86%E3%81%8B,https://bunpro.jp/ja/grammar_points/verb-%E3%81%AA%E3%81%84%E3%82%82%E3%81%AE-%E3%81%A0%E3%82%8D%E3%81%86%E3%81%8B
N1,Leçon 7,Général,4/18,て見せる,"I will definitely, Just watch",Je vais certainement,https://bunpro.jp/grammar_points/verb-%E3%81%A6-%E3%81%BF%E3%81%9B%E3%82%8B,https://bunpro.jp/fr/grammar_points/verb-%E3%81%A6-%E3%81%BF%E3%81%9B%E3%82%8B,https://bunpro.jp/ja/grammar_points/verb-%E3%81%A6-%E3%81%BF%E3%81%9B%E3%82%8B
N1,Leçon 7,Général,5/18,相まって,"Combined with, Coupled with","Combiné avec, Associé à",https://bunpro.jp/grammar_points/%E7%9B%B8%E3%81%BE%E3%81%A3%E3%81%A6,https://bunpro.jp/fr/grammar_points/%E7%9B%B8%E3%81%BE%E3%81%A3%E3%81%A6,https://bunpro.jp/ja/grammar_points/%E7%9B%B8%E3%81%BE%E3%81%A3%E3%81%A6
N1,Leçon 7,Général,6/18,に足りない,"To not be worthy, To lack","Pas digne de, Pas suffisant",https://bunpro.jp/grammar_points/%E3%81%AB%E8%B6%B3%E3%82%8A%E3%81%AA%E3%81%84,https://bunpro.jp/fr/grammar_points/%E3%81%AB%E8%B6%B3%E3%82%8A%E3%81%AA%E3%81%84,https://bunpro.jp/ja/grammar_points/%E3%81%AB%E8%B6%B3%E3%82%8A%E3%81%AA%E3%81%84
N1,Leçon 7,Général,7/18,べからず,"Do not, Must not","Ne pas, Ne doit pas",https://bunpro.jp/grammar_points/%E3%81%B9%E3%81%8B%E3%82%89%E3%81%9A,https://bunpro.jp/fr/grammar_points/%E3%81%B9%E3%81%8B%E3%82%89%E3%81%9A,https://bunpro.jp/ja/grammar_points/%E3%81%B9%E3%81%8B%E3%82%89%E3%81%9A
N1,Leçon 7,Général,8/18,んばかりに,"As if, About to","Comme si, Sur le point de",https://bunpro.jp/grammar_points/%E3%82%93%E3%81%B0%E3%81%8B%E3%82%8A%E3%81%AB,https://bunpro.jp/fr/grammar_points/%E3%82%93%E3%81%B0%E3%81%8B%E3%82%8A%E3%81%AB,https://bunpro.jp/ja/grammar_points/%E3%82%93%E3%81%B0%E3%81%8B%E3%82%8A%E3%81%AB
N1,Leçon 7,Général,9/18,に則って,"According to, Based on","Conformément à, Selon",https://bunpro.jp/grammar_points/%E3%81%AB%E5%89%87%E3%81%A3%E3%81%A6-%E3%81%AB%E5%89%87%E3%82%8A,https://bunpro.jp/fr/grammar_points/%E3%81%AB%E5%89%87%E3%81%A3%E3%81%A6-%E3%81%AB%E5%89%87%E3%82%8A,https://bunpro.jp/ja/grammar_points/%E3%81%AB%E5%89%87%E3%81%A3%E3%81%A6-%E3%81%AB%E5%89%87%E3%82%8A
N1,Leçon 7,Général,10/18,(Adjective) + 限りだ,"Extremely, Really","Extrêmement, Vraiment",https://bunpro.jp/grammar_points/adj%E9%99%90%E3%82%8A%E3%81%A0,https://bunpro.jp/fr/grammar_points/adj%E9%99%90%E3%82%8A%E3%81%A0,https://bunpro.jp/ja/grammar_points/adj%E9%99%90%E3%82%8A%E3%81%A0
N1,Leçon 7,Général,11/18,は疎か,"Let alone, Much less","Sans parler de, Encore moins",https://bunpro.jp/grammar_points/%E3%81%AF%E3%81%8A%E3%82%8D%E3%81%8B,https://bunpro.jp/fr/grammar_points/%E3%81%AF%E3%81%8A%E3%82%8D%E3%81%8B,https://bunpro.jp/ja/grammar_points/%E3%81%AF%E3%81%8A%E3%82%8D%E3%81%8B
N1,Leçon 7,Général,12/18,めく,"Like, To show signs of","Comme, Avoir l'air de",https://bunpro.jp/grammar_points/%E3%82%81%E3%81%8F-%E3%82%81%E3%81%84%E3%81%9F,https://bunpro.jp/fr/grammar_points/%E3%82%81%E3%81%8F-%E3%82%81%E3%81%84%E3%81%9F,https://bunpro.jp/ja/grammar_points/%E3%82%81%E3%81%8F-%E3%82%81%E3%81%84%E3%81%9F
N1,Leçon 7,Général,13/18,と言わず,Not only A or B but every-,Non seulement A ou B mais tout,https://bunpro.jp/grammar_points/%E3%81%A8%E3%81%84%E3%82%8F%E3%81%9A,https://bunpro.jp/fr/grammar_points/%E3%81%A8%E3%81%84%E3%82%8F%E3%81%9A,https://bunpro.jp/ja/grammar_points/%E3%81%A8%E3%81%84%E3%82%8F%E3%81%9A
N1,Leçon 7,Général,14/18,にも程がある,"There is a limit to, You are too...",Il y a des limites,https://bunpro.jp/grammar_points/%E3%81%AB%E3%82%82%E3%81%BB%E3%81%A9%E3%81%8C%E3%81%82%E3%82%8B,https://bunpro.jp/fr/grammar_points/%E3%81%AB%E3%82%82%E3%81%BB%E3%81%A9%E3%81%8C%E3%81%82%E3%82%8B,https://bunpro.jp/ja/grammar_points/%E3%81%AB%E3%82%82%E3%81%BB%E3%81%A9%E3%81%8C%E3%81%82%E3%82%8B
N1,Leçon 7,Général,15/18,にもまして,"Even more than, More than anything",Encore plus que,https://bunpro.jp/grammar_points/%E3%81%AB%E3%82%82%E3%81%BE%E3%81%97%E3%81%A6,https://bunpro.jp/fr/grammar_points/%E3%81%AB%E3%82%82%E3%81%BE%E3%81%97%E3%81%A6,https://bunpro.jp/ja/grammar_points/%E3%81%AB%E3%82%82%E3%81%BE%E3%81%97%E3%81%A6
N1,Leçon 7,Général,16/18,捲る,"Like crazy, Keep doing","Comme un fou, Continuer sans cesse",https://bunpro.jp/grammar_points/%E3%81%BE%E3%81%8F%E3%82%8B,https://bunpro.jp/fr/grammar_points/%E3%81%BE%E3%81%8F%E3%82%8B,https://bunpro.jp/ja/grammar_points/%E3%81%BE%E3%81%8F%E3%82%8B
N1,Leçon 7,Général,17/18,わ～わで,"And...so, And...because","Et...donc, Et...parce que",https://bunpro.jp/grammar_points/%E3%82%8F-%E3%82%8F%E3%81%A7,https://bunpro.jp/fr/grammar_points/%E3%82%8F-%E3%82%8F%E3%81%A7,https://bunpro.jp/ja/grammar_points/%E3%82%8F-%E3%82%8F%E3%81%A7
N1,Leçon 7,Général,18/18,どうにか,Somehow (or other),D'une façon ou d'une autre,https://bunpro.jp/grammar_points/%E3%81%A9%E3%81%86%E3%81%AB%E3%81%8B,https://bunpro.jp/fr/grammar_points/%E3%81%A9%E3%81%86%E3%81%AB%E3%81%8B,https://bunpro.jp/ja/grammar_points/%E3%81%A9%E3%81%86%E3%81%AB%E3%81%8B
N1,Leçon 8,Général,1/20,や否や,"As soon as, No sooner than","Dès que, Au moment même où",https://bunpro.jp/grammar_points/%E3%82%84%E5%90%A6%E3%82%84,https://bunpro.jp/fr/grammar_points/%E3%82%84%E5%90%A6%E3%82%84,https://bunpro.jp/ja/grammar_points/%E3%82%84%E5%90%A6%E3%82%84
N1,Leçon 8,Général,2/20,次第です,"Because the reason is, This is why",Parce que la raison est,https://bunpro.jp/grammar_points/%E6%AC%A1%E7%AC%AC%E3%81%A7%E3%81%99,https://bunpro.jp/fr/grammar_points/%E6%AC%A1%E7%AC%AC%E3%81%A7%E3%81%99,https://bunpro.jp/ja/grammar_points/%E6%AC%A1%E7%AC%AC%E3%81%A7%E3%81%99
N1,Leçon 8,Général,3/20,というところ,"I would say (about), About",Je dirais (environ),https://bunpro.jp/grammar_points/%E3%81%A8%E3%81%84%E3%81%86%E3%81%A8%E3%81%93%E3%82%8D,https://bunpro.jp/fr/grammar_points/%E3%81%A8%E3%81%84%E3%81%86%E3%81%A8%E3%81%93%E3%82%8D,https://bunpro.jp/ja/grammar_points/%E3%81%A8%E3%81%84%E3%81%86%E3%81%A8%E3%81%93%E3%82%8D
N1,Leçon 8,Général,4/20,1～たりとも～ない,"Not even one, Not a single","Pas même un, Pas un seul",https://bunpro.jp/grammar_points/%EF%BC%91-%E3%82%8A%E3%81%A8%E3%82%82-%E3%81%AA%E3%81%84,https://bunpro.jp/fr/grammar_points/%EF%BC%91-%E3%82%8A%E3%81%A8%E3%82%82-%E3%81%AA%E3%81%84,https://bunpro.jp/ja/grammar_points/%EF%BC%91-%E3%82%8A%E3%81%A8%E3%82%82-%E3%81%AA%E3%81%84
N1,Leçon 8,Général,5/20,といったらない,"Cannot express how, Extremely",Les mots ne peuvent exprimer,https://bunpro.jp/grammar_points/%E3%81%A3%E3%81%9F%E3%82%89%E3%81%AA%E3%81%84%E3%83%BB%E3%81%A8%E3%81%84%E3%81%A3%E3%81%9F%E3%82%89%E3%81%AA%E3%81%84,https://bunpro.jp/fr/grammar_points/%E3%81%A3%E3%81%9F%E3%82%89%E3%81%AA%E3%81%84%E3%83%BB%E3%81%A8%E3%81%84%E3%81%A3%E3%81%9F%E3%82%89%E3%81%AA%E3%81%84,https://bunpro.jp/ja/grammar_points/%E3%81%A3%E3%81%9F%E3%82%89%E3%81%AA%E3%81%84%E3%83%BB%E3%81%A8%E3%81%84%E3%81%A3%E3%81%9F%E3%82%89%E3%81%AA%E3%81%84
N1,Leçon 8,Général,6/20,に照らして,"In light of, Based on, In view of","À la lumière de, Sur la base de",https://bunpro.jp/grammar_points/%E3%81%AB%E7%85%A7%E3%82%89%E3%81%97%E3%81%A6%E3%83%BB%E3%81%AB%E7%85%A7%E3%82%89%E3%81%99%E3%81%A8,https://bunpro.jp/fr/grammar_points/%E3%81%AB%E7%85%A7%E3%82%89%E3%81%97%E3%81%A6%E3%83%BB%E3%81%AB%E7%85%A7%E3%82%89%E3%81%99%E3%81%A8,https://bunpro.jp/ja/grammar_points/%E3%81%AB%E7%85%A7%E3%82%89%E3%81%97%E3%81%A6%E3%83%BB%E3%81%AB%E7%85%A7%E3%82%89%E3%81%99%E3%81%A8
N1,Leçon 8,Général,7/20,とあれば,"(Emphatic) if, If it is the case","Si c'est le cas que, Si",https://bunpro.jp/grammar_points/%E3%81%A8%E3%81%82%E3%82%8C%E3%81%B0,https://bunpro.jp/fr/grammar_points/%E3%81%A8%E3%81%82%E3%82%8C%E3%81%B0,https://bunpro.jp/ja/grammar_points/%E3%81%A8%E3%81%82%E3%82%8C%E3%81%B0
N1,Leçon 8,Général,8/20,さぞ,"You must be very, I dare to say",Vous devez être très,https://bunpro.jp/grammar_points/%E3%81%95%E3%81%9E,https://bunpro.jp/fr/grammar_points/%E3%81%95%E3%81%9E,https://bunpro.jp/ja/grammar_points/%E3%81%95%E3%81%9E
N1,Leçon 8,Général,9/20,と来たら①,"When it comes to, That...of mine",Quand il s'agit de,https://bunpro.jp/grammar_points/%E3%81%A8%E3%81%8D%E3%81%9F%E3%82%891,https://bunpro.jp/fr/grammar_points/%E3%81%A8%E3%81%8D%E3%81%9F%E3%82%891,https://bunpro.jp/ja/grammar_points/%E3%81%A8%E3%81%8D%E3%81%9F%E3%82%891
N1,Leçon 8,Général,10/20,びる,#NOM?,"Ayant l'air de, Ressemblant à",https://bunpro.jp/grammar_points/%E3%81%B3%E3%82%8B,https://bunpro.jp/fr/grammar_points/%E3%81%B3%E3%82%8B,https://bunpro.jp/ja/grammar_points/%E3%81%B3%E3%82%8B
N1,Leçon 8,Général,11/20,にしたところで,"Even, Even for, Even from the perspective","Même pour, Même du point de vue",https://bunpro.jp/grammar_points/%E3%81%AB%E3%81%97%E3%81%9F%E3%81%A8%E3%81%93%E3%82%8D%E3%81%A7,https://bunpro.jp/fr/grammar_points/%E3%81%AB%E3%81%97%E3%81%9F%E3%81%A8%E3%81%93%E3%82%8D%E3%81%A7,https://bunpro.jp/ja/grammar_points/%E3%81%AB%E3%81%97%E3%81%9F%E3%81%A8%E3%81%93%E3%82%8D%E3%81%A7
N1,Leçon 8,Général,12/20,ばこそ,"Precisely because, Only because",Précisément parce que,https://bunpro.jp/grammar_points/%E3%81%B0%E3%81%93%E3%81%9D,https://bunpro.jp/fr/grammar_points/%E3%81%B0%E3%81%93%E3%81%9D,https://bunpro.jp/ja/grammar_points/%E3%81%B0%E3%81%93%E3%81%9D
N1,Leçon 8,Général,13/20,ても差し支えない,"May, Do you mind if","Peut, Est-ce un problème si",https://bunpro.jp/grammar_points/%E3%81%A6%E3%82%82%E5%B7%AE%E3%81%97%E6%94%AF%E3%81%88%E3%81%AA%E3%81%84,https://bunpro.jp/fr/grammar_points/%E3%81%A6%E3%82%82%E5%B7%AE%E3%81%97%E6%94%AF%E3%81%88%E3%81%AA%E3%81%84,https://bunpro.jp/ja/grammar_points/%E3%81%A6%E3%82%82%E5%B7%AE%E3%81%97%E6%94%AF%E3%81%88%E3%81%AA%E3%81%84
N1,Leçon 8,Général,14/20,には及ばない①,"No need to, It is fine if you don't",Il n'est pas nécessaire de,https://bunpro.jp/grammar_points/%E3%81%AB%E3%81%AF%E5%8F%8A%E3%81%B0%E3%81%AA%E3%81%841,https://bunpro.jp/fr/grammar_points/%E3%81%AB%E3%81%AF%E5%8F%8A%E3%81%B0%E3%81%AA%E3%81%841,https://bunpro.jp/ja/grammar_points/%E3%81%AB%E3%81%AF%E5%8F%8A%E3%81%B0%E3%81%AA%E3%81%841
N1,Leçon 8,Général,15/20,に即して,"In line with, In accordance with","Conformément à, Selon",https://bunpro.jp/grammar_points/%E3%81%AB%E5%8D%B3%E3%81%97%E3%81%A6,https://bunpro.jp/fr/grammar_points/%E3%81%AB%E5%8D%B3%E3%81%97%E3%81%A6,https://bunpro.jp/ja/grammar_points/%E3%81%AB%E5%8D%B3%E3%81%97%E3%81%A6
N1,Leçon 8,Général,16/20,ないまでも,May not…but (at least),Peut-être pas... mais (au moins),https://bunpro.jp/grammar_points/%E3%81%AA%E3%81%84%E3%81%BE%E3%81%A7%E3%82%82,https://bunpro.jp/fr/grammar_points/%E3%81%AA%E3%81%84%E3%81%BE%E3%81%A7%E3%82%82,https://bunpro.jp/ja/grammar_points/%E3%81%AA%E3%81%84%E3%81%BE%E3%81%A7%E3%82%82
N1,Leçon 8,Général,17/20,を余所に,"Ignoring, Disregarding, Despite","En ignorant, Sans se soucier de",https://bunpro.jp/grammar_points/%E3%82%92%E3%82%88%E3%81%9D%E3%81%AB,https://bunpro.jp/fr/grammar_points/%E3%82%92%E3%82%88%E3%81%9D%E3%81%AB,https://bunpro.jp/ja/grammar_points/%E3%82%92%E3%82%88%E3%81%9D%E3%81%AB
N1,Leçon 8,Général,18/20,に限ったことではない,"Not limited to, Not only","Non limité à, Pas seulement",https://bunpro.jp/grammar_points/%E3%81%AB%E9%99%90%E3%81%A3%E3%81%9F%E3%81%93%E3%81%A8%E3%81%A7%E3%81%AF%E3%81%AA%E3%81%84,https://bunpro.jp/fr/grammar_points/%E3%81%AB%E9%99%90%E3%81%A3%E3%81%9F%E3%81%93%E3%81%A8%E3%81%A7%E3%81%AF%E3%81%AA%E3%81%84,https://bunpro.jp/ja/grammar_points/%E3%81%AB%E9%99%90%E3%81%A3%E3%81%9F%E3%81%93%E3%81%A8%E3%81%A7%E3%81%AF%E3%81%AA%E3%81%84
N1,Leçon 8,Général,19/20,とは比べものにならない,"Nothing compared to, Far greater",Sans comparaison avec,https://bunpro.jp/grammar_points/%E3%81%A8%E3%81%AF%E6%AF%94%E3%81%B9%E3%82%82%E3%81%AE%E3%81%AB%E3%81%AA%E3%82%89%E3%81%AA%E3%81%84,https://bunpro.jp/fr/grammar_points/%E3%81%A8%E3%81%AF%E6%AF%94%E3%81%B9%E3%82%82%E3%81%AE%E3%81%AB%E3%81%AA%E3%82%89%E3%81%AA%E3%81%84,https://bunpro.jp/ja/grammar_points/%E3%81%A8%E3%81%AF%E6%AF%94%E3%81%B9%E3%82%82%E3%81%AE%E3%81%AB%E3%81%AA%E3%82%89%E3%81%AA%E3%81%84
N1,Leçon 8,Général,20/20,を顧みず,"Without regard for, Ignoring","Sans égard pour, En ignorant",https://bunpro.jp/grammar_points/%E3%82%92%E9%A1%A7%E3%81%BF%E3%81%9A,https://bunpro.jp/fr/grammar_points/%E3%82%92%E9%A1%A7%E3%81%BF%E3%81%9A,https://bunpro.jp/ja/grammar_points/%E3%82%92%E9%A1%A7%E3%81%BF%E3%81%9A
N1,Leçon 9,Général,1/20,まじき,"Unbecoming of, Should not","Indigne de, Ne devrait pas",https://bunpro.jp/grammar_points/%E3%81%BE%E3%81%98%E3%81%8D,https://bunpro.jp/fr/grammar_points/%E3%81%BE%E3%81%98%E3%81%8D,https://bunpro.jp/ja/grammar_points/%E3%81%BE%E3%81%98%E3%81%8D
N1,Leçon 9,Général,2/20,の至り,"Utmost, Height of, Extreme","Comble, Summum, Extrême",https://bunpro.jp/grammar_points/%E3%81%AE%E8%87%B3%E3%82%8A,https://bunpro.jp/fr/grammar_points/%E3%81%AE%E8%87%B3%E3%82%8A,https://bunpro.jp/ja/grammar_points/%E3%81%AE%E8%87%B3%E3%82%8A
N1,Leçon 9,Général,3/20,に恥じない,"Lives up to, Worthy of","Digne de, À la hauteur de",https://bunpro.jp/grammar_points/%E3%81%AB%E6%81%A5%E3%81%98%E3%81%AA%E3%81%84,https://bunpro.jp/fr/grammar_points/%E3%81%AB%E6%81%A5%E3%81%98%E3%81%AA%E3%81%84,https://bunpro.jp/ja/grammar_points/%E3%81%AB%E6%81%A5%E3%81%98%E3%81%AA%E3%81%84
N1,Leçon 9,Général,4/20,ずじまい,"Ended up not, Never did",Finalement n'a pas fait,https://bunpro.jp/grammar_points/%E3%81%9A%E3%81%98%E3%81%BE%E3%81%84,https://bunpro.jp/fr/grammar_points/%E3%81%9A%E3%81%98%E3%81%BE%E3%81%84,https://bunpro.jp/ja/grammar_points/%E3%81%9A%E3%81%98%E3%81%BE%E3%81%84
N1,Leçon 9,Général,5/20,に言わせると,"If you ask, In … opinion","Si vous demandez, Selon l'avis de",https://bunpro.jp/grammar_points/%E3%81%AB%E8%A8%80%E3%82%8F%E3%81%9B%E3%82%8C%E3%81%B0,https://bunpro.jp/fr/grammar_points/%E3%81%AB%E8%A8%80%E3%82%8F%E3%81%9B%E3%82%8C%E3%81%B0,https://bunpro.jp/ja/grammar_points/%E3%81%AB%E8%A8%80%E3%82%8F%E3%81%9B%E3%82%8C%E3%81%B0
N1,Leçon 9,Général,6/20,ったら,"Cannot find words for how, Extremely",Les mots ne peuvent exprimer,https://bunpro.jp/grammar_points/%E3%81%A3%E3%81%9F%E3%82%89-%E3%81%A8%E3%81%84%E3%81%A3%E3%81%9F%E3%82%89,https://bunpro.jp/fr/grammar_points/%E3%81%A3%E3%81%9F%E3%82%89-%E3%81%A8%E3%81%84%E3%81%A3%E3%81%9F%E3%82%89,https://bunpro.jp/ja/grammar_points/%E3%81%A3%E3%81%9F%E3%82%89-%E3%81%A8%E3%81%84%E3%81%A3%E3%81%9F%E3%82%89
N1,Leçon 9,Général,7/20,こととて,"Due to, Since, Because","En raison de, Puisque",https://bunpro.jp/grammar_points/%E3%81%93%E3%81%A8%E3%81%A8%E3%81%A6,https://bunpro.jp/fr/grammar_points/%E3%81%93%E3%81%A8%E3%81%A8%E3%81%A6,https://bunpro.jp/ja/grammar_points/%E3%81%93%E3%81%A8%E3%81%A8%E3%81%A6
N1,Leçon 9,Général,8/20,ずくめ,"Completely, Entirely, Nothing but","Complètement, Entièrement",https://bunpro.jp/grammar_points/%E3%81%9A%E3%81%8F%E3%82%81,https://bunpro.jp/fr/grammar_points/%E3%81%9A%E3%81%8F%E3%82%81,https://bunpro.jp/ja/grammar_points/%E3%81%9A%E3%81%8F%E3%82%81
N1,Leçon 9,Général,9/20,には及ばない②,"No match (for), Cannot compare",Pas à la hauteur de,https://bunpro.jp/grammar_points/%E3%81%AB%E3%81%AF%E5%8F%8A%E3%81%B0%E3%81%AA%E3%81%84%E2%91%A1,https://bunpro.jp/fr/grammar_points/%E3%81%AB%E3%81%AF%E5%8F%8A%E3%81%B0%E3%81%AA%E3%81%84%E2%91%A1,https://bunpro.jp/ja/grammar_points/%E3%81%AB%E3%81%AF%E5%8F%8A%E3%81%B0%E3%81%AA%E3%81%84%E2%91%A1
N1,Leçon 9,Général,10/20,とは言うものの,"Although, Having said that","Bien que, Cela dit",https://bunpro.jp/grammar_points/%E3%81%A8%E3%81%AF%E8%A8%80%E3%81%86%E3%82%82%E3%81%AE%E3%81%AE,https://bunpro.jp/fr/grammar_points/%E3%81%A8%E3%81%AF%E8%A8%80%E3%81%86%E3%82%82%E3%81%AE%E3%81%AE,https://bunpro.jp/ja/grammar_points/%E3%81%A8%E3%81%AF%E8%A8%80%E3%81%86%E3%82%82%E3%81%AE%E3%81%AE
N1,Leçon 9,Général,11/20,が早いか,"As soon as, No sooner than","Dès que, Aussitôt que",https://bunpro.jp/grammar_points/%E3%81%8C%E6%97%A9%E3%81%84%E3%81%8B,https://bunpro.jp/fr/grammar_points/%E3%81%8C%E6%97%A9%E3%81%84%E3%81%8B,https://bunpro.jp/ja/grammar_points/%E3%81%8C%E6%97%A9%E3%81%84%E3%81%8B
N1,Leçon 9,Général,12/20,に難くない,"Not hard to, Easy to, Is obvious","Pas difficile de, Évident",https://bunpro.jp/grammar_points/%E3%81%AB%E9%9B%A3%E3%81%8F%E3%81%AA%E3%81%84,https://bunpro.jp/fr/grammar_points/%E3%81%AB%E9%9B%A3%E3%81%8F%E3%81%AA%E3%81%84,https://bunpro.jp/ja/grammar_points/%E3%81%AB%E9%9B%A3%E3%81%8F%E3%81%AA%E3%81%84
N1,Leçon 9,Général,13/20,ならいざ知らず,"Don't know about it, Maybe for",Je ne sais pas pour ~,https://bunpro.jp/grammar_points/%E3%81%AA%E3%82%89%E3%81%B0%E3%81%84%E3%81%96%E7%9F%A5%E3%82%89%E3%81%9A,https://bunpro.jp/fr/grammar_points/%E3%81%AA%E3%82%89%E3%81%B0%E3%81%84%E3%81%96%E7%9F%A5%E3%82%89%E3%81%9A,https://bunpro.jp/ja/grammar_points/%E3%81%AA%E3%82%89%E3%81%B0%E3%81%84%E3%81%96%E7%9F%A5%E3%82%89%E3%81%9A
N1,Leçon 9,Général,14/20,を禁じ得ない,"Cannot help feeling, Cannot hold back",Ne peut s'empêcher de ressentir,https://bunpro.jp/grammar_points/%E3%82%92%E7%A6%81%E3%81%98%E5%BE%97%E3%81%AA%E3%81%84,https://bunpro.jp/fr/grammar_points/%E3%82%92%E7%A6%81%E3%81%98%E5%BE%97%E3%81%AA%E3%81%84,https://bunpro.jp/ja/grammar_points/%E3%82%92%E7%A6%81%E3%81%98%E5%BE%97%E3%81%AA%E3%81%84
N1,Leçon 9,Général,15/20,に託けて,"In the name of, Under the guise of","Au nom de, Sous prétexte de",https://bunpro.jp/grammar_points/%E3%81%AB%E3%81%8B%E3%81%93%E3%81%A4%E3%81%91%E3%81%A6,https://bunpro.jp/fr/grammar_points/%E3%81%AB%E3%81%8B%E3%81%93%E3%81%A4%E3%81%91%E3%81%A6,https://bunpro.jp/ja/grammar_points/%E3%81%AB%E3%81%8B%E3%81%93%E3%81%A4%E3%81%91%E3%81%A6
N1,Leçon 9,Général,16/20,様によっては,Depending on the way,Selon la façon dont,https://bunpro.jp/grammar_points/%E3%82%88%E3%81%86%E3%81%AB%E3%82%88%E3%81%A3%E3%81%A6%E3%81%AF,https://bunpro.jp/fr/grammar_points/%E3%82%88%E3%81%86%E3%81%AB%E3%82%88%E3%81%A3%E3%81%A6%E3%81%AF,https://bunpro.jp/ja/grammar_points/%E3%82%88%E3%81%86%E3%81%AB%E3%82%88%E3%81%A3%E3%81%A6%E3%81%AF
N1,Leçon 9,Général,17/20,べくもない,"No hope, There is no way","Aucun espoir, Impossible",https://bunpro.jp/grammar_points/%E3%81%B9%E3%81%8F%E3%82%82%E3%81%AA%E3%81%84,https://bunpro.jp/fr/grammar_points/%E3%81%B9%E3%81%8F%E3%82%82%E3%81%AA%E3%81%84,https://bunpro.jp/ja/grammar_points/%E3%81%B9%E3%81%8F%E3%82%82%E3%81%AA%E3%81%84
N1,Leçon 9,Général,18/20,と来たら②,"For…(is the best), Concerning",Pour ~ (c'est le meilleur),https://bunpro.jp/grammar_points/%E3%81%A8%E3%81%8D%E3%81%9F%E3%82%892,https://bunpro.jp/fr/grammar_points/%E3%81%A8%E3%81%8D%E3%81%9F%E3%82%892,https://bunpro.jp/ja/grammar_points/%E3%81%A8%E3%81%8D%E3%81%9F%E3%82%892
N1,Leçon 9,Général,19/20,ものとして,"Assuming, Supposing, As",En supposant que,https://bunpro.jp/grammar_points/%E3%82%82%E3%81%AE%E3%81%A8%E3%81%97%E3%81%A6,https://bunpro.jp/fr/grammar_points/%E3%82%82%E3%81%AE%E3%81%A8%E3%81%97%E3%81%A6,https://bunpro.jp/ja/grammar_points/%E3%82%82%E3%81%AE%E3%81%A8%E3%81%97%E3%81%A6
N1,Leçon 9,Général,20/20,を前提に,On the premise of,Sur la prémisse de,https://bunpro.jp/grammar_points/%E3%82%92%E5%89%8D%E6%8F%90%E3%81%AB,https://bunpro.jp/fr/grammar_points/%E3%82%92%E5%89%8D%E6%8F%90%E3%81%AB,https://bunpro.jp/ja/grammar_points/%E3%82%92%E5%89%8D%E6%8F%90%E3%81%AB
N1,Leçon 10,Général,1/22,ずにはすまない,"Won't get away without, Have to",Ne peut pas s'en sortir sans,https://bunpro.jp/grammar_points/%E3%81%9A%E3%81%AB%E3%81%AF%E3%81%99%E3%81%BE%E3%81%AA%E3%81%84,https://bunpro.jp/fr/grammar_points/%E3%81%9A%E3%81%AB%E3%81%AF%E3%81%99%E3%81%BE%E3%81%AA%E3%81%84,https://bunpro.jp/ja/grammar_points/%E3%81%9A%E3%81%AB%E3%81%AF%E3%81%99%E3%81%BE%E3%81%AA%E3%81%84
N1,Leçon 10,Général,2/22,に堪えない,"Cannot bear to, Cannot stand to",Ne peut pas supporter de,https://bunpro.jp/grammar_points/%E3%81%AB%E5%A0%AA%E3%81%88%E3%81%AA%E3%81%84,https://bunpro.jp/fr/grammar_points/%E3%81%AB%E5%A0%AA%E3%81%88%E3%81%AA%E3%81%84,https://bunpro.jp/ja/grammar_points/%E3%81%AB%E5%A0%AA%E3%81%88%E3%81%AA%E3%81%84
N1,Leçon 10,Général,3/22,始末だ,"Ends up, In the end (unfortunately)","Finit par, En fin de compte",https://bunpro.jp/grammar_points/%E5%A7%8B%E6%9C%AB%E3%81%A0,https://bunpro.jp/fr/grammar_points/%E5%A7%8B%E6%9C%AB%E3%81%A0,https://bunpro.jp/ja/grammar_points/%E5%A7%8B%E6%9C%AB%E3%81%A0
N1,Leçon 10,Général,4/22,ものなら②,"If you were to do, Should there be",Si vous deviez faire,https://bunpro.jp/grammar_points/%E3%82%82%E3%81%AE%E3%81%AA%E3%82%89%E2%91%A1,https://bunpro.jp/fr/grammar_points/%E3%82%82%E3%81%AE%E3%81%AA%E3%82%89%E2%91%A1,https://bunpro.jp/ja/grammar_points/%E3%82%82%E3%81%AE%E3%81%AA%E3%82%89%E2%91%A1
N1,Leçon 10,Général,5/22,に引き換え,"In stark contrast, On the other hand",En net contraste avec,https://bunpro.jp/grammar_points/%E3%81%AB%E3%81%B2%E3%81%8D%E3%81%8B%E3%81%88,https://bunpro.jp/fr/grammar_points/%E3%81%AB%E3%81%B2%E3%81%8D%E3%81%8B%E3%81%88,https://bunpro.jp/ja/grammar_points/%E3%81%AB%E3%81%B2%E3%81%8D%E3%81%8B%E3%81%88
N1,Leçon 10,Général,6/22,それまでだ,"If… then it is all in vain, It's done",Si ~ alors tout est perdu,https://bunpro.jp/grammar_points/%E3%81%9D%E3%82%8C%E3%81%BE%E3%81%A7%E3%81%A0,https://bunpro.jp/fr/grammar_points/%E3%81%9D%E3%82%8C%E3%81%BE%E3%81%A7%E3%81%A0,https://bunpro.jp/ja/grammar_points/%E3%81%9D%E3%82%8C%E3%81%BE%E3%81%A7%E3%81%A0
N1,Leçon 10,Général,7/22,と言おうか,"How to put it, How shall I put it","Comment dire, Comment formuler",https://bunpro.jp/grammar_points/%E3%81%A8%E3%81%84%E3%81%8A%E3%81%86%E3%81%8B,https://bunpro.jp/fr/grammar_points/%E3%81%A8%E3%81%84%E3%81%8A%E3%81%86%E3%81%8B,https://bunpro.jp/ja/grammar_points/%E3%81%A8%E3%81%84%E3%81%8A%E3%81%86%E3%81%8B
N1,Leçon 10,Général,8/22,ずには措かない,"Will definitely, Will certainly",Fera certainement,https://bunpro.jp/grammar_points/%E3%81%9A%E3%81%AB%E3%81%AF%E3%81%8A%E3%81%8B%E3%81%AA%E3%81%84,https://bunpro.jp/fr/grammar_points/%E3%81%9A%E3%81%AB%E3%81%AF%E3%81%8A%E3%81%8B%E3%81%AA%E3%81%84,https://bunpro.jp/ja/grammar_points/%E3%81%9A%E3%81%AB%E3%81%AF%E3%81%8A%E3%81%8B%E3%81%AA%E3%81%84
N1,Leçon 10,Général,9/22,を限りに,"As of (the end of), From",À compter de la fin de,https://bunpro.jp/grammar_points/%E3%82%92%E9%99%90%E3%82%8A%E3%81%AB,https://bunpro.jp/fr/grammar_points/%E3%82%92%E9%99%90%E3%82%8A%E3%81%AB,https://bunpro.jp/ja/grammar_points/%E3%82%92%E9%99%90%E3%82%8A%E3%81%AB
N1,Leçon 10,Général,10/22,ては叶わない,"It's unbearable when, I can't stand it",C'est insupportable quand,https://bunpro.jp/grammar_points/%E3%81%A6%E3%81%AF%E3%81%8B%E3%81%AA%E3%82%8F%E3%81%AA%E3%81%84,https://bunpro.jp/fr/grammar_points/%E3%81%A6%E3%81%AF%E3%81%8B%E3%81%AA%E3%82%8F%E3%81%AA%E3%81%84,https://bunpro.jp/ja/grammar_points/%E3%81%A6%E3%81%AF%E3%81%8B%E3%81%AA%E3%82%8F%E3%81%AA%E3%81%84
N1,Leçon 10,Général,11/22,旁,"Partly for, In addition to","En partie pour, En plus de",https://bunpro.jp/grammar_points/%E3%81%8B%E3%81%9F%E3%81%8C%E3%81%9F,https://bunpro.jp/fr/grammar_points/%E3%81%8B%E3%81%9F%E3%81%8C%E3%81%9F,https://bunpro.jp/ja/grammar_points/%E3%81%8B%E3%81%9F%E3%81%8C%E3%81%9F
N1,Leçon 10,Général,12/22,を余儀なくさせる,"Force to, Compel","Forcer à, Contraindre",https://bunpro.jp/grammar_points/%E3%82%92%E4%BD%99%E5%84%80%E3%81%AA%E3%81%8F%E3%81%95%E3%81%9B%E3%82%8B,https://bunpro.jp/fr/grammar_points/%E3%82%92%E4%BD%99%E5%84%80%E3%81%AA%E3%81%8F%E3%81%95%E3%81%9B%E3%82%8B,https://bunpro.jp/ja/grammar_points/%E3%82%92%E4%BD%99%E5%84%80%E3%81%AA%E3%81%8F%E3%81%95%E3%81%9B%E3%82%8B
N1,Leçon 10,Général,13/22,てやる,"Just wait and see, To do a favor",Attendez de voir,https://bunpro.jp/grammar_points/%E3%81%A6%E3%82%84%E3%82%8B,https://bunpro.jp/fr/grammar_points/%E3%81%A6%E3%82%84%E3%82%8B,https://bunpro.jp/ja/grammar_points/%E3%81%A6%E3%82%84%E3%82%8B
N1,Leçon 10,Général,14/22,ただ～のみ,"Nothing but, Only, All that remains","Rien que, Seulement",https://bunpro.jp/grammar_points/%E3%81%9F%E3%81%A0-%E3%81%AE%E3%81%BF,https://bunpro.jp/fr/grammar_points/%E3%81%9F%E3%81%A0-%E3%81%AE%E3%81%BF,https://bunpro.jp/ja/grammar_points/%E3%81%9F%E3%81%A0-%E3%81%AE%E3%81%BF
N1,Leçon 10,Général,15/22,ものとする,"Shall, To assume, To suppose","Doit, Supposer que",https://bunpro.jp/grammar_points/%E3%82%82%E3%81%AE%E3%81%A8%E3%81%99%E3%82%8B,https://bunpro.jp/fr/grammar_points/%E3%82%82%E3%81%AE%E3%81%A8%E3%81%99%E3%82%8B,https://bunpro.jp/ja/grammar_points/%E3%82%82%E3%81%AE%E3%81%A8%E3%81%99%E3%82%8B
N1,Leçon 10,Général,16/22,との,"That, To","Que, À",https://bunpro.jp/grammar_points/%E3%81%A8%E3%81%AE,https://bunpro.jp/fr/grammar_points/%E3%81%A8%E3%81%AE,https://bunpro.jp/ja/grammar_points/%E3%81%A8%E3%81%AE
N1,Leçon 10,Général,17/22,以前,"Before, Not even, Far from","Avant, Même pas, Loin de",https://bunpro.jp/grammar_points/%E4%BB%A5%E5%89%8D,https://bunpro.jp/fr/grammar_points/%E4%BB%A5%E5%89%8D,https://bunpro.jp/ja/grammar_points/%E4%BB%A5%E5%89%8D
N1,Leçon 10,Général,18/22,ともあろう,"Of all people, Such","De toutes personnes, Un tel",https://bunpro.jp/grammar_points/%E3%81%A8%E3%82%82%E3%81%82%E3%82%8D%E3%81%86,https://bunpro.jp/fr/grammar_points/%E3%81%A8%E3%82%82%E3%81%82%E3%82%8D%E3%81%86,https://bunpro.jp/ja/grammar_points/%E3%81%A8%E3%82%82%E3%81%82%E3%82%8D%E3%81%86
N1,Leçon 10,Général,19/22,こそすれ～ない,"And certainly not, Although",Certes... mais certainement pas,https://bunpro.jp/grammar_points/%E3%81%93%E3%81%9D%E3%81%99%E3%82%8C-%E3%81%AA%E3%81%84,https://bunpro.jp/fr/grammar_points/%E3%81%93%E3%81%9D%E3%81%99%E3%82%8C-%E3%81%AA%E3%81%84,https://bunpro.jp/ja/grammar_points/%E3%81%93%E3%81%9D%E3%81%99%E3%82%8C-%E3%81%AA%E3%81%84
N1,Leçon 10,Général,20/22,並み,"As, On par with, Worthy of","Aussi bon que, À la hauteur de",https://bunpro.jp/grammar_points/%E4%B8%A6%E3%81%BF,https://bunpro.jp/fr/grammar_points/%E4%B8%A6%E3%81%BF,https://bunpro.jp/ja/grammar_points/%E4%B8%A6%E3%81%BF
N1,Leçon 10,Général,21/22,に先駆けて,"First, Prior to, Pioneer","En premier, Avant, Pionnier",https://bunpro.jp/grammar_points/%E3%81%AB%E5%85%88%E9%A7%86%E3%81%91%E3%81%A6,https://bunpro.jp/fr/grammar_points/%E3%81%AB%E5%85%88%E9%A7%86%E3%81%91%E3%81%A6,https://bunpro.jp/ja/grammar_points/%E3%81%AB%E5%85%88%E9%A7%86%E3%81%91%E3%81%A6
N1,Leçon 10,Général,22/22,を機に,"Opportunity, Occasion",À l'occasion de,https://bunpro.jp/grammar_points/%E3%82%92%E6%A9%9F%E3%81%AB,https://bunpro.jp/fr/grammar_points/%E3%82%92%E6%A9%9F%E3%81%AB,https://bunpro.jp/ja/grammar_points/%E3%82%92%E6%A9%9F%E3%81%AB
Hors JLPT,Leçon 1,Particules et Expressions Informelles,1/13,ぞ,"Strong emphasis (toward anyone), !","Emphase forte (vers tous), !",https://bunpro.jp/grammar_points/%E3%81%9E,https://bunpro.jp/fr/grammar_points/%E3%81%9E,https://bunpro.jp/ja/grammar_points/%E3%81%9E
Hors JLPT,Leçon 1,Particules et Expressions Informelles,2/13,ぜ,"Strong emphasis (friendly or familiar), !","Emphase forte (familier), !",https://bunpro.jp/grammar_points/%E3%81%9C,https://bunpro.jp/fr/grammar_points/%E3%81%9C,https://bunpro.jp/ja/grammar_points/%E3%81%9C
Hors JLPT,Leçon 1,Particules et Expressions Informelles,3/13,わ,"You know?, Ever so, Oh how I ever (emphasis)","Tu sais, Vraiment (emphase)",https://bunpro.jp/grammar_points/%E3%82%8F,https://bunpro.jp/fr/grammar_points/%E3%82%8F,https://bunpro.jp/ja/grammar_points/%E3%82%8F
Hors JLPT,Leçon 1,Particules et Expressions Informelles,4/13,い,"So?, Well? (friendly or familiar)",Vraiment ? Eh bien ? (familier),https://bunpro.jp/grammar_points/%E3%81%84,https://bunpro.jp/fr/grammar_points/%E3%81%84,https://bunpro.jp/ja/grammar_points/%E3%81%84
Hors JLPT,Leçon 1,Particules et Expressions Informelles,5/13,ん (Slang),Slang abbreviation,Abréviation argotique,https://bunpro.jp/grammar_points/%E3%82%93-slang,https://bunpro.jp/fr/grammar_points/%E3%82%93-slang,https://bunpro.jp/ja/grammar_points/%E3%82%93-slang
Hors JLPT,Leçon 1,Particules et Expressions Informelles,6/13,つ (Slang),"Called, Said that (slang abbreviation)","Dit, Appelé (abréviation argot)",https://bunpro.jp/grammar_points/%E3%81%A4-slang,https://bunpro.jp/fr/grammar_points/%E3%81%A4-slang,https://bunpro.jp/ja/grammar_points/%E3%81%A4-slang
Hors JLPT,Leçon 1,Particules et Expressions Informelles,7/13,やがる,"To have the nerve to, To have the gall to, To freaking","Avoir le culot de, Avoir l'audace de",https://bunpro.jp/grammar_points/%E3%82%84%E3%81%8C%E3%82%8B,https://bunpro.jp/fr/grammar_points/%E3%82%84%E3%81%8C%E3%82%8B,https://bunpro.jp/ja/grammar_points/%E3%82%84%E3%81%8C%E3%82%8B
Hors JLPT,Leçon 1,Particules et Expressions Informelles,8/13,がいい,"You should, It would be good to","Tu devrais, Ce serait bien de",https://bunpro.jp/grammar_points/%E3%81%8C%E3%81%84%E3%81%84,https://bunpro.jp/fr/grammar_points/%E3%81%8C%E3%81%84%E3%81%84,https://bunpro.jp/ja/grammar_points/%E3%81%8C%E3%81%84%E3%81%84
Hors JLPT,Leçon 1,Particules et Expressions Informelles,9/13,かろう,"Probably, Right? (classical)","Probablement, N'est-ce pas ? (classique)",https://bunpro.jp/grammar_points/%E3%81%8B%E3%82%8D%E3%81%86,https://bunpro.jp/fr/grammar_points/%E3%81%8B%E3%82%8D%E3%81%86,https://bunpro.jp/ja/grammar_points/%E3%81%8B%E3%82%8D%E3%81%86
Hors JLPT,Leçon 1,Particules et Expressions Informelles,10/13,やや,"A little bit, Marginally, Slightly","Un peu, Légèrement",https://bunpro.jp/grammar_points/%E3%82%84%E3%82%84,https://bunpro.jp/fr/grammar_points/%E3%82%84%E3%82%84,https://bunpro.jp/ja/grammar_points/%E3%82%84%E3%82%84
Hors JLPT,Leçon 1,Particules et Expressions Informelles,11/13,いずれも,"All (positive), None (negative), Both, Whatever","Tous, Aucun, Les deux, N'importe lequel",https://bunpro.jp/grammar_points/%E3%81%84%E3%81%9A%E3%82%8C%E3%82%82,https://bunpro.jp/fr/grammar_points/%E3%81%84%E3%81%9A%E3%82%8C%E3%82%82,https://bunpro.jp/ja/grammar_points/%E3%81%84%E3%81%9A%E3%82%8C%E3%82%82
Hors JLPT,Leçon 1,Particules et Expressions Informelles,12/13,あわよくば,"If luck is on my side, If possible, All going well","Si la chance est de mon côté, Si possible",https://bunpro.jp/grammar_points/%E3%81%82%E3%82%8F%E3%82%88%E3%81%8F%E3%81%B0,https://bunpro.jp/fr/grammar_points/%E3%81%82%E3%82%8F%E3%82%88%E3%81%8F%E3%81%B0,https://bunpro.jp/ja/grammar_points/%E3%81%82%E3%82%8F%E3%82%88%E3%81%8F%E3%81%B0
Hors JLPT,Leçon 1,Particules et Expressions Informelles,13/13,むず,"Shall, Isn't it?, I wonder (classical)","Certes, N'est-ce pas ? (classique)",https://bunpro.jp/grammar_points/%E3%82%80%E3%81%9A,https://bunpro.jp/fr/grammar_points/%E3%82%80%E3%81%9A,https://bunpro.jp/ja/grammar_points/%E3%82%80%E3%81%9A
Hors JLPT,Leçon 2,関西弁 – Dialecte de Kansai,1/21,だ⇒や,"To be, Am, Are, Is (Kansai)",Être (dialecte Kansai),https://bunpro.jp/grammar_points/%E3%81%A0-kansai,https://bunpro.jp/fr/grammar_points/%E3%81%A0-kansai,https://bunpro.jp/ja/grammar_points/%E3%81%A0-kansai
Hors JLPT,Leçon 2,関西弁 – Dialecte de Kansai,2/21,よ⇒で・わ,"Emphasis (sentence ending, Kansai)",Emphase finale (Kansai),https://bunpro.jp/grammar_points/%E3%82%88-kansai,https://bunpro.jp/fr/grammar_points/%E3%82%88-kansai,https://bunpro.jp/ja/grammar_points/%E3%82%88-kansai
Hors JLPT,Leçon 2,関西弁 – Dialecte de Kansai,3/21,だよね・でしょう⇒やん,"Right?, Don't you think? (Kansai)",N'est-ce pas ? (Kansai),https://bunpro.jp/grammar_points/%E3%81%A0%E3%82%88%E3%81%AD-kansai,https://bunpro.jp/fr/grammar_points/%E3%81%A7%E3%81%97%E3%82%87%E3%81%86-kansai,https://bunpro.jp/ja/grammar_points/%E3%81%A0%E3%82%88%E3%81%AD-kansai
Hors JLPT,Leçon 2,関西弁 – Dialecte de Kansai,4/21,じゃないか⇒やんか,"Isn't it?, Doesn't it? (Kansai)",N'est-ce pas ? (Kansai),https://bunpro.jp/grammar_points/%E3%81%98%E3%82%83%E3%81%AA%E3%81%84%E3%81%8B-kansai,https://bunpro.jp/fr/grammar_points/%E3%81%A1%E3%81%8C%E3%81%86-kansai,https://bunpro.jp/ja/grammar_points/%E3%81%98%E3%82%83%E3%81%AA%E3%81%84%E3%81%8B-kansai
Hors JLPT,Leçon 2,関西弁 – Dialecte de Kansai,5/21,のだ⇒ねん たんだ⇒てん,Explanatory (Kansai),Explication (Kansai),https://bunpro.jp/grammar_points/%E3%81%AE%E3%81%A0-kansai,https://bunpro.jp/fr/grammar_points/%E3%81%AE%E3%81%A0-kansai,https://bunpro.jp/ja/grammar_points/%E3%81%AE%E3%81%A0-kansai
Hors JLPT,Leçon 2,関西弁 – Dialecte de Kansai,6/21,ね⇒な,"Right?, Okay?, Isn't it? (Kansai)",N'est-ce pas ? (Kansai),https://bunpro.jp/grammar_points/%E3%81%AD-kansai,https://bunpro.jp/fr/grammar_points/%E3%81%AD-kansai,https://bunpro.jp/ja/grammar_points/%E3%81%AD-kansai
Hors JLPT,Leçon 2,関西弁 – Dialecte de Kansai,7/21,ない⇒へん なかった⇒へんかった,"Not, Will not, Did not (Kansai)","Pas, Ne fera pas (Kansai)",https://bunpro.jp/grammar_points/%E3%81%AA%E3%81%84-kansai,https://bunpro.jp/fr/grammar_points/%E3%81%AA%E3%81%84-kansai,https://bunpro.jp/ja/grammar_points/%E3%81%AA%E3%81%84-kansai
Hors JLPT,Leçon 2,関西弁 – Dialecte de Kansai,8/21,じゃない⇒ちゃう,"To be not, Am not (Kansai)",N'est pas (Kansai),https://bunpro.jp/grammar_points/%E3%81%98%E3%82%83%E3%81%AA%E3%81%84-kansai,https://bunpro.jp/fr/grammar_points/%E3%81%98%E3%82%83%E3%81%AA%E3%81%84-kansai,https://bunpro.jp/ja/grammar_points/%E3%81%98%E3%82%83%E3%81%AA%E3%81%84-kansai
Hors JLPT,Leçon 2,関西弁 – Dialecte de Kansai,9/21,くない⇒ない,Is not (adj. Kansai),N'est pas (adjectif Kansai),https://bunpro.jp/grammar_points/%E3%81%8F%E3%81%AA%E3%81%84-kansai,https://bunpro.jp/fr/grammar_points/%E3%81%8F%E3%81%AA%E3%81%84-kansai,https://bunpro.jp/ja/grammar_points/%E3%81%8F%E3%81%AA%E3%81%84-kansai
Hors JLPT,Leçon 2,関西弁 – Dialecte de Kansai,10/21,ている⇒とる,"Does, Is doing (Kansai)","Fait, Est en train de (Kansai)",https://bunpro.jp/grammar_points/%E3%81%A6%E3%81%84%E3%82%8B-kansai,https://bunpro.jp/fr/grammar_points/%E3%81%A6%E3%81%84%E3%82%8B-kansai,https://bunpro.jp/ja/grammar_points/%E3%81%A6%E3%81%84%E3%82%8B-kansai
Hors JLPT,Leçon 2,関西弁 – Dialecte de Kansai,11/21,ているの⇒てん ているん⇒てん,Explanatory (Kansai),Explication progressive (Kansai),https://bunpro.jp/grammar_points/%E3%81%A6%E3%81%84%E3%82%8B%E3%81%AE-kansai,https://bunpro.jp/fr/grammar_points/%E3%81%A6%E3%81%84%E3%82%8B%E3%81%AE-kansai,https://bunpro.jp/ja/grammar_points/%E3%81%A6%E3%81%84%E3%82%8B%E3%81%AE-kansai
Hors JLPT,Leçon 2,関西弁 – Dialecte de Kansai,12/21,とく・たる・てまう,"To do in advance, To do for, Unfortunately do (Kansai)","Faire à l'avance, Faire pour, Malheureusement (Kansai)",https://bunpro.jp/grammar_points/%E3%81%A6%E3%81%8A%E3%81%8F-kansai,https://bunpro.jp/fr/grammar_points/%E3%81%A6%E3%81%8A%E3%81%8F-kansai,https://bunpro.jp/ja/grammar_points/%E3%81%A6%E3%81%8A%E3%81%8F-kansai
Hors JLPT,Leçon 2,関西弁 – Dialecte de Kansai,13/21,命令形⇒ます形＋長音,Do (something)! (imperative Kansai),Fais ~ ! (impératif Kansai),https://bunpro.jp/grammar_points/%E5%91%BD%E4%BB%A4%E5%BD%A2-kansai,https://bunpro.jp/fr/grammar_points/%E5%91%BD%E4%BB%A4%E5%BD%A2-kansai,https://bunpro.jp/ja/grammar_points/%E5%91%BD%E4%BB%A4%E5%BD%A2-kansai
Hors JLPT,Leçon 2,関西弁 – Dialecte de Kansai,14/21,ないで⇒んといて,"Don't (please), Please do not (Kansai)",Ne fais pas s'il te plaît (Kansai),https://bunpro.jp/grammar_points/%E3%81%AA%E3%81%84%E3%81%A7-kansai,https://bunpro.jp/fr/grammar_points/%E3%81%AA%E3%81%84%E3%81%A7-kansai,https://bunpro.jp/ja/grammar_points/%E3%81%AA%E3%81%84%E3%81%A7-kansai
Hors JLPT,Leçon 2,関西弁 – Dialecte de Kansai,15/21,辞書形＋な⇒ます形＋な,"Do not, Don't (prohibitive Kansai)",Ne fais pas (prohibitif Kansai),https://bunpro.jp/grammar_points/%E8%BE%9E%E6%9B%B8%E5%BD%A2-kansai,https://bunpro.jp/fr/grammar_points/%E3%81%AA-kansai,https://bunpro.jp/ja/grammar_points/%E8%BE%9E%E6%9B%B8%E5%BD%A2-kansai
Hors JLPT,Leçon 2,関西弁 – Dialecte de Kansai,16/21,ないで・な⇒なさんな,"(Please) do not, Don't (prohibitive Kansai)",Ne fais pas (prohibitif formel Kansai),https://bunpro.jp/grammar_points/%E3%81%AA%E3%81%84%E3%81%A7%E3%83%BB%E3%81%AA-kansai,https://bunpro.jp/fr/grammar_points/%E3%81%AA%E3%81%84%E3%81%A7-kansai,https://bunpro.jp/ja/grammar_points/%E3%81%AA%E3%81%84%E3%81%A7%E3%83%BB%E3%81%AA-kansai
Hors JLPT,Leçon 2,関西弁 – Dialecte de Kansai,17/21,Verb よう・う⇒Verb よ・お,"Will, Let's, Shall? (Kansai volitional)","Allons, Vouloir (volitif Kansai)",https://bunpro.jp/grammar_points/%E3%82%88%E3%81%86-kansai,https://bunpro.jp/fr/grammar_points/%E3%82%88%E3%81%86-%E3%81%8A%E3%81%86-kansai,https://bunpro.jp/ja/grammar_points/%E3%82%88%E3%81%86-kansai
Hors JLPT,Leçon 2,関西弁 – Dialecte de Kansai,18/21,と思う⇒おもう,Think (that) (Kansai),Penser (que) (Kansai),https://bunpro.jp/grammar_points/%E3%81%A8%E6%80%9D%E3%81%86-kansai,https://bunpro.jp/fr/grammar_points/%E3%81%A8%E3%81%8A%E3%82%82%E3%81%86-kansai,https://bunpro.jp/ja/grammar_points/%E3%81%A8%E6%80%9D%E3%81%86-kansai
Hors JLPT,Leçon 2,関西弁 – Dialecte de Kansai,19/21,させる⇒さす,To make someone do (causative Kansai),Faire faire (causatif Kansai),https://bunpro.jp/grammar_points/%E3%81%95%E3%81%9B%E3%82%8B-kansai,https://bunpro.jp/fr/grammar_points/%E3%81%95%E3%81%9B%E3%82%8B-kansai,https://bunpro.jp/ja/grammar_points/%E3%81%95%E3%81%9B%E3%82%8B-kansai
Hors JLPT,Leçon 2,関西弁 – Dialecte de Kansai,20/21,[い] Adjective - [く] change,"And (adverb, Kansai)","Et (adverbe, Kansai)",https://bunpro.jp/grammar_points/%E3%81%84-adj-kansai,https://bunpro.jp/fr/grammar_points/%E3%81%84adjective%E3%81%8F-kansai,https://bunpro.jp/ja/grammar_points/%E3%81%84-adj-kansai
Hors JLPT,Leçon 2,関西弁 – Dialecte de Kansai,21/21,ないといけない⇒なあかん,"Have to, Must, Have no choice but to (Kansai)","Devoir, Il faut (Kansai)",https://bunpro.jp/grammar_points/%E3%81%AA%E3%81%84%E3%81%A8%E3%81%84%E3%81%91%E3%81%AA%E3%81%84-kansai,https://bunpro.jp/fr/grammar_points/%E3%81%AA%E3%81%84%E3%81%A8%E3%81%84%E3%81%91%E3%81%AA%E3%81%84-kansai,https://bunpro.jp/ja/grammar_points/%E3%81%AA%E3%81%84%E3%81%A8%E3%81%84%E3%81%91%E3%81%AA%E3%81%84-kansai
